Index,Prompt,Num_Words,Num_Sentences,Num_Tokens,Num_Adjectives,Num_Nouns,Num_Verbs,Num_Adverbs,Human_Ratings
0,A baker pulling freshly baked bread out of an oven in a bakery.,14,1,14,0,4,2,1,"{'DALLE_3': [5, 5, 5], 'DeepFloyd_I_XL_v1': [4, 3, 3], 'Midjourney_6': [3, 3, 3], 'SDXL_2_1': [3, 2, 2], 'SDXL_Base': [3, 3, 2], 'SDXL_Turbo': [2, 4, 3]}"
1,A photographer capturing a fleeting moment in a vibrant city street.,12,1,13,2,4,1,0,"{'DALLE_3': [4, 5, 5], 'DeepFloyd_I_XL_v1': [3, 4, 3], 'Midjourney_6': [4, 5, 5], 'SDXL_2_1': [3, 4, 3], 'SDXL_Base': [4, 5, 5], 'SDXL_Turbo': [3, 5, 5]}"
2,A gardener tending to flowers in a greenhouse filled with sunlight.,12,1,12,0,4,2,0,"{'DALLE_3': [5, 5, 5], 'DeepFloyd_I_XL_v1': [5, 5, 5], 'Midjourney_6': [5, 5, 5], 'SDXL_2_1': [4, 4, 4], 'SDXL_Base': [4, 5, 5], 'SDXL_Turbo': [4, 5, 5]}"
3,A man shaping clay on a wheel in a cluttered workshop.,12,1,13,1,4,1,0,"{'DALLE_3': [5, 5, 5], 'DeepFloyd_I_XL_v1': [4, 4, 3], 'Midjourney_6': [3, 4, 4], 'SDXL_2_1': [2, 4, 3], 'SDXL_Base': [3, 4, 3], 'SDXL_Turbo': [3, 5, 5]}"
4,"A crystal tree shimmering under a twilit, starry sky.",11,1,13,1,4,1,0,"{'DALLE_3': [4, 5, 5], 'DeepFloyd_I_XL_v1': [3, 2, 2], 'Midjourney_6': [3, 3, 2], 'SDXL_2_1': [4, 4, 3], 'SDXL_Base': [5, 5, 5], 'SDXL_Turbo': [4, 4, 3]}"
5,"A dragon perched majestically on a craggy, smoke-wreathed mountain.",11,1,16,1,3,1,1,"{'DALLE_3': [4, 5, 5], 'DeepFloyd_I_XL_v1': [3, 4, 3], 'Midjourney_6': [3, 5, 5], 'SDXL_2_1': [2, 3, 5], 'SDXL_Base': [3, 4, 3], 'SDXL_Turbo': [3, 5, 5]}"
6,"A fairy dancing lightly atop a blooming, moonlit flower.",11,1,12,0,4,1,1,"{'DALLE_3': [4, 5, 5], 'DeepFloyd_I_XL_v1': [2, 2, 2], 'Midjourney_6': [4, 5, 5], 'SDXL_2_1': [3, 2, 2], 'SDXL_Base': [3, 4, 4], 'SDXL_Turbo': [3, 4, 3]}"
7,"A phoenix soaring above a city, aglow with golden flames.",12,1,13,1,3,1,0,"{'DALLE_3': [5, 5, 5], 'DeepFloyd_I_XL_v1': [4, 5, 5], 'Midjourney_6': [4, 5, 5], 'SDXL_2_1': [3, 4, 4], 'SDXL_Base': [4, 4, 3], 'SDXL_Turbo': [3, 4, 3]}"
8,"A ghostly ship sailing on a fog-shrouded, moonlit sea.",11,1,16,3,1,1,1,"{'DALLE_3': [4, 5, 5], 'DeepFloyd_I_XL_v1': [4, 4, 3], 'Midjourney_6': [3, 5, 5], 'SDXL_2_1': [3, 3, 2], 'SDXL_Base': [4, 5, 5], 'SDXL_Turbo': [3, 4, 4]}"
9,"A sorcerer's hat casting shadows over a cluttered, enchanted desk.",13,1,16,2,3,1,0,"{'DALLE_3': [4, 5, 3], 'DeepFloyd_I_XL_v1': [1, 2, 1], 'Midjourney_6': [4, 5, 5], 'SDXL_2_1': [2, 2, 3], 'SDXL_Base': [3, 4, 5], 'SDXL_Turbo': [3, 4, 3]}"
10,A pair of winged boots resting on a cloud in the sky.,13,1,13,1,4,1,0,"{'DALLE_3': [4, 5, 5], 'DeepFloyd_I_XL_v1': [4, 4, 3], 'Midjourney_6': [4, 5, 5], 'SDXL_2_1': [2, 2, 1], 'SDXL_Base': [5, 5, 5], 'SDXL_Turbo': [5, 5, 5]}"
11,A mirror is speaking in a dimly lit room.,10,1,11,1,3,2,0,"{'DALLE_3': [2, 1, 1], 'DeepFloyd_I_XL_v1': [3, 1, 1], 'Midjourney_6': [2, 2, 1], 'SDXL_2_1': [3, 3, 2], 'SDXL_Base': [3, 1, 1], 'SDXL_Turbo': [2, 2, 1]}"
12,An ice castle standing proudly in the midst of a blizzard.,12,1,12,0,4,1,1,"{'DALLE_3': [3, 5, 5], 'DeepFloyd_I_XL_v1': [3, 2, 1], 'Midjourney_6': [4, 3, 3], 'SDXL_2_1': [3, 3, 3], 'SDXL_Base': [4, 3, 3], 'SDXL_Turbo': [4, 5, 5]}"
13,A potion bubbling brightly inside a cauldron in a shadowy nook.,12,1,15,1,3,1,1,"{'DALLE_3': [4, 5, 5], 'DeepFloyd_I_XL_v1': [4, 5, 5], 'Midjourney_6': [4, 4, 4], 'SDXL_2_1': [3, 3, 2], 'SDXL_Base': [2, 4, 4], 'SDXL_Turbo': [2, 4, 3]}"
14,A book with glowing runes floating beside a mystic crystal.,11,1,12,2,3,1,0,"{'DALLE_3': [3, 3, 2], 'DeepFloyd_I_XL_v1': [2, 2, 2], 'Midjourney_6': [3, 3, 3], 'SDXL_2_1': [2, 2, 2], 'SDXL_Base': [2, 3, 3], 'SDXL_Turbo': [2, 2, 2]}"
15,A celestial comet racing across a star-studded sky.,9,1,11,2,2,1,0,"{'DALLE_3': [4, 5, 5], 'DeepFloyd_I_XL_v1': [3, 5, 5], 'Midjourney_6': [4, 5, 5], 'SDXL_2_1': [3, 5, 5], 'SDXL_Base': [3, 5, 5], 'SDXL_Turbo': [3, 5, 5]}"
16,A mermaid singing softly near a coral throne undersea.,10,1,11,1,3,1,1,"{'DALLE_3': [4, 3, 3], 'DeepFloyd_I_XL_v1': [2, 3, 3], 'Midjourney_6': [3, 5, 5], 'SDXL_2_1': [3, 3, 2], 'SDXL_Base': [3, 4, 3], 'SDXL_Turbo': [3, 2, 2]}"
17,"A goblin trading shiny trinkets in a hidden, mystical market.",12,1,13,2,5,0,0,"{'DALLE_3': [4, 4, 4], 'DeepFloyd_I_XL_v1': [2, 2, 2], 'Midjourney_6': [4, 5, 5], 'SDXL_2_1': [3, 1, 1], 'SDXL_Base': [3, 3, 2], 'SDXL_Turbo': [3, 3, 3]}"
18,"A unicorn grazing peacefully in a radiant, rainbow-lit glade.",11,1,14,2,3,0,1,"{'DALLE_3': [4, 5, 5], 'DeepFloyd_I_XL_v1': [3, 3, 2], 'Midjourney_6': [4, 5, 5], 'SDXL_2_1': [3, 3, 2], 'SDXL_Base': [3, 3, 2], 'SDXL_Turbo': [3, 3, 2]}"
19,A magical quill writing tales by itself on an empty scroll.,12,1,12,2,3,1,0,"{'DALLE_3': [4, 5, 5], 'DeepFloyd_I_XL_v1': [4, 5, 5], 'Midjourney_6': [3, 4, 4], 'SDXL_2_1': [1, 1, 1], 'SDXL_Base': [4, 5, 5], 'SDXL_Turbo': [2, 4, 4]}"
20,A lantern casting dim light in a haunted forest.,10,1,10,2,4,0,0,"{'DALLE_3': [5, 5, 5], 'DeepFloyd_I_XL_v1': [4, 3, 3], 'Midjourney_6': [3, 3, 3], 'SDXL_2_1': [4, 3, 3], 'SDXL_Base': [4, 3, 3], 'SDXL_Turbo': [4, 4, 4]}"
21,A cloak of invisibility draped over a chair in a secretive chamber.,13,1,15,1,4,1,0,"{'DALLE_3': [3, 4, 4], 'DeepFloyd_I_XL_v1': [4, 5, 5], 'Midjourney_6': [3, 4, 3], 'SDXL_2_1': [2, 4, 3], 'SDXL_Base': [3, 4, 4], 'SDXL_Turbo': [5, 5, 5]}"
22,A genie's lamp emitting wisps of smoke on a sandy dune.,13,1,15,1,5,1,0,"{'DALLE_3': [4, 5, 5], 'DeepFloyd_I_XL_v1': [3, 4, 3], 'Midjourney_6': [3, 5, 5], 'SDXL_2_1': [3, 3, 3], 'SDXL_Base': [4, 4, 4], 'SDXL_Turbo': [5, 3, 3]}"
23,An enchanted broom sweeping in a wizard's lofty chamber.,11,1,12,2,4,0,0,"{'DALLE_3': [5, 5, 5], 'DeepFloyd_I_XL_v1': [2, 3, 3], 'Midjourney_6': [3, 4, 3], 'SDXL_2_1': [1, 1, 1], 'SDXL_Base': [3, 5, 5], 'SDXL_Turbo': [2, 2, 2]}"
24,A cat pounces on a rolling ball.,8,1,9,0,3,1,0,"{'DALLE_3': [4, 5, 5], 'DeepFloyd_I_XL_v1': [5, 4, 4], 'Midjourney_6': [5, 5, 5], 'SDXL_2_1': [3, 3, 3], 'SDXL_Base': [4, 5, 5], 'SDXL_Turbo': [5, 5, 5]}"
25,A young man tastes a simmering soup.,8,1,9,1,2,2,0,"{'DALLE_3': [4, 4, 3], 'DeepFloyd_I_XL_v1': [4, 4, 3], 'Midjourney_6': [2, 4, 3], 'SDXL_2_1': [1, 2, 2], 'SDXL_Base': [3, 3, 3], 'SDXL_Turbo': [2, 3, 3]}"
26,A girl dabs paint on a mural.,8,1,9,1,3,0,0,"{'DALLE_3': [4, 5, 5], 'DeepFloyd_I_XL_v1': [4, 4, 3], 'Midjourney_6': [4, 5, 5], 'SDXL_2_1': [4, 4, 4], 'SDXL_Base': [4, 3, 3], 'SDXL_Turbo': [3, 3, 3]}"
27,A dancer twirls in a spotlight.,7,1,8,0,3,0,0,"{'DALLE_3': [5, 5, 5], 'DeepFloyd_I_XL_v1': [3, 4, 4], 'Midjourney_6': [4, 5, 5], 'SDXL_2_1': [3, 3, 2], 'SDXL_Base': [4, 5, 5], 'SDXL_Turbo': [5, 5, 5]}"
28,A boy leaps over a hurdle.,7,1,7,0,2,1,0,"{'DALLE_3': [4, 5, 5], 'DeepFloyd_I_XL_v1': [4, 5, 5], 'Midjourney_6': [4, 3, 3], 'SDXL_2_1': [2, 3, 3], 'SDXL_Base': [2, 5, 5], 'SDXL_Turbo': [2, 5, 5]}"
29,An old person snips a blooming rose.,8,1,9,1,2,2,0,"{'DALLE_3': [5, 5, 5], 'DeepFloyd_I_XL_v1': [3, 5, 5], 'Midjourney_6': [4, 5, 5], 'SDXL_2_1': [2, 4, 3], 'SDXL_Base': [4, 5, 5], 'SDXL_Turbo': [1, 4, 3]}"
30,A man kneads dough on a table.,8,1,9,0,2,1,1,"{'DALLE_3': [5, 5, 5], 'DeepFloyd_I_XL_v1': [2, 4, 4], 'Midjourney_6': [5, 5, 5], 'SDXL_2_1': [2, 3, 3], 'SDXL_Base': [3, 5, 5], 'SDXL_Turbo': [2, 3, 3]}"
31,A person types on an old typewriter.,8,1,8,1,3,0,0,"{'DALLE_3': [4, 5, 5], 'DeepFloyd_I_XL_v1': [3, 5, 4], 'Midjourney_6': [2, 5, 5], 'SDXL_2_1': [3, 1, 1], 'SDXL_Base': [3, 4, 4], 'SDXL_Turbo': [2, 4, 3]}"
32,A dog tunes a violin.,6,1,6,0,2,1,0,"{'DALLE_3': [2, 5, 5], 'DeepFloyd_I_XL_v1': [3, 3, 3], 'Midjourney_6': [4, 5, 5], 'SDXL_2_1': [3, 3, 3], 'SDXL_Base': [1, 5, 5], 'SDXL_Turbo': [4, 5, 5]}"
33,A woman examines a diamond.,6,1,6,0,2,1,0,"{'DALLE_3': [4, 5, 5], 'DeepFloyd_I_XL_v1': [2, 4, 4], 'Midjourney_6': [3, 5, 5], 'SDXL_2_1': [2, 4, 3], 'SDXL_Base': [2, 4, 4], 'SDXL_Turbo': [4, 5, 5]}"
34,A small cat waves a wand.,7,1,7,1,2,1,0,"{'DALLE_3': [5, 5, 5], 'DeepFloyd_I_XL_v1': [4, 3, 2], 'Midjourney_6': [3, 4, 3], 'SDXL_2_1': [2, 2, 2], 'SDXL_Base': [4, 4, 3], 'SDXL_Turbo': [4, 5, 5]}"
35,A boy spots a colorful bird.,7,1,7,2,2,0,0,"{'DALLE_3': [4, 5, 5], 'DeepFloyd_I_XL_v1': [4, 5, 5], 'Midjourney_6': [4, 5, 5], 'SDXL_2_1': [4, 5, 5], 'SDXL_Base': [2, 3, 3], 'SDXL_Turbo': [3, 3, 3]}"
36,A sailor hoists a sail.,6,1,7,0,2,1,0,"{'DALLE_3': [3, 4, 4], 'DeepFloyd_I_XL_v1': [4, 4, 3], 'Midjourney_6': [4, 3, 3], 'SDXL_2_1': [3, 3, 3], 'SDXL_Base': [4, 3, 3], 'SDXL_Turbo': [2, 5, 5]}"
37,A bird nocks an arrow.,6,1,7,0,2,1,0,"{'DALLE_3': [4, 4, 4], 'DeepFloyd_I_XL_v1': [2, 2, 2], 'Midjourney_6': [3, 2, 2], 'SDXL_2_1': [2, 2, 2], 'SDXL_Base': [3, 4, 4], 'SDXL_Turbo': [3, 3, 2]}"
38,A cat basking in the sunlight by a window.,10,1,10,0,4,0,0,"{'DALLE_3': [5, 5, 5], 'DeepFloyd_I_XL_v1': [4, 5, 5], 'Midjourney_6': [5, 5, 5], 'SDXL_2_1': [3, 5, 5], 'SDXL_Base': [4, 5, 5], 'SDXL_Turbo': [5, 5, 5]}"
39,A red bicycle parked against a brightly painted wall.,10,1,10,1,2,2,1,"{'DALLE_3': [5, 5, 5], 'DeepFloyd_I_XL_v1': [1, 3, 1], 'Midjourney_6': [5, 5, 5], 'SDXL_2_1': [1, 3, 1], 'SDXL_Base': [4, 5, 5], 'SDXL_Turbo': [5, 5, 5]}"
40,A teapot steaming gently on a rustic kitchen table.,10,1,10,1,3,1,1,"{'DALLE_3': [3, 5, 5], 'DeepFloyd_I_XL_v1': [4, 5, 5], 'Midjourney_6': [5, 5, 5], 'SDXL_2_1': [3, 3, 2], 'SDXL_Base': [4, 5, 5], 'SDXL_Turbo': [4, 5, 5]}"
41,Old boots resting on a muddy trail in the woods.,11,1,11,1,4,1,0,"{'DALLE_3': [5, 4, 3], 'DeepFloyd_I_XL_v1': [3, 5, 5], 'Midjourney_6': [5, 5, 5], 'SDXL_2_1': [3, 5, 5], 'SDXL_Base': [5, 5, 5], 'SDXL_Turbo': [5, 5, 5]}"
42,A yellow taxi waiting outside a modern glass building.,10,1,10,2,3,1,0,"{'DALLE_3': [5, 5, 5], 'DeepFloyd_I_XL_v1': [4, 5, 5], 'Midjourney_6': [5, 5, 5], 'SDXL_2_1': [4, 5, 5], 'SDXL_Base': [5, 5, 5], 'SDXL_Turbo': [5, 5, 5]}"
43,"An armchair with a knit blanket draped over it, next to a fireplace.",15,1,15,1,4,1,0,"{'DALLE_3': [5, 5, 2], 'DeepFloyd_I_XL_v1': [5, 5, 5], 'Midjourney_6': [5, 5, 4], 'SDXL_2_1': [5, 3, 3], 'SDXL_Base': [5, 4, 5], 'SDXL_Turbo': [4, 4, 2]}"
44,A colorful mural of a bird adorning a city alley.,11,1,12,1,4,1,0,"{'DALLE_3': [5, 5, 5], 'DeepFloyd_I_XL_v1': [4, 5, 5], 'Midjourney_6': [4, 5, 5], 'SDXL_2_1': [4, 5, 5], 'SDXL_Base': [5, 5, 5], 'SDXL_Turbo': [4, 5, 5]}"
45,An old lantern swaying from a tree branch in a foggy forest.,13,1,14,4,2,1,0,"{'DALLE_3': [4, 5, 5], 'DeepFloyd_I_XL_v1': [4, 5, 5], 'Midjourney_6': [4, 5, 5], 'SDXL_2_1': [3, 5, 5], 'SDXL_Base': [4, 5, 5], 'SDXL_Turbo': [4, 5, 5]}"
46,A garden path lined with glowing stones under a twilight sky.,12,1,12,2,3,2,0,"{'DALLE_3': [4, 3, 3], 'DeepFloyd_I_XL_v1': [5, 4, 3], 'Midjourney_6': [4, 5, 5], 'SDXL_2_1': [2, 2, 2], 'SDXL_Base': [2, 3, 2], 'SDXL_Turbo': [3, 5, 5]}"
47,A grand fountain surrounded by historic buildings in a town square.,12,1,12,2,4,1,0,"{'DALLE_3': [5, 5, 5], 'DeepFloyd_I_XL_v1': [3, 5, 5], 'Midjourney_6': [4, 5, 5], 'SDXL_2_1': [4, 5, 5], 'SDXL_Base': [3, 5, 5], 'SDXL_Turbo': [3, 5, 5]}"
48,A cavern lit by shafts of light revealing hidden underground pools.,12,1,14,3,4,1,0,"{'DALLE_3': [5, 5, 5], 'DeepFloyd_I_XL_v1': [3, 3, 2], 'Midjourney_6': [4, 5, 5], 'SDXL_2_1': [3, 5, 5], 'SDXL_Base': [5, 5, 5], 'SDXL_Turbo': [4, 5, 5]}"
49,Boats laden with fruits floating on a river under a dual sunset.,13,1,13,1,4,2,0,"{'DALLE_3': [4, 5, 5], 'DeepFloyd_I_XL_v1': [3, 2, 2], 'Midjourney_6': [2, 4, 4], 'SDXL_2_1': [1, 3, 2], 'SDXL_Base': [2, 2, 3], 'SDXL_Turbo': [2, 3, 2]}"
50,Shelves carved from tree branches in a mystical library.,10,1,10,2,3,1,0,"{'DALLE_3': [4, 5, 5], 'DeepFloyd_I_XL_v1': [3, 4, 4], 'Midjourney_6': [4, 4, 3], 'SDXL_2_1': [3, 3, 3], 'SDXL_Base': [4, 5, 5], 'SDXL_Turbo': [5, 5, 5]}"
51,"Ancient buildings juxtaposed with sleek, futuristic transports.",9,1,11,3,2,1,0,"{'DALLE_3': [5, 5, 5], 'DeepFloyd_I_XL_v1': [4, 5, 5], 'Midjourney_6': [4, 5, 5], 'SDXL_2_1': [1, 3, 3], 'SDXL_Base': [5, 5, 5], 'SDXL_Turbo': [4, 3, 2]}"
52,"A village covered in snow, illuminated by the northern lights.",12,1,12,1,3,2,0,"{'DALLE_3': [5, 5, 5], 'DeepFloyd_I_XL_v1': [4, 5, 5], 'Midjourney_6': [3, 5, 5], 'SDXL_2_1': [4, 4, 3], 'SDXL_Base': [4, 5, 5], 'SDXL_Turbo': [4, 4, 4]}"
53,An oasis mirage with an ice palace reflecting moonlight in the desert.,13,1,13,0,6,1,0,"{'DALLE_3': [3, 5, 5], 'DeepFloyd_I_XL_v1': [2, 5, 5], 'Midjourney_6': [2, 5, 5], 'SDXL_2_1': [1, 1, 1], 'SDXL_Base': [3, 5, 4], 'SDXL_Turbo': [4, 4, 4]}"
54,An asteroid spaceport bustling with aliens and spacecraft.,9,1,11,1,3,1,0,"{'DALLE_3': [4, 5, 5], 'DeepFloyd_I_XL_v1': [3, 3, 3], 'Midjourney_6': [4, 4, 3], 'SDXL_2_1': [4, 4, 4], 'SDXL_Base': [3, 3, 3], 'SDXL_Turbo': [4, 4, 3]}"
55,A small dog dozing in a patch of sunlight.,10,1,11,1,3,1,0,"{'DALLE_3': [4, 5, 5], 'DeepFloyd_I_XL_v1': [4, 5, 5], 'Midjourney_6': [4, 5, 5], 'SDXL_2_1': [3, 4, 3], 'SDXL_Base': [3, 3, 3], 'SDXL_Turbo': [3, 5, 5]}"
56,A single rose growing through a crack.,8,1,8,1,1,2,0,"{'DALLE_3': [5, 5, 5], 'DeepFloyd_I_XL_v1': [3, 5, 4], 'Midjourney_6': [5, 5, 5], 'SDXL_2_1': [4, 5, 5], 'SDXL_Base': [3, 3, 3], 'SDXL_Turbo': [2, 3, 3]}"
57,A quaint bookshop.,4,1,4,0,2,0,0,"{'DALLE_3': [4, 4, 4], 'DeepFloyd_I_XL_v1': [4, 5, 5], 'Midjourney_6': [5, 5, 5], 'SDXL_2_1': [4, 5, 5], 'SDXL_Base': [4, 5, 5], 'SDXL_Turbo': [5, 5, 5]}"
58,A lone lighthouse standing guard on a rocky coastline.,10,1,10,1,4,1,0,"{'DALLE_3': [4, 4, 3], 'DeepFloyd_I_XL_v1': [4, 4, 3], 'Midjourney_6': [5, 5, 5], 'SDXL_2_1': [5, 5, 5], 'SDXL_Base': [5, 5, 5], 'SDXL_Turbo': [5, 5, 5]}"
59,A butterfly perched on a wildflower in a meadow.,10,1,10,0,3,1,0,"{'DALLE_3': [4, 5, 5], 'DeepFloyd_I_XL_v1': [4, 5, 5], 'Midjourney_6': [4, 5, 5], 'SDXL_2_1': [3, 3, 3], 'SDXL_Base': [4, 5, 5], 'SDXL_Turbo': [4, 5, 5]}"
60,A pilot with aviator sunglasses.,6,1,6,0,3,0,0,"{'DALLE_3': [4, 5, 5], 'DeepFloyd_I_XL_v1': [4, 5, 5], 'Midjourney_6': [5, 5, 5], 'SDXL_2_1': [4, 5, 5], 'SDXL_Base': [4, 4, 3], 'SDXL_Turbo': [4, 5, 5]}"
61,A baker with a cherry pin on a polka dot apron.,12,1,12,0,6,0,0,"{'DALLE_3': [4, 5, 5], 'DeepFloyd_I_XL_v1': [3, 3, 2], 'Midjourney_6': [4, 5, 5], 'SDXL_2_1': [1, 2, 2], 'SDXL_Base': [1, 3, 3], 'SDXL_Turbo': [1, 2, 2]}"
62,A knight with a feather plume helmet standing by a stone tower.,13,1,13,0,6,1,0,"{'DALLE_3': [3, 4, 4], 'DeepFloyd_I_XL_v1': [3, 3, 2], 'Midjourney_6': [2, 3, 2], 'SDXL_2_1': [2, 2, 2], 'SDXL_Base': [3, 3, 3], 'SDXL_Turbo': [4, 5, 5]}"
63,A scientist with a gear-shaped ring in a steampunk lab.,11,1,13,1,4,0,0,"{'DALLE_3': [4, 5, 5], 'DeepFloyd_I_XL_v1': [3, 2, 2], 'Midjourney_6': [3, 3, 3], 'SDXL_2_1': [3, 2, 2], 'SDXL_Base': [3, 3, 2], 'SDXL_Turbo': [3, 3, 3]}"
64,A swan with a silver anklet on a crystal lake.,11,1,12,2,3,0,0,"{'DALLE_3': [4, 5, 5], 'DeepFloyd_I_XL_v1': [3, 3, 3], 'Midjourney_6': [2, 4, 5], 'SDXL_2_1': [1, 2, 2], 'SDXL_Base': [1, 2, 2], 'SDXL_Turbo': [3, 3, 2]}"
65,A ninja with a dragon emblem in a bamboo grove.,11,1,11,0,5,0,0,"{'DALLE_3': [3, 4, 4], 'DeepFloyd_I_XL_v1': [3, 4, 3], 'Midjourney_6': [3, 5, 5], 'SDXL_2_1': [2, 4, 3], 'SDXL_Base': [1, 2, 2], 'SDXL_Turbo': [2, 3, 3]}"
66,A pirate with a skull earring on a treasure island.,11,1,11,1,4,0,0,"{'DALLE_3': [5, 5, 5], 'DeepFloyd_I_XL_v1': [3, 3, 2], 'Midjourney_6': [4, 4, 2], 'SDXL_2_1': [2, 2, 2], 'SDXL_Base': [1, 3, 3], 'SDXL_Turbo': [3, 3, 2]}"
67,A wizard with a starry cape under a full moon.,11,1,11,1,4,0,0,"{'DALLE_3': [5, 5, 5], 'DeepFloyd_I_XL_v1': [3, 3, 2], 'Midjourney_6': [4, 4, 3], 'SDXL_2_1': [2, 2, 2], 'SDXL_Base': [3, 3, 5], 'SDXL_Turbo': [3, 3, 2]}"
68,A fairy with butterfly wings in a dewy meadow.,10,1,11,1,4,0,0,"{'DALLE_3': [4, 5, 5], 'DeepFloyd_I_XL_v1': [2, 5, 5], 'Midjourney_6': [3, 3, 3], 'SDXL_2_1': [2, 3, 3], 'SDXL_Base': [2, 5, 5], 'SDXL_Turbo': [3, 4, 3]}"
69,A cheerleader with a star badge at a sports field.,11,1,11,0,5,0,0,"{'DALLE_3': [5, 5, 5], 'DeepFloyd_I_XL_v1': [3, 3, 3], 'Midjourney_6': [4, 4, 3], 'SDXL_2_1': [1, 3, 3], 'SDXL_Base': [4, 4, 3], 'SDXL_Turbo': [2, 5, 5]}"
70,A samurai with a silk sash in a cherry blossom garden.,12,1,12,0,6,0,0,"{'DALLE_3': [4, 4, 3], 'DeepFloyd_I_XL_v1': [3, 4, 3], 'Midjourney_6': [3, 4, 3], 'SDXL_2_1': [2, 3, 3], 'SDXL_Base': [4, 4, 4], 'SDXL_Turbo': [4, 5, 5]}"
71,An astronaut with a flag patch drifting in space.,10,1,10,0,4,1,0,"{'DALLE_3': [4, 5, 5], 'DeepFloyd_I_XL_v1': [3, 5, 5], 'Midjourney_6': [4, 5, 5], 'SDXL_2_1': [3, 3, 3], 'SDXL_Base': [4, 5, 5], 'SDXL_Turbo': [4, 5, 5]}"
72,"A playful kitten with a bell collar on the left, batting at a fluttering butterfly on the right.",20,1,22,1,6,2,0,"{'DALLE_3': [1, 3, 3], 'DeepFloyd_I_XL_v1': [1, 4, 4], 'Midjourney_6': [2, 4, 4], 'SDXL_2_1': [1, 3, 3], 'SDXL_Base': [1, 3, 3], 'SDXL_Turbo': [1, 4, 3]}"
73,"A cheerful dog with a frisbee in its mouth on the right, chasing a rolling ball on the left.",21,1,21,1,6,2,0,"{'DALLE_3': [1, 2, 2], 'DeepFloyd_I_XL_v1': [3, 3, 3], 'Midjourney_6': [1, 2, 2], 'SDXL_2_1': [3, 3, 3], 'SDXL_Base': [2, 3, 2], 'SDXL_Turbo': [2, 3, 3]}"
74,"An eagle with a silver band on its leg on the right, soaring past a towering pine tree on the left.",23,1,23,0,9,1,0,"{'DALLE_3': [5, 5, 5], 'DeepFloyd_I_XL_v1': [1, 3, 3], 'Midjourney_6': [4, 5, 5], 'SDXL_2_1': [2, 3, 3], 'SDXL_Base': [3, 4, 3], 'SDXL_Turbo': [2, 4, 3]}"
75,A golden retriever sitting to the left of a blue picket fence.,13,1,13,2,4,1,0,"{'DALLE_3': [5, 4, 5], 'DeepFloyd_I_XL_v1': [3, 4, 4], 'Midjourney_6': [3, 4, 4], 'SDXL_2_1': [3, 4, 4], 'SDXL_Base': [5, 5, 5], 'SDXL_Turbo': [3, 4, 4]}"
76,A small pond with a single swan gliding towards the left.,12,1,13,2,4,0,0,"{'DALLE_3': [2, 4, 3], 'DeepFloyd_I_XL_v1': [2, 4, 3], 'Midjourney_6': [4, 5, 5], 'SDXL_2_1': [2, 3, 3], 'SDXL_Base': [2, 3, 3], 'SDXL_Turbo': [3, 3, 3]}"
77,A white sailboat drifting towards the left on a calm lake.,12,1,13,2,4,0,0,"{'DALLE_3': [4, 4, 3], 'DeepFloyd_I_XL_v1': [4, 5, 5], 'Midjourney_6': [5, 5, 5], 'SDXL_2_1': [4, 5, 5], 'SDXL_Base': [4, 5, 5], 'SDXL_Turbo': [1, 1, 1]}"
78,A single red rose in a vase on the right side of a windowsill.,15,1,17,2,4,1,0,"{'DALLE_3': [4, 5, 5], 'DeepFloyd_I_XL_v1': [5, 5, 5], 'Midjourney_6': [4, 4, 3], 'SDXL_2_1': [3, 5, 5], 'SDXL_Base': [2, 3, 3], 'SDXL_Turbo': [2, 3, 3]}"
79,A blue mailbox standing to the left of a winding garden path.,13,1,13,2,3,2,0,"{'DALLE_3': [5, 5, 5], 'DeepFloyd_I_XL_v1': [3, 4, 2], 'Midjourney_6': [5, 5, 5], 'SDXL_2_1': [2, 4, 4], 'SDXL_Base': [1, 3, 1], 'SDXL_Turbo': [3, 4, 4]}"
80,A snowy owl perched to the right on a frost-covered branch.,12,1,14,1,4,1,0,"{'DALLE_3': [2, 4, 3], 'DeepFloyd_I_XL_v1': [3, 4, 3], 'Midjourney_6': [3, 3, 3], 'SDXL_2_1': [3, 4, 4], 'SDXL_Base': [3, 4, 3], 'SDXL_Turbo': [3, 4, 4]}"
81,A vintage clock on a mantelpiece leaning slightly to the left.,12,1,14,0,4,1,1,"{'DALLE_3': [2, 4, 4], 'DeepFloyd_I_XL_v1': [2, 4, 4], 'Midjourney_6': [3, 4, 3], 'SDXL_2_1': [1, 3, 4], 'SDXL_Base': [2, 4, 3], 'SDXL_Turbo': [2, 4, 3]}"
82,A cat sitting to the left of a bookshelf.,10,1,10,0,3,1,0,"{'DALLE_3': [2, 4, 3], 'DeepFloyd_I_XL_v1': [2, 4, 4], 'Midjourney_6': [2, 4, 4], 'SDXL_2_1': [2, 3, 3], 'SDXL_Base': [2, 4, 4], 'SDXL_Turbo': [2, 4, 4]}"
83,A crystal-clear lake reflecting a mountainous landscape.,8,1,11,2,2,1,0,"{'DALLE_3': [4, 5, 5], 'DeepFloyd_I_XL_v1': [4, 5, 5], 'Midjourney_6': [3, 5, 5], 'SDXL_2_1': [5, 5, 5], 'SDXL_Base': [5, 5, 5], 'SDXL_Turbo': [5, 5, 5]}"
84,A row of colorful townhouses on a sunny street.,10,1,11,2,3,0,0,"{'DALLE_3': [5, 5, 5], 'DeepFloyd_I_XL_v1': [5, 5, 5], 'Midjourney_6': [5, 5, 5], 'SDXL_2_1': [5, 5, 5], 'SDXL_Base': [5, 5, 5], 'SDXL_Turbo': [5, 5, 5]}"
85,An ancient scroll unrolled on a wooden desk.,9,1,10,2,2,1,0,"{'DALLE_3': [5, 5, 5], 'DeepFloyd_I_XL_v1': [2, 4, 3], 'Midjourney_6': [5, 5, 5], 'SDXL_2_1': [3, 4, 3], 'SDXL_Base': [5, 5, 5], 'SDXL_Turbo': [3, 5, 5]}"
86,A hammock strung between two palm trees on a beach.,11,1,11,0,5,0,0,"{'DALLE_3': [5, 4, 3], 'DeepFloyd_I_XL_v1': [4, 4, 3], 'Midjourney_6': [3, 5, 5], 'SDXL_2_1': [3, 4, 3], 'SDXL_Base': [5, 5, 5], 'SDXL_Turbo': [4, 5, 5]}"
87,A narrow alleyway illuminated by strings of fairy lights.,10,1,11,2,2,1,1,"{'DALLE_3': [4, 5, 5], 'DeepFloyd_I_XL_v1': [5, 5, 5], 'Midjourney_6': [4, 5, 5], 'SDXL_2_1': [5, 5, 5], 'SDXL_Base': [5, 5, 5], 'SDXL_Turbo': [5, 5, 5]}"
88,A star-filled sky over a desert campsite.,8,1,10,2,2,0,0,"{'DALLE_3': [5, 5, 5], 'DeepFloyd_I_XL_v1': [3, 5, 5], 'Midjourney_6': [4, 5, 5], 'SDXL_2_1': [5, 5, 5], 'SDXL_Base': [3, 5, 5], 'SDXL_Turbo': [4, 5, 5]}"
89,A red bicycle against a blue wall.,8,1,8,2,2,0,0,"{'DALLE_3': [4, 5, 5], 'DeepFloyd_I_XL_v1': [3, 5, 5], 'Midjourney_6': [4, 5, 5], 'SDXL_2_1': [4, 5, 5], 'SDXL_Base': [3, 4, 3], 'SDXL_Turbo': [5, 5, 5]}"
90,"Worn-out boots sit on a muddy path, the dense forest looming around them.",15,1,17,3,3,2,0,"{'DALLE_3': [4, 5, 5], 'DeepFloyd_I_XL_v1': [4, 5, 5], 'Midjourney_6': [4, 5, 5], 'SDXL_2_1': [4, 5, 5], 'SDXL_Base': [4, 5, 5], 'SDXL_Turbo': [4, 5, 5]}"
91,"A bright yellow taxi parked in front, a tall glass building rising behind it amidst clouds.",18,1,18,3,5,3,0,"{'DALLE_3': [3, 5, 5], 'DeepFloyd_I_XL_v1': [4, 5, 5], 'Midjourney_6': [3, 5, 5], 'SDXL_2_1': [2, 4, 3], 'SDXL_Base': [4, 5, 5], 'SDXL_Turbo': [3, 4, 3]}"
92,"A vibrant mural depicts a giant parrot, urban apartment buildings serving as its canvas.",16,1,16,4,4,2,0,"{'DALLE_3': [5, 5, 5], 'DeepFloyd_I_XL_v1': [5, 5, 5], 'Midjourney_6': [5, 5, 5], 'SDXL_2_1': [5, 4, 3], 'SDXL_Base': [5, 5, 5], 'SDXL_Turbo': [5, 5, 5]}"
93,"A whimsical garden features glowing flowers, luminescent stones lining the pathway beneath.",14,1,16,2,6,2,0,"{'DALLE_3': [5, 5, 5], 'DeepFloyd_I_XL_v1': [2, 2, 1], 'Midjourney_6': [3, 4, 3], 'SDXL_2_1': [3, 4, 4], 'SDXL_Base': [5, 5, 5], 'SDXL_Turbo': [3, 4, 3]}"
94,A cat lounging lazily on a sunny windowsill.,9,1,12,0,3,1,1,"{'DALLE_3': [5, 5, 5], 'DeepFloyd_I_XL_v1': [3, 4, 3], 'Midjourney_6': [5, 5, 5], 'SDXL_2_1': [2, 5, 5], 'SDXL_Base': [5, 5, 5], 'SDXL_Turbo': [4, 5, 5]}"
95,"A painter delicately brushing color onto a canvas in a bright, airy studio.",15,1,16,2,4,1,1,"{'DALLE_3': [4, 5, 5], 'DeepFloyd_I_XL_v1': [4, 4, 4], 'Midjourney_6': [5, 5, 5], 'SDXL_2_1': [1, 4, 4], 'SDXL_Base': [3, 4, 4], 'SDXL_Turbo': [1, 4, 4]}"
96,A chef fervently preparing sushi in a bustling kitchen.,10,1,13,0,4,1,1,"{'DALLE_3': [4, 5, 5], 'DeepFloyd_I_XL_v1': [2, 4, 4], 'Midjourney_6': [4, 4, 4], 'SDXL_2_1': [1, 3, 3], 'SDXL_Base': [4, 4, 4], 'SDXL_Turbo': [1, 4, 4]}"
97,A vintage car cruising down a coastal road at sunset.,11,1,11,1,4,1,0,"{'DALLE_3': [4, 5, 5], 'DeepFloyd_I_XL_v1': [3, 5, 5], 'Midjourney_6': [3, 4, 3], 'SDXL_2_1': [1, 3, 3], 'SDXL_Base': [4, 5, 5], 'SDXL_Turbo': [4, 5, 5]}"
98,A group of children playing hide-and-seek in a blooming garden.,11,1,15,0,5,1,0,"{'DALLE_3': [3, 5, 5], 'DeepFloyd_I_XL_v1': [2, 3, 3], 'Midjourney_6': [3, 4, 3], 'SDXL_2_1': [2, 3, 3], 'SDXL_Base': [3, 3, 3], 'SDXL_Turbo': [1, 3, 2]}"
99,"A librarian shelving books in a quiet, expansive library.",11,1,12,3,3,0,0,"{'DALLE_3': [4, 5, 5], 'DeepFloyd_I_XL_v1': [4, 5, 5], 'Midjourney_6': [4, 5, 5], 'SDXL_2_1': [1, 4, 4], 'SDXL_Base': [4, 5, 5], 'SDXL_Turbo': [3, 4, 3]}"
100,An astronaut floating gracefully in the vastness of space outside a spacecraft.,13,1,15,0,4,1,1,"{'DALLE_3': [4, 5, 5], 'DeepFloyd_I_XL_v1': [4, 5, 5], 'Midjourney_6': [3, 5, 5], 'SDXL_2_1': [1, 5, 5], 'SDXL_Base': [3, 5, 5], 'SDXL_Turbo': [4, 5, 5]}"
101,A little girl tuning a guitar before a concert in a dimly lit venue.,15,1,16,2,5,1,0,"{'DALLE_3': [3, 5, 5], 'DeepFloyd_I_XL_v1': [4, 5, 5], 'Midjourney_6': [4, 5, 5], 'SDXL_2_1': [1, 3, 2], 'SDXL_Base': [4, 5, 5], 'SDXL_Turbo': [4, 4, 4]}"
102,A pencil holder with more pens than pencils.,9,1,9,0,4,0,1,"{'DALLE_3': [2, 5, 3], 'DeepFloyd_I_XL_v1': [4, 3, 2], 'Midjourney_6': [2, 2, 1], 'SDXL_2_1': [4, 5, 3], 'SDXL_Base': [1, 2, 1], 'SDXL_Turbo': [2, 2, 1]}"
103,A building with more doors than windows.,8,1,8,0,3,0,1,"{'DALLE_3': [4, 2, 2], 'DeepFloyd_I_XL_v1': [1, 2, 2], 'Midjourney_6': [2, 2, 2], 'SDXL_2_1': [1, 2, 2], 'SDXL_Base': [2, 2, 2], 'SDXL_Turbo': [1, 2, 2]}"
104,"A couple, with the taller one hugging the shorter one from behind.",14,1,14,1,3,1,0,"{'DALLE_3': [4, 3, 3], 'DeepFloyd_I_XL_v1': [2, 2, 1], 'Midjourney_6': [3, 3, 2], 'SDXL_2_1': [1, 3, 1], 'SDXL_Base': [3, 3, 1], 'SDXL_Turbo': [1, 3, 2]}"
105,The sky teems with more birds than the number of fish visible in the lake below.,17,1,18,1,6,1,1,"{'DALLE_3': [2, 5, 4], 'DeepFloyd_I_XL_v1': [2, 5, 4], 'Midjourney_6': [2, 5, 4], 'SDXL_2_1': [1, 1, 1], 'SDXL_Base': [1, 2, 2], 'SDXL_Turbo': [2, 5, 4]}"
106,"On the party table, chocolate chip cookies outnumber the frosted cupcakes.",13,1,14,1,6,1,0,"{'DALLE_3': [3, 5, 2], 'DeepFloyd_I_XL_v1': [4, 3, 4], 'Midjourney_6': [3, 5, 5], 'SDXL_2_1': [1, 2, 2], 'SDXL_Base': [1, 2, 4], 'SDXL_Turbo': [5, 2, 5]}"
107,A table setting with fewer forks than bowls.,9,1,9,2,3,0,0,"{'DALLE_3': [5, 3, 3], 'DeepFloyd_I_XL_v1': [3, 2, 3], 'Midjourney_6': [4, 2, 2], 'SDXL_2_1': [3, 3, 5], 'SDXL_Base': [2, 2, 3], 'SDXL_Turbo': [2, 4, 2]}"
108,"In a gym, there are two people: the one closer to the table is resting, while the one further away from the table is lifting weights.",30,1,30,1,6,5,1,"{'DALLE_3': [4, 5, 3], 'DeepFloyd_I_XL_v1': [3, 3, 3], 'Midjourney_6': [3, 4, 3], 'SDXL_2_1': [2, 2, 2], 'SDXL_Base': [1, 2, 2], 'SDXL_Turbo': [1, 2, 2]}"
109,A larger person in yellow clothing and a smaller person in a different color.,15,1,15,4,4,0,0,"{'DALLE_3': [2, 4, 4], 'DeepFloyd_I_XL_v1': [2, 4, 4], 'Midjourney_6': [1, 4, 4], 'SDXL_2_1': [1, 3, 3], 'SDXL_Base': [1, 3, 2], 'SDXL_Turbo': [1, 2, 2]}"
110,An animal with legs notably longer than a nearby person's.,12,1,13,2,2,0,2,"{'DALLE_3': [1, 2, 2], 'DeepFloyd_I_XL_v1': [4, 5, 5], 'Midjourney_6': [1, 2, 2], 'SDXL_2_1': [1, 2, 2], 'SDXL_Base': [1, 2, 2], 'SDXL_Turbo': [1, 2, 2]}"
111,A forest landscape with more birds in the sky than trees on the ground.,15,1,15,0,6,0,1,"{'DALLE_3': [2, 4, 4], 'DeepFloyd_I_XL_v1': [3, 2, 2], 'Midjourney_6': [3, 5, 3], 'SDXL_2_1': [3, 2, 2], 'SDXL_Base': [2, 5, 3], 'SDXL_Turbo': [3, 4, 4]}"
112,A workspace with more computers than computer mice.,9,1,11,1,4,0,0,"{'DALLE_3': [2, 3, 3], 'DeepFloyd_I_XL_v1': [5, 5, 5], 'Midjourney_6': [4, 5, 5], 'SDXL_2_1': [5, 5, 5], 'SDXL_Base': [3, 4, 4], 'SDXL_Turbo': [4, 5, 5]}"
113,An interior space with stools outnumbering the people.,9,1,12,1,3,1,0,"{'DALLE_3': [4, 3, 4], 'DeepFloyd_I_XL_v1': [4, 4, 4], 'Midjourney_6': [4, 3, 4], 'SDXL_2_1': [5, 5, 5], 'SDXL_Base': [5, 3, 4], 'SDXL_Turbo': [4, 3, 4]}"
114,A scene where there are more hats than stools.,10,1,11,1,3,1,0,"{'DALLE_3': [4, 5, 5], 'DeepFloyd_I_XL_v1': [4, 5, 5], 'Midjourney_6': [1, 3, 2], 'SDXL_2_1': [3, 2, 3], 'SDXL_Base': [4, 2, 5], 'SDXL_Turbo': [5, 5, 5]}"
115,A kitchen with a larger quantity of milk than juice.,11,1,11,1,4,0,0,"{'DALLE_3': [5, 5, 5], 'DeepFloyd_I_XL_v1': [2, 2, 2], 'Midjourney_6': [2, 2, 2], 'SDXL_2_1': [1, 2, 1], 'SDXL_Base': [1, 2, 1], 'SDXL_Turbo': [4, 3, 4]}"
116,"In a peaceful pond, there are more fish in the water than frogs on the lotus leaves.",19,1,19,3,4,2,0,"{'DALLE_3': [4, 5, 5], 'DeepFloyd_I_XL_v1': [1, 2, 1], 'Midjourney_6': [1, 3, 4], 'SDXL_2_1': [1, 2, 2], 'SDXL_Base': [1, 1, 1], 'SDXL_Turbo': [2, 1, 1]}"
117,"City view, the tower on the left is taller than the one on the right.",17,1,17,1,6,1,0,"{'DALLE_3': [2, 2, 2], 'DeepFloyd_I_XL_v1': [1, 2, 2], 'Midjourney_6': [3, 2, 2], 'SDXL_2_1': [1, 2, 2], 'SDXL_Base': [3, 2, 2], 'SDXL_Turbo': [1, 2, 2]}"
118,"The sun illuminates the garden, a shovel sticks in the soil, and gloves lay on the bench.",20,1,21,0,7,2,0,"{'DALLE_3': [4, 5, 5], 'DeepFloyd_I_XL_v1': [2, 3, 3], 'Midjourney_6': [3, 3, 3], 'SDXL_2_1': [3, 2, 2], 'SDXL_Base': [3, 2, 3], 'SDXL_Turbo': [2, 2, 3]}"
119,"A fish glides through the air, while a bird plunges underwater.",13,1,15,1,3,1,1,"{'DALLE_3': [1, 3, 2], 'DeepFloyd_I_XL_v1': [1, 2, 1], 'Midjourney_6': [1, 3, 2], 'SDXL_2_1': [1, 2, 2], 'SDXL_Base': [2, 1, 1], 'SDXL_Turbo': [1, 1, 1]}"
120,A map unfolds widely on the wall and a compass points northward.,13,1,15,0,4,1,2,"{'DALLE_3': [4, 5, 5], 'DeepFloyd_I_XL_v1': [3, 4, 3], 'Midjourney_6': [1, 2, 2], 'SDXL_2_1': [3, 4, 3], 'SDXL_Base': [2, 4, 3], 'SDXL_Turbo': [2, 2, 1]}"
121,"Children are swinging on the swings while their parents watch from nearby, and a puppy frolics around them.",20,1,21,2,4,3,0,"{'DALLE_3': [4, 5, 5], 'DeepFloyd_I_XL_v1': [2, 4, 4], 'Midjourney_6': [3, 3, 3], 'SDXL_2_1': [1, 2, 2], 'SDXL_Base': [2, 4, 4], 'SDXL_Turbo': [1, 3, 3]}"
122,"Three flowers on the ground: one red, another yellow, and the third blue.",17,1,17,1,5,0,0,"{'DALLE_3': [2, 2, 2], 'DeepFloyd_I_XL_v1': [2, 2, 2], 'Midjourney_6': [5, 5, 5], 'SDXL_2_1': [2, 3, 2], 'SDXL_Base': [5, 5, 5], 'SDXL_Turbo': [2, 3, 3]}"
123,There are two red flowers on the table and a few yellow flowers under the table.,17,1,17,3,4,1,0,"{'DALLE_3': [3, 2, 3], 'DeepFloyd_I_XL_v1': [3, 3, 2], 'Midjourney_6': [4, 3, 2], 'SDXL_2_1': [2, 2, 2], 'SDXL_Base': [2, 2, 2], 'SDXL_Turbo': [2, 2, 2]}"
124,A strange landscape: the ground on the left is covered with snow but the ground on the right is covered with green grass.,25,1,25,3,6,4,0,"{'DALLE_3': [1, 3, 3], 'DeepFloyd_I_XL_v1': [1, 2, 1], 'Midjourney_6': [5, 5, 5], 'SDXL_2_1': [4, 4, 5], 'SDXL_Base': [2, 2, 2], 'SDXL_Turbo': [1, 2, 2]}"
125,"A boat glides across the ocean, dolphins leaping beside it and seagulls soaring overhead.",16,1,18,0,3,5,0,"{'DALLE_3': [4, 5, 5], 'DeepFloyd_I_XL_v1': [2, 3, 2], 'Midjourney_6': [3, 5, 5], 'SDXL_2_1': [2, 3, 2], 'SDXL_Base': [2, 5, 5], 'SDXL_Turbo': [1, 1, 1]}"
126,"A painting hangs on the wall, a vase rests on the table, and sunlight streams through the window.",21,1,21,0,7,2,0,"{'DALLE_3': [4, 5, 5], 'DeepFloyd_I_XL_v1': [4, 2, 2], 'Midjourney_6': [4, 5, 5], 'SDXL_2_1': [5, 5, 5], 'SDXL_Base': [5, 3, 4], 'SDXL_Turbo': [5, 5, 5]}"
127,A hat is perched on the table and a coat is draped on the chair.,16,1,16,0,4,4,0,"{'DALLE_3': [5, 5, 5], 'DeepFloyd_I_XL_v1': [4, 5, 5], 'Midjourney_6': [3, 3, 3], 'SDXL_2_1': [1, 2, 1], 'SDXL_Base': [2, 2, 2], 'SDXL_Turbo': [1, 1, 1]}"
128,"A garden scene, weeds growing on the left side of the garden while the right side is neatly manicured.",21,1,23,3,4,4,1,"{'DALLE_3': [2, 3, 2], 'DeepFloyd_I_XL_v1': [3, 2, 2], 'Midjourney_6': [2, 3, 3], 'SDXL_2_1': [2, 4, 3], 'SDXL_Base': [2, 4, 3], 'SDXL_Turbo': [2, 2, 2]}"
129,In one bedroom the pillows were plump and the blankets neatly folded.,13,1,15,1,3,2,1,"{'DALLE_3': [3, 3, 3], 'DeepFloyd_I_XL_v1': [4, 5, 5], 'Midjourney_6': [3, 3, 2], 'SDXL_2_1': [2, 2, 1], 'SDXL_Base': [5, 5, 5], 'SDXL_Turbo': [4, 3, 3]}"
130,A guitar rests against a chair and a drum set stands nearby.,13,1,13,1,3,3,0,"{'DALLE_3': [4, 5, 5], 'DeepFloyd_I_XL_v1': [3, 2, 3], 'Midjourney_6': [3, 4, 5], 'SDXL_2_1': [2, 4, 3], 'SDXL_Base': [2, 2, 2], 'SDXL_Turbo': [3, 2, 3]}"
131,"In a snowy landscape, a fox dashes across the terrain, while nearby, a dog sits calmly.",20,1,22,0,5,2,2,"{'DALLE_3': [4, 5, 5], 'DeepFloyd_I_XL_v1': [4, 4, 5], 'Midjourney_6': [2, 2, 3], 'SDXL_2_1': [3, 3, 3], 'SDXL_Base': [2, 2, 2], 'SDXL_Turbo': [2, 2, 3]}"
132,The sun sets on the left while the moon rises on the right.,14,1,14,1,4,1,0,"{'DALLE_3': [1, 3, 2], 'DeepFloyd_I_XL_v1': [1, 1, 1], 'Midjourney_6': [1, 4, 3], 'SDXL_2_1': [2, 2, 2], 'SDXL_Base': [2, 2, 2], 'SDXL_Turbo': [1, 1, 1]}"
133,"Two lampshades flank a bed: the one on the left is tilted, while the one on the right stands straight.",23,1,25,1,6,3,1,"{'DALLE_3': [1, 5, 4], 'DeepFloyd_I_XL_v1': [3, 4, 3], 'Midjourney_6': [3, 4, 4], 'SDXL_2_1': [2, 2, 2], 'SDXL_Base': [3, 2, 2], 'SDXL_Turbo': [2, 2, 2]}"
134,"A window consists of two panes of glass, the left one is broken but the right one is intact.",21,1,22,2,5,4,0,"{'DALLE_3': [3, 5, 5], 'DeepFloyd_I_XL_v1': [2, 3, 3], 'Midjourney_6': [2, 3, 3], 'SDXL_2_1': [2, 3, 2], 'SDXL_Base': [2, 3, 2], 'SDXL_Turbo': [3, 3, 3]}"
135,"A piece of white paper is on the grass, the left side of the paper is filled with writing while the right side is empty.",27,1,27,4,6,5,0,"{'DALLE_3': [3, 3, 3], 'DeepFloyd_I_XL_v1': [2, 2, 3], 'Midjourney_6': [2, 3, 3], 'SDXL_2_1': [2, 2, 2], 'SDXL_Base': [2, 2, 3], 'SDXL_Turbo': [1, 2, 2]}"
136,"A child studying at a table, the left side of the table is neat, but the right side is cluttered.",23,1,24,3,5,4,0,"{'DALLE_3': [2, 4, 3], 'DeepFloyd_I_XL_v1': [2, 2, 2], 'Midjourney_6': [3, 3, 3], 'SDXL_2_1': [4, 2, 2], 'SDXL_Base': [3, 2, 3], 'SDXL_Turbo': [2, 2, 2]}"
137,"At the center of the table,  four gleaming silver forks encircle a solitary porcelain plate.",17,1,19,1,7,1,0,"{'DALLE_3': [4, 3, 3], 'DeepFloyd_I_XL_v1': [2, 2, 3], 'Midjourney_6': [3, 4, 4], 'SDXL_2_1': [3, 3, 3], 'SDXL_Base': [3, 2, 2], 'SDXL_Turbo': [3, 4, 4]}"
138,Two cats playing with a single ball.,8,1,8,1,2,1,0,"{'DALLE_3': [4, 5, 5], 'DeepFloyd_I_XL_v1': [3, 5, 5], 'Midjourney_6': [4, 5, 5], 'SDXL_2_1': [2, 3, 3], 'SDXL_Base': [4, 5, 5], 'SDXL_Turbo': [3, 5, 5]}"
139,Five cylindrical mugs beside two rectangular napkins.,8,1,11,2,2,0,1,"{'DALLE_3': [2, 2, 2], 'DeepFloyd_I_XL_v1': [2, 4, 3], 'Midjourney_6': [2, 3, 3], 'SDXL_2_1': [3, 3, 3], 'SDXL_Base': [2, 2, 2], 'SDXL_Turbo': [1, 2, 2]}"
140,"Four flowers are in full bloom, with two of them by the bench.",15,1,15,1,3,1,0,"{'DALLE_3': [3, 2, 2], 'DeepFloyd_I_XL_v1': [2, 2, 2], 'Midjourney_6': [4, 3, 3], 'SDXL_2_1': [3, 2, 2], 'SDXL_Base': [3, 2, 2], 'SDXL_Turbo': [4, 4, 3]}"
141,Six oval stones and four triangular sails.,8,1,9,1,4,0,0,"{'DALLE_3': [2, 1, 1], 'DeepFloyd_I_XL_v1': [2, 2, 2], 'Midjourney_6': [1, 2, 3], 'SDXL_2_1': [2, 2, 2], 'SDXL_Base': [2, 2, 2], 'SDXL_Turbo': [2, 2, 2]}"
142,One orange kite and four white seagulls flying above the beach.,12,1,12,1,4,1,0,"{'DALLE_3': [3, 3, 4], 'DeepFloyd_I_XL_v1': [2, 4, 4], 'Midjourney_6': [4, 5, 5], 'SDXL_2_1': [3, 2, 2], 'SDXL_Base': [5, 5, 5], 'SDXL_Turbo': [1, 2, 2]}"
143,Five enthusiastic athletes and one tired coach.,8,1,8,2,2,0,0,"{'DALLE_3': [4, 5, 5], 'DeepFloyd_I_XL_v1': [4, 4, 4], 'Midjourney_6': [2, 2, 2], 'SDXL_2_1': [1, 2, 2], 'SDXL_Base': [3, 5, 5], 'SDXL_Turbo': [1, 2, 2]}"
144,Two orange pumpkins and four flying black bats.,9,1,9,1,3,1,0,"{'DALLE_3': [3, 2, 3], 'DeepFloyd_I_XL_v1': [4, 5, 5], 'Midjourney_6': [3, 3, 4], 'SDXL_2_1': [3, 4, 4], 'SDXL_Base': [2, 2, 2], 'SDXL_Turbo': [3, 2, 3]}"
145,One sun setting behind two tall buildings.,8,1,8,1,2,1,0,"{'DALLE_3': [3, 5, 5], 'DeepFloyd_I_XL_v1': [3, 3, 4], 'Midjourney_6': [3, 5, 5], 'SDXL_2_1': [4, 5, 5], 'SDXL_Base': [3, 2, 2], 'SDXL_Turbo': [4, 2, 2]}"
146,Two orange pumpkins behind a group of five spooky Halloween candles.,12,1,12,0,6,0,0,"{'DALLE_3': [3, 3, 3], 'DeepFloyd_I_XL_v1': [3, 3, 2], 'Midjourney_6': [3, 3, 2], 'SDXL_2_1': [3, 2, 2], 'SDXL_Base': [1, 1, 1], 'SDXL_Turbo': [4, 4, 4]}"
147,One content rabbit and six tired turtles.,8,1,8,1,3,0,0,"{'DALLE_3': [4, 4, 3], 'DeepFloyd_I_XL_v1': [2, 3, 3], 'Midjourney_6': [3, 3, 3], 'SDXL_2_1': [2, 2, 2], 'SDXL_Base': [2, 3, 2], 'SDXL_Turbo': [1, 2, 2]}"
148,Eight wavy lines are under three polygonal signs.,9,1,11,1,4,1,0,"{'DALLE_3': [2, 2, 2], 'DeepFloyd_I_XL_v1': [1, 1, 1], 'Midjourney_6': [1, 1, 1], 'SDXL_2_1': [1, 1, 1], 'SDXL_Base': [1, 1, 1], 'SDXL_Turbo': [1, 1, 1]}"
149,Three pink peonies and four white daisies in a garden.,11,1,12,1,4,0,0,"{'DALLE_3': [3, 3, 3], 'DeepFloyd_I_XL_v1': [3, 2, 2], 'Midjourney_6': [4, 3, 2], 'SDXL_2_1': [2, 2, 2], 'SDXL_Base': [3, 2, 2], 'SDXL_Turbo': [2, 2, 2]}"
150,Two red balloons and three white clouds floating in the blue sky.,13,1,13,2,4,1,0,"{'DALLE_3': [1, 3, 2], 'DeepFloyd_I_XL_v1': [2, 2, 2], 'Midjourney_6': [4, 4, 4], 'SDXL_2_1': [1, 3, 2], 'SDXL_Base': [2, 2, 2], 'SDXL_Turbo': [3, 4, 4]}"
151,Two grey wolves howling and three deer watching.,9,1,9,1,3,1,0,"{'DALLE_3': [3, 4, 3], 'DeepFloyd_I_XL_v1': [2, 2, 2], 'Midjourney_6': [3, 4, 3], 'SDXL_2_1': [2, 2, 2], 'SDXL_Base': [2, 2, 2], 'SDXL_Turbo': [2, 2, 2]}"
152,Four disappointed customers and two content sellers.,8,1,8,1,3,0,0,"{'DALLE_3': [2, 2, 1], 'DeepFloyd_I_XL_v1': [1, 2, 1], 'Midjourney_6': [2, 1, 1], 'SDXL_2_1': [2, 1, 1], 'SDXL_Base': [2, 1, 1], 'SDXL_Turbo': [2, 1, 1]}"
153,Four nervous mice and one confident cat.,8,1,8,2,2,0,0,"{'DALLE_3': [4, 3, 3], 'DeepFloyd_I_XL_v1': [2, 2, 2], 'Midjourney_6': [2, 4, 3], 'SDXL_2_1': [3, 2, 2], 'SDXL_Base': [2, 2, 2], 'SDXL_Turbo': [3, 2, 2]}"
154,"Three books are stacked on top of each other, with the red one at the bottom, the yellow one in the middle, and the blue one on top.",32,1,32,4,7,2,0,"{'DALLE_3': [2, 4, 4], 'DeepFloyd_I_XL_v1': [2, 4, 4], 'Midjourney_6': [1, 3, 2], 'SDXL_2_1': [2, 3, 3], 'SDXL_Base': [2, 4, 4], 'SDXL_Turbo': [1, 3, 1]}"
155,"One bird singing, two flowers swaying.",8,1,9,0,3,1,0,"{'DALLE_3': [4, 3, 4], 'DeepFloyd_I_XL_v1': [3, 4, 4], 'Midjourney_6': [4, 3, 5], 'SDXL_2_1': [3, 3, 3], 'SDXL_Base': [3, 3, 3], 'SDXL_Turbo': [3, 3, 3]}"
156,Five relaxed students but one overwhelmed teacher.,8,1,8,1,2,1,0,"{'DALLE_3': [3, 3, 3], 'DeepFloyd_I_XL_v1': [2, 2, 2], 'Midjourney_6': [2, 2, 2], 'SDXL_2_1': [2, 2, 2], 'SDXL_Base': [2, 2, 2], 'SDXL_Turbo': [3, 3, 3]}"
157,One ecstatic painter in front of four confused muses.,10,1,10,2,3,0,0,"{'DALLE_3': [4, 5, 5], 'DeepFloyd_I_XL_v1': [1, 1, 1], 'Midjourney_6': [3, 4, 4], 'SDXL_2_1': [2, 1, 1], 'SDXL_Base': [1, 1, 1], 'SDXL_Turbo': [2, 1, 2]}"
158,One person talks on the phone animatedly while the other sits sadly.,13,1,14,1,4,0,2,"{'DALLE_3': [3, 4, 5], 'DeepFloyd_I_XL_v1': [2, 3, 3], 'Midjourney_6': [3, 4, 4], 'SDXL_2_1': [3, 3, 4], 'SDXL_Base': [3, 3, 3], 'SDXL_Turbo': [3, 4, 4]}"
159,An excited cat is on the left and an upset cat is on the right,15,1,15,2,4,2,0,"{'DALLE_3': [5, 5, 5], 'DeepFloyd_I_XL_v1': [1, 4, 2], 'Midjourney_6': [3, 3, 3], 'SDXL_2_1': [2, 3, 3], 'SDXL_Base': [3, 3, 3], 'SDXL_Turbo': [3, 3, 4]}"
160,A scene with two blue balls amidst many yellow ones.,11,1,11,3,3,0,1,"{'DALLE_3': [2, 4, 2], 'DeepFloyd_I_XL_v1': [2, 3, 2], 'Midjourney_6': [5, 5, 5], 'SDXL_2_1': [1, 3, 2], 'SDXL_Base': [1, 3, 3], 'SDXL_Turbo': [2, 3, 3]}"
161,"Cats playing on the roof, the cat on the left has curly hair, and the cat on the right has straight hair",24,1,24,0,7,5,1,"{'DALLE_3': [3, 4, 4], 'DeepFloyd_I_XL_v1': [2, 3, 3], 'Midjourney_6': [3, 5, 5], 'SDXL_2_1': [1, 2, 2], 'SDXL_Base': [3, 3, 3], 'SDXL_Turbo': [2, 3, 3]}"
162,A lone green banana stands out among a cluster of red bananas.,13,1,13,2,4,1,0,"{'DALLE_3': [4, 5, 5], 'DeepFloyd_I_XL_v1': [1, 2, 2], 'Midjourney_6': [4, 4, 4], 'SDXL_2_1': [2, 2, 2], 'SDXL_Base': [2, 2, 2], 'SDXL_Turbo': [2, 2, 2]}"
163,A circular mirror is above a rectangular one.,9,1,9,2,1,1,0,"{'DALLE_3': [3, 2, 2], 'DeepFloyd_I_XL_v1': [2, 1, 1], 'Midjourney_6': [3, 1, 1], 'SDXL_2_1': [4, 4, 5], 'SDXL_Base': [2, 2, 2], 'SDXL_Turbo': [2, 2, 2]}"
164,Some oranges on the left are moldy while an orange on the right is fresh.,16,1,17,1,4,3,0,"{'DALLE_3': [2, 2, 2], 'DeepFloyd_I_XL_v1': [4, 5, 4], 'Midjourney_6': [3, 4, 4], 'SDXL_2_1': [2, 2, 2], 'SDXL_Base': [3, 2, 2], 'SDXL_Turbo': [2, 2, 2]}"
165,"On display, a long, white dress contrasts sharply with a short, dark dress beside it.",19,1,20,4,4,0,1,"{'DALLE_3': [1, 2, 2], 'DeepFloyd_I_XL_v1': [3, 4, 4], 'Midjourney_6': [3, 4, 4], 'SDXL_2_1': [2, 2, 2], 'SDXL_Base': [2, 3, 4], 'SDXL_Turbo': [3, 2, 2]}"
166,One person makes a humorous face as another watches.,10,1,10,1,3,1,0,"{'DALLE_3': [2, 3, 2], 'DeepFloyd_I_XL_v1': [1, 2, 2], 'Midjourney_6': [1, 2, 2], 'SDXL_2_1': [2, 2, 3], 'SDXL_Base': [1, 2, 2], 'SDXL_Turbo': [1, 2, 1]}"
167,An old owl watches as a young owl tries its first flight.,13,1,13,3,4,1,0,"{'DALLE_3': [3, 3, 4], 'DeepFloyd_I_XL_v1': [3, 4, 3], 'Midjourney_6': [4, 5, 5], 'SDXL_2_1': [2, 3, 3], 'SDXL_Base': [2, 2, 2], 'SDXL_Turbo': [2, 3, 3]}"
168,"The girl with glasses is drawing, and the girl without glasses is singing.",15,1,15,0,4,4,0,"{'DALLE_3': [5, 5, 5], 'DeepFloyd_I_XL_v1': [2, 2, 2], 'Midjourney_6': [3, 2, 2], 'SDXL_2_1': [1, 1, 1], 'SDXL_Base': [3, 2, 2], 'SDXL_Turbo': [3, 2, 2]}"
169,"The dog with a leash sits quietly, and the other without a leash runs wildly.",17,1,17,2,3,1,2,"{'DALLE_3': [5, 5, 5], 'DeepFloyd_I_XL_v1': [3, 4, 4], 'Midjourney_6': [3, 4, 4], 'SDXL_2_1': [1, 3, 3], 'SDXL_Base': [2, 3, 3], 'SDXL_Turbo': [2, 4, 4]}"
170,The smiling child gives an apple to the frowning child.,11,1,13,0,4,2,0,"{'DALLE_3': [2, 4, 4], 'DeepFloyd_I_XL_v1': [4, 4, 5], 'Midjourney_6': [3, 4, 4], 'SDXL_2_1': [2, 4, 4], 'SDXL_Base': [2, 4, 4], 'SDXL_Turbo': [3, 4, 3]}"
171,The brown dog chases the black dog around the tree.,11,1,11,2,3,1,0,"{'DALLE_3': [4, 5, 5], 'DeepFloyd_I_XL_v1': [2, 3, 3], 'Midjourney_6': [4, 4, 4], 'SDXL_2_1': [2, 3, 3], 'SDXL_Base': [3, 3, 3], 'SDXL_Turbo': [3, 4, 4]}"
172,"In the supermarket, a man with glasses pays a man without glasses.",14,1,14,0,5,1,0,"{'DALLE_3': [4, 4, 4], 'DeepFloyd_I_XL_v1': [1, 3, 2], 'Midjourney_6': [2, 3, 4], 'SDXL_2_1': [1, 3, 3], 'SDXL_Base': [1, 3, 2], 'SDXL_Turbo': [2, 3, 3]}"
173,"There are three men, the one in the center is jumping, and the others are standing.",19,1,19,0,3,5,0,"{'DALLE_3': [5, 5, 5], 'DeepFloyd_I_XL_v1': [4, 3, 3], 'Midjourney_6': [4, 5, 5], 'SDXL_2_1': [2, 2, 2], 'SDXL_Base': [2, 2, 2], 'SDXL_Turbo': [4, 3, 3]}"
174,A happy woman is on the right of a sad woman.,12,1,12,2,3,1,0,"{'DALLE_3': [3, 5, 5], 'DeepFloyd_I_XL_v1': [3, 2, 2], 'Midjourney_6': [4, 3, 3], 'SDXL_2_1': [3, 3, 3], 'SDXL_Base': [3, 3, 3], 'SDXL_Turbo': [3, 3, 3]}"
175,"The two lay in bed, the long-haired one asleep, the short-haired one still awake.",17,1,21,2,3,1,1,"{'DALLE_3': [3, 3, 2], 'DeepFloyd_I_XL_v1': [1, 2, 2], 'Midjourney_6': [2, 3, 2], 'SDXL_2_1': [1, 1, 1], 'SDXL_Base': [2, 3, 2], 'SDXL_Turbo': [2, 1, 1]}"
176,An injured man sitting on the ground with a man to his right who is helping him.,18,1,18,1,4,3,0,"{'DALLE_3': [5, 5, 5], 'DeepFloyd_I_XL_v1': [3, 4, 3], 'Midjourney_6': [3, 2, 2], 'SDXL_2_1': [3, 4, 3], 'SDXL_Base': [3, 2, 2], 'SDXL_Turbo': [2, 2, 2]}"
177,The larger person wears a yellow hat and the smaller person does not.,14,1,14,3,3,2,1,"{'DALLE_3': [2, 3, 2], 'DeepFloyd_I_XL_v1': [2, 2, 2], 'Midjourney_6': [3, 3, 2], 'SDXL_2_1': [1, 1, 1], 'SDXL_Base': [2, 2, 2], 'SDXL_Turbo': [2, 3, 2]}"
178,"Two people are running, the person with red legs is running quite slowly and the yellow-legged one is running faster.",22,1,24,2,4,6,3,"{'DALLE_3': [2, 2, 2], 'DeepFloyd_I_XL_v1': [1, 2, 2], 'Midjourney_6': [3, 5, 5], 'SDXL_2_1': [2, 1, 1], 'SDXL_Base': [2, 2, 2], 'SDXL_Turbo': [1, 1, 1]}"
179,"Adjacent houses stand side by side; the left one sports a chimney, while the right one has none.",21,1,21,3,7,2,0,"{'DALLE_3': [3, 3, 3], 'DeepFloyd_I_XL_v1': [5, 5, 5], 'Midjourney_6': [5, 5, 5], 'SDXL_2_1': [2, 2, 2], 'SDXL_Base': [2, 2, 2], 'SDXL_Turbo': [3, 2, 2]}"
180,"A bird chirping melodiously on the right, with another listening intently on the left.",16,1,20,0,3,2,2,"{'DALLE_3': [3, 2, 2], 'DeepFloyd_I_XL_v1': [4, 3, 3], 'Midjourney_6': [3, 3, 3], 'SDXL_2_1': [2, 2, 2], 'SDXL_Base': [2, 2, 2], 'SDXL_Turbo': [2, 3, 3]}"
181,A single snowflake falls gracefully among others swirling chaotically in the wind.,13,1,17,1,3,2,2,"{'DALLE_3': [2, 2, 2], 'DeepFloyd_I_XL_v1': [4, 4, 5], 'Midjourney_6': [3, 2, 2], 'SDXL_2_1': [2, 1, 1], 'SDXL_Base': [4, 5, 5], 'SDXL_Turbo': [4, 5, 5]}"
182,An old artist holding a paintbrush faces a young artist wielding a pencil.,14,1,15,2,4,3,0,"{'DALLE_3': [3, 3, 3], 'DeepFloyd_I_XL_v1': [1, 3, 3], 'Midjourney_6': [3, 4, 4], 'SDXL_2_1': [2, 2, 2], 'SDXL_Base': [3, 3, 3], 'SDXL_Turbo': [2, 1, 1]}"
183,"Among a group of pastel-colored balloons, one stands out in vibrant red.",14,1,16,3,2,1,0,"{'DALLE_3': [4, 5, 5], 'DeepFloyd_I_XL_v1': [2, 2, 2], 'Midjourney_6': [3, 4, 3], 'SDXL_2_1': [3, 2, 2], 'SDXL_Base': [2, 1, 1], 'SDXL_Turbo': [3, 2, 2]}"
184,A runner in blue shoes speeds past another in red shoes.,12,1,12,2,4,0,0,"{'DALLE_3': [4, 5, 5], 'DeepFloyd_I_XL_v1': [2, 3, 3], 'Midjourney_6': [2, 3, 3], 'SDXL_2_1': [3, 4, 3], 'SDXL_Base': [4, 3, 3], 'SDXL_Turbo': [1, 1, 1]}"
185,"A tailless, not black, cat is sitting.",10,1,11,1,2,2,1,"{'DALLE_3': [2, 3, 2], 'DeepFloyd_I_XL_v1': [2, 2, 2], 'Midjourney_6': [2, 2, 2], 'SDXL_2_1': [2, 3, 3], 'SDXL_Base': [2, 3, 3], 'SDXL_Turbo': [2, 2, 2]}"
186,A smiling girl with short hair and no glasses.,10,1,10,1,3,1,0,"{'DALLE_3': [3, 3, 3], 'DeepFloyd_I_XL_v1': [3, 3, 3], 'Midjourney_6': [3, 3, 3], 'SDXL_2_1': [5, 5, 5], 'SDXL_Base': [5, 5, 5], 'SDXL_Turbo': [5, 5, 5]}"
187,"A bookshelf with no books, only a single red vase.",12,1,12,2,3,0,1,"{'DALLE_3': [2, 2, 2], 'DeepFloyd_I_XL_v1': [2, 3, 2], 'Midjourney_6': [2, 3, 2], 'SDXL_2_1': [2, 1, 1], 'SDXL_Base': [2, 2, 2], 'SDXL_Turbo': [2, 2, 2]}"
188,"A bird with no feathers on its head, perched alone.",12,1,12,0,3,1,1,"{'DALLE_3': [3, 4, 4], 'DeepFloyd_I_XL_v1': [3, 3, 4], 'Midjourney_6': [3, 3, 3], 'SDXL_2_1': [3, 4, 4], 'SDXL_Base': [3, 3, 4], 'SDXL_Turbo': [3, 4, 4]}"
189,"A car, not red, without its front wheels, parked.",13,1,13,1,3,1,1,"{'DALLE_3': [1, 1, 1], 'DeepFloyd_I_XL_v1': [1, 1, 1], 'Midjourney_6': [1, 3, 2], 'SDXL_2_1': [4, 4, 4], 'SDXL_Base': [1, 1, 1], 'SDXL_Turbo': [1, 1, 1]}"
190,"A yellow bird sings, a cat does not sing.",11,1,11,1,3,2,1,"{'DALLE_3': [3, 4, 4], 'DeepFloyd_I_XL_v1': [3, 1, 1], 'Midjourney_6': [1, 2, 1], 'SDXL_2_1': [1, 1, 1], 'SDXL_Base': [1, 1, 1], 'SDXL_Turbo': [3, 3, 3]}"
191,A pair of glasses without lenses.,7,1,7,0,3,0,0,"{'DALLE_3': [2, 2, 2], 'DeepFloyd_I_XL_v1': [3, 4, 5], 'Midjourney_6': [2, 3, 3], 'SDXL_2_1': [2, 5, 4], 'SDXL_Base': [2, 1, 1], 'SDXL_Turbo': [2, 3, 3]}"
192,A colorful skirt has an uncolorful hem.,8,1,9,2,2,1,0,"{'DALLE_3': [3, 4, 4], 'DeepFloyd_I_XL_v1': [3, 3, 3], 'Midjourney_6': [3, 4, 4], 'SDXL_2_1': [3, 3, 4], 'SDXL_Base': [3, 4, 4], 'SDXL_Turbo': [3, 4, 4]}"
193,"A plate with no food, only a fork and a knife.",13,1,13,0,4,0,1,"{'DALLE_3': [3, 4, 4], 'DeepFloyd_I_XL_v1': [3, 4, 4], 'Midjourney_6': [3, 4, 4], 'SDXL_2_1': [3, 3, 3], 'SDXL_Base': [5, 5, 5], 'SDXL_Turbo': [3, 3, 3]}"
194,A book on the desk isn't open and a book below the desk is open.,17,1,17,2,4,2,1,"{'DALLE_3': [1, 1, 1], 'DeepFloyd_I_XL_v1': [1, 1, 1], 'Midjourney_6': [2, 1, 1], 'SDXL_2_1': [2, 1, 1], 'SDXL_Base': [2, 1, 1], 'SDXL_Turbo': [3, 2, 2]}"
195,A person without a hat pays a person with a hat.,12,1,12,0,4,1,0,"{'DALLE_3': [3, 4, 3], 'DeepFloyd_I_XL_v1': [2, 3, 2], 'Midjourney_6': [2, 1, 2], 'SDXL_2_1': [2, 2, 2], 'SDXL_Base': [2, 1, 1], 'SDXL_Turbo': [2, 1, 1]}"
196,The larger person wears blue and the smaller person does not.,12,1,12,3,3,1,1,"{'DALLE_3': [3, 3, 3], 'DeepFloyd_I_XL_v1': [2, 2, 2], 'Midjourney_6': [3, 3, 3], 'SDXL_2_1': [2, 2, 2], 'SDXL_Base': [2, 1, 1], 'SDXL_Turbo': [2, 2, 2]}"
197,six people wear white shirts and no people wear red shirts.,12,1,12,2,4,2,0,"{'DALLE_3': [4, 4, 3], 'DeepFloyd_I_XL_v1': [2, 2, 2], 'Midjourney_6': [1, 1, 2], 'SDXL_2_1': [2, 1, 2], 'SDXL_Base': [1, 1, 2], 'SDXL_Turbo': [1, 3, 2]}"
198,A cat without visible ears is riding.,8,1,8,1,2,2,0,"{'DALLE_3': [2, 1, 2], 'DeepFloyd_I_XL_v1': [3, 3, 3], 'Midjourney_6': [3, 3, 3], 'SDXL_2_1': [2, 1, 2], 'SDXL_Base': [3, 3, 3], 'SDXL_Turbo': [3, 3, 3]}"
199,"Four elephants, no giraffes.",6,1,7,0,2,0,0,"{'DALLE_3': [1, 2, 2], 'DeepFloyd_I_XL_v1': [3, 3, 3], 'Midjourney_6': [5, 5, 5], 'SDXL_2_1': [5, 4, 3], 'SDXL_Base': [3, 3, 3], 'SDXL_Turbo': [3, 3, 3]}"
200,two people; the one on the right has long hair and the one on the left doesn't.,20,1,20,0,5,2,2,"{'DALLE_3': [5, 5, 5], 'DeepFloyd_I_XL_v1': [3, 2, 2], 'Midjourney_6': [3, 2, 2], 'SDXL_2_1': [3, 2, 2], 'SDXL_Base': [3, 2, 2], 'SDXL_Turbo': [3, 2, 2]}"
201,A person with short hair is crying while a person with long hair is not.,16,1,16,2,4,3,1,"{'DALLE_3': [3, 2, 2], 'DeepFloyd_I_XL_v1': [1, 1, 1], 'Midjourney_6': [2, 2, 3], 'SDXL_2_1': [2, 2, 2], 'SDXL_Base': [2, 2, 2], 'SDXL_Turbo': [1, 2, 2]}"
202,the pet on the right is blue and the one on the left is not.,16,1,16,1,4,2,1,"{'DALLE_3': [3, 2, 3], 'DeepFloyd_I_XL_v1': [2, 2, 2], 'Midjourney_6': [2, 2, 2], 'SDXL_2_1': [2, 2, 2], 'SDXL_Base': [3, 2, 3], 'SDXL_Turbo': [2, 2, 2]}"
203,a person without a hat pushes a person with a hat sitting in a box.,16,1,16,0,5,2,0,"{'DALLE_3': [3, 2, 2], 'DeepFloyd_I_XL_v1': [3, 1, 2], 'Midjourney_6': [2, 2, 1], 'SDXL_2_1': [2, 1, 1], 'SDXL_Base': [2, 3, 2], 'SDXL_Turbo': [3, 2, 3]}"
204,"In a race between a tortoise and a hare, the tortoise takes a nap, but the hare does not.",22,1,22,0,6,2,1,"{'DALLE_3': [4, 4, 5], 'DeepFloyd_I_XL_v1': [2, 4, 3], 'Midjourney_6': [1, 1, 1], 'SDXL_2_1': [1, 1, 1], 'SDXL_Base': [1, 1, 2], 'SDXL_Turbo': [2, 1, 2]}"
205,"There are some apples on the table, no oranges.",11,1,11,0,3,1,0,"{'DALLE_3': [3, 2, 2], 'DeepFloyd_I_XL_v1': [4, 5, 5], 'Midjourney_6': [4, 5, 5], 'SDXL_2_1': [4, 5, 5], 'SDXL_Base': [4, 5, 5], 'SDXL_Turbo': [4, 4, 5]}"
206,A garden where flowers grow out of pots without soil.,11,1,11,0,4,1,0,"{'DALLE_3': [3, 2, 2], 'DeepFloyd_I_XL_v1': [3, 2, 2], 'Midjourney_6': [3, 2, 2], 'SDXL_2_1': [3, 2, 2], 'SDXL_Base': [3, 2, 2], 'SDXL_Turbo': [3, 2, 2]}"
207,"A garden with flowers, but no bees to be seen.",12,1,12,0,3,2,0,"{'DALLE_3': [3, 2, 2], 'DeepFloyd_I_XL_v1': [3, 4, 4], 'Midjourney_6': [4, 5, 5], 'SDXL_2_1': [3, 4, 5], 'SDXL_Base': [3, 4, 5], 'SDXL_Turbo': [4, 5, 5]}"
208,"A bookshelf with no books, only picture frames.",10,1,10,0,4,0,1,"{'DALLE_3': [3, 2, 3], 'DeepFloyd_I_XL_v1': [2, 1, 1], 'Midjourney_6': [3, 3, 2], 'SDXL_2_1': [2, 1, 1], 'SDXL_Base': [3, 2, 2], 'SDXL_Turbo': [2, 1, 1]}"
209,"A car drives down the road without wheels, floating above the ground.",14,1,14,0,4,2,0,"{'DALLE_3': [3, 4, 4], 'DeepFloyd_I_XL_v1': [3, 3, 4], 'Midjourney_6': [3, 3, 3], 'SDXL_2_1': [2, 2, 2], 'SDXL_Base': [2, 2, 2], 'SDXL_Turbo': [3, 3, 2]}"
210,"The tallest tree in the forest has no leaves, while the smallest one is lush and green.",19,1,19,4,4,2,0,"{'DALLE_3': [3, 4, 3], 'DeepFloyd_I_XL_v1': [2, 1, 1], 'Midjourney_6': [2, 2, 3], 'SDXL_2_1': [1, 1, 1], 'SDXL_Base': [3, 2, 2], 'SDXL_Turbo': [2, 2, 3]}"
211,A car moves forward but a bicycle doesn't.,10,1,10,0,2,2,2,"{'DALLE_3': [3, 2, 3], 'DeepFloyd_I_XL_v1': [3, 1, 1], 'Midjourney_6': [3, 4, 5], 'SDXL_2_1': [1, 1, 1], 'SDXL_Base': [2, 2, 2], 'SDXL_Turbo': [3, 4, 4]}"
212,"A vase with water, but no flowers to nourish.",11,1,11,0,3,1,0,"{'DALLE_3': [3, 2, 2], 'DeepFloyd_I_XL_v1': [2, 2, 2], 'Midjourney_6': [3, 2, 4], 'SDXL_2_1': [3, 2, 3], 'SDXL_Base': [3, 2, 2], 'SDXL_Turbo': [2, 2, 2]}"
213,"A snowman with a hat, and no scarf around its neck.",13,1,13,0,4,0,0,"{'DALLE_3': [3, 3, 3], 'DeepFloyd_I_XL_v1': [3, 3, 3], 'Midjourney_6': [3, 3, 3], 'SDXL_2_1': [4, 4, 3], 'SDXL_Base': [3, 3, 3], 'SDXL_Turbo': [3, 3, 3]}"
214,"A mountain with no snow, under a bright sky.",11,1,11,1,3,0,0,"{'DALLE_3': [3, 3, 3], 'DeepFloyd_I_XL_v1': [3, 5, 5], 'Midjourney_6': [3, 2, 2], 'SDXL_2_1': [3, 2, 3], 'SDXL_Base': [4, 4, 3], 'SDXL_Turbo': [4, 5, 5]}"
215,"A cat sleeps peacefully in a dog's bed, while the dog has no choice but to nap on the floor.",23,1,23,0,6,3,1,"{'DALLE_3': [3, 4, 3], 'DeepFloyd_I_XL_v1': [2, 3, 3], 'Midjourney_6': [3, 3, 3], 'SDXL_2_1': [2, 2, 2], 'SDXL_Base': [2, 2, 2], 'SDXL_Turbo': [2, 2, 2]}"
216,"A beach with no people, no shells.",9,1,9,0,3,0,0,"{'DALLE_3': [3, 3, 4], 'DeepFloyd_I_XL_v1': [4, 5, 5], 'Midjourney_6': [3, 3, 4], 'SDXL_2_1': [4, 5, 5], 'SDXL_Base': [4, 5, 5], 'SDXL_Turbo': [4, 5, 5]}"
217,"A tree with no leaves, standing in a field of green.",13,1,13,1,3,1,0,"{'DALLE_3': [3, 5, 5], 'DeepFloyd_I_XL_v1': [3, 2, 3], 'Midjourney_6': [4, 5, 4], 'SDXL_2_1': [5, 5, 5], 'SDXL_Base': [5, 5, 5], 'SDXL_Turbo': [4, 3, 5]}"
218,"A modern home office setup, a computer monitor on the desk showing a digital calendar with 'Meeting at 3 PM' highlighted.",24,1,27,2,8,3,0,"{'DALLE_3': [5, 4, 3], 'DeepFloyd_I_XL_v1': [3, 3, 3], 'Midjourney_6': [4, 3, 3], 'SDXL_2_1': [2, 2, 2], 'SDXL_Base': [3, 4, 3], 'SDXL_Turbo': [3, 3, 3]}"
219,"A busy urban intersection, a traffic sign at the roadside displaying 'Speed Limit 30 mph'.",18,1,19,2,6,2,0,"{'DALLE_3': [4, 4, 4], 'DeepFloyd_I_XL_v1': [3, 3, 3], 'Midjourney_6': [3, 3, 3], 'SDXL_2_1': [3, 4, 3], 'SDXL_Base': [3, 3, 3], 'SDXL_Turbo': [3, 3, 3]}"
220,"A typewriter on a wooden desk, paper rolled in displaying the words 'Chapter 1' in classic font.",20,1,21,2,5,2,0,"{'DALLE_3': [4, 4, 3], 'DeepFloyd_I_XL_v1': [4, 4, 3], 'Midjourney_6': [3, 4, 3], 'SDXL_2_1': [3, 2, 3], 'SDXL_Base': [4, 4, 3], 'SDXL_Turbo': [3, 3, 3]}"
221,"A rustic bakery storefront, the window adorned with a 'Fresh Breads Daily' sign, loaves visible behind the glass.",22,1,25,3,7,2,0,"{'DALLE_3': [3, 3, 3], 'DeepFloyd_I_XL_v1': [4, 4, 4], 'Midjourney_6': [3, 2, 2], 'SDXL_2_1': [3, 2, 2], 'SDXL_Base': [3, 2, 2], 'SDXL_Turbo': [3, 2, 3]}"
222,"A serene beach scene at sunset with 'Paradise Awaits' written in the sand, the ocean gently lapping at the letters.",23,1,25,2,7,2,1,"{'DALLE_3': [4, 4, 3], 'DeepFloyd_I_XL_v1': [4, 4, 4], 'Midjourney_6': [3, 2, 2], 'SDXL_2_1': [3, 2, 2], 'SDXL_Base': [3, 3, 3], 'SDXL_Turbo': [3, 2, 3]}"
223,"A bustling city street, a neon 'Open 24 Hours' sign glowing above a small diner.",18,1,21,2,6,1,0,"{'DALLE_3': [4, 4, 4], 'DeepFloyd_I_XL_v1': [2, 2, 2], 'Midjourney_6': [2, 3, 3], 'SDXL_2_1': [2, 3, 3], 'SDXL_Base': [2, 2, 2], 'SDXL_Turbo': [3, 3, 2]}"
224,A snowy mountain peak with a wooden signpost reading 'Summit Trail' against a clear blue sky.,18,1,21,2,8,0,0,"{'DALLE_3': [4, 4, 4], 'DeepFloyd_I_XL_v1': [3, 2, 2], 'Midjourney_6': [3, 2, 2], 'SDXL_2_1': [3, 3, 3], 'SDXL_Base': [3, 2, 2], 'SDXL_Turbo': [3, 2, 2]}"
225,"A garden gate with 'Welcome Friends' painted on a hanging wooden plaque, surrounded by blooming flowers.",19,1,20,1,6,4,0,"{'DALLE_3': [5, 4, 5], 'DeepFloyd_I_XL_v1': [3, 2, 3], 'Midjourney_6': [4, 2, 2], 'SDXL_2_1': [3, 2, 2], 'SDXL_Base': [4, 5, 5], 'SDXL_Turbo': [3, 3, 3]}"
226,"An elegant wedding venue, a 'Just Married' banner draped across the back of a vintage car.",19,1,20,2,7,1,0,"{'DALLE_3': [5, 5, 5], 'DeepFloyd_I_XL_v1': [3, 2, 2], 'Midjourney_6': [3, 3, 2], 'SDXL_2_1': [3, 3, 3], 'SDXL_Base': [3, 2, 2], 'SDXL_Turbo': [3, 3, 3]}"
227,"'Book Nook' carved on a small library door, lantern-lit beside.",13,1,16,3,3,1,0,"{'DALLE_3': [4, 4, 3], 'DeepFloyd_I_XL_v1': [3, 2, 2], 'Midjourney_6': [2, 1, 2], 'SDXL_2_1': [3, 2, 2], 'SDXL_Base': [2, 2, 2], 'SDXL_Turbo': [3, 1, 2]}"
228,A 'No Parking' sign on a busy street.,10,1,11,2,3,0,0,"{'DALLE_3': [5, 5, 5], 'DeepFloyd_I_XL_v1': [4, 4, 4], 'Midjourney_6': [3, 3, 3], 'SDXL_2_1': [3, 4, 4], 'SDXL_Base': [3, 3, 5], 'SDXL_Turbo': [4, 3, 3]}"
229,"A 'Veggie Patch' sign staked in a garden, lush greens around.",14,1,17,2,4,1,0,"{'DALLE_3': [5, 4, 4], 'DeepFloyd_I_XL_v1': [4, 3, 3], 'Midjourney_6': [3, 2, 3], 'SDXL_2_1': [3, 2, 2], 'SDXL_Base': [3, 3, 3], 'SDXL_Turbo': [4, 3, 3]}"
230,'Tea Time' painted on a quaint cafe sign.,10,1,11,2,3,1,0,"{'DALLE_3': [5, 4, 5], 'DeepFloyd_I_XL_v1': [5, 4, 4], 'Midjourney_6': [1, 2, 3], 'SDXL_2_1': [2, 2, 2], 'SDXL_Base': [3, 3, 3], 'SDXL_Turbo': [5, 3, 4]}"
231,'Zen Garden' etched into a stone at a peaceful retreat.,12,1,13,1,3,1,0,"{'DALLE_3': [5, 41, 4], 'DeepFloyd_I_XL_v1': [2, 1, 1], 'Midjourney_6': [1, 1, 1], 'SDXL_2_1': [1, 1, 1], 'SDXL_Base': [1, 1, 1], 'SDXL_Turbo': [1, 1, 1]}"
232,'Eco Market' on a banner above a green lifestyle fair.,12,1,13,3,3,0,0,"{'DALLE_3': [4, 3, 3], 'DeepFloyd_I_XL_v1': [4, 4, 3], 'Midjourney_6': [2, 2, 2], 'SDXL_2_1': [3, 2, 3], 'SDXL_Base': [4, 4, 4], 'SDXL_Turbo': [2, 3, 3]}"
233,'Art Center' is spray-painted on the wall of the City Gallery.,13,1,16,1,4,1,0,"{'DALLE_3': [3, 3, 3], 'DeepFloyd_I_XL_v1': [4, 4, 4], 'Midjourney_6': [2, 2, 2], 'SDXL_2_1': [2, 1, 1], 'SDXL_Base': [2, 2, 2], 'SDXL_Turbo': [2, 2, 3]}"
234,'Jazz Night' flashing on a neon sign at the entrance to the Music Lounge.,16,1,17,1,6,0,0,"{'DALLE_3': [4, 4, 4], 'DeepFloyd_I_XL_v1': [3, 3, 3], 'Midjourney_6': [3, 2, 3], 'SDXL_2_1': [3, 3, 3], 'SDXL_Base': [4, 4, 4], 'SDXL_Turbo': [3, 3, 3]}"
235,A sign in park says 'Bike Lane.',9,1,9,0,3,1,0,"{'DALLE_3': [3, 2, 2], 'DeepFloyd_I_XL_v1': [4, 5, 5], 'Midjourney_6': [3, 1, 2], 'SDXL_2_1': [3, 2, 1], 'SDXL_Base': [2, 2, 2], 'SDXL_Turbo': [2, 1, 1]}"
236,"A mystical forest clearing, illuminated by 'Moonlit Path' glowing runes hovering above the ground, guiding wanderers at night.",22,1,25,2,8,3,0,"{'DALLE_3': [3, 1, 1], 'DeepFloyd_I_XL_v1': [3, 2, 1], 'Midjourney_6': [3, 1, 1], 'SDXL_2_1': [3, 1, 1], 'SDXL_Base': [3, 1, 1], 'SDXL_Turbo': [3, 1, 1]}"
237,"An ancient library hidden beneath the earth, 'Secrets of the Ages' inscribed on the archway, books floating around as if by magic.",26,1,30,2,8,1,1,"{'DALLE_3': [3, 3, 3], 'DeepFloyd_I_XL_v1': [2, 3, 3], 'Midjourney_6': [2, 3, 3], 'SDXL_2_1': [2, 2, 2], 'SDXL_Base': [2, 2, 2], 'SDXL_Turbo': [2, 2, 3]}"
238,"In a mysterious swamp, the flowers are taller than the trees.",13,1,13,1,3,1,1,"{'DALLE_3': [2, 2, 2], 'DeepFloyd_I_XL_v1': [2, 2, 2], 'Midjourney_6': [2, 2, 2], 'SDXL_2_1': [2, 2, 2], 'SDXL_Base': [3, 2, 2], 'SDXL_Turbo': [3, 2, 2]}"
239,"A small dog with wings, wearing a bell around its neck that is bigger than itself.",18,1,18,2,4,2,0,"{'DALLE_3': [3, 4, 4], 'DeepFloyd_I_XL_v1': [2, 2, 2], 'Midjourney_6': [3, 3, 3], 'SDXL_2_1': [2, 2, 2], 'SDXL_Base': [2, 3, 3], 'SDXL_Turbo': [3, 2, 3]}"
240,A gigantic dog that is taller than the tree next to it.,13,1,13,4,1,1,0,"{'DALLE_3': [3, 2, 3], 'DeepFloyd_I_XL_v1': [4, 5, 5], 'Midjourney_6': [3, 4, 4], 'SDXL_2_1': [3, 2, 3], 'SDXL_Base': [3, 3, 3], 'SDXL_Turbo': [3, 3, 3]}"
241,A magical flower is taller than the house next to it.,12,1,12,2,2,1,0,"{'DALLE_3': [5, 5, 5], 'DeepFloyd_I_XL_v1': [5, 5, 5], 'Midjourney_6': [5, 5, 5], 'SDXL_2_1': [2, 2, 2], 'SDXL_Base': [2, 1, 2], 'SDXL_Turbo': [2, 3, 3]}"
242,"A green pumpkin is smiling happily, while a red pumpkin is sitting sadly.",15,1,15,2,2,4,2,"{'DALLE_3': [4, 5, 5], 'DeepFloyd_I_XL_v1': [3, 3, 3], 'Midjourney_6': [3, 3, 3], 'SDXL_2_1': [3, 2, 3], 'SDXL_Base': [2, 1, 1], 'SDXL_Turbo': [3, 3, 3]}"
243,"In a mysterious forest, the leaves of a green tree shimmer with a silvery glow, contrasting the dim leaves of a nearby red tree.",27,1,28,4,8,2,0,"{'DALLE_3': [3, 4, 4], 'DeepFloyd_I_XL_v1': [1, 1, 1], 'Midjourney_6': [4, 5, 5], 'SDXL_2_1': [3, 4, 3], 'SDXL_Base': [2, 3, 3], 'SDXL_Turbo': [3, 2, 2]}"
244,"In a magnificent castle, a red dragon sits and a green dragon flies.",15,1,15,3,5,0,0,"{'DALLE_3': [4, 4, 5], 'DeepFloyd_I_XL_v1': [1, 2, 2], 'Midjourney_6': [2, 3, 3], 'SDXL_2_1': [1, 1, 1], 'SDXL_Base': [1, 2, 2], 'SDXL_Turbo': [1, 2, 2]}"
245,"A magician holds two books; the left one is open, the right one is closed.",18,1,18,3,3,4,0,"{'DALLE_3': [3, 3, 2], 'DeepFloyd_I_XL_v1': [2, 2, 2], 'Midjourney_6': [3, 3, 2], 'SDXL_2_1': [1, 1, 1], 'SDXL_Base': [3, 3, 2], 'SDXL_Turbo': [2, 1, 1]}"
246,"A mystical forest at twilight, illuminated by three floating orbs, with one unicorn drinking from a clear stream.",21,1,22,3,5,2,0,"{'DALLE_3': [4, 5, 5], 'DeepFloyd_I_XL_v1': [3, 4, 4], 'Midjourney_6': [3, 3, 3], 'SDXL_2_1': [3, 2, 3], 'SDXL_Base': [2, 3, 3], 'SDXL_Turbo': [3, 2, 3]}"
247,"One ancient scroll is unfurled inside a cavern, lit by two large crystals emitting a soft glow.",19,1,23,3,5,3,0,"{'DALLE_3': [5, 5, 5], 'DeepFloyd_I_XL_v1': [1, 1, 1], 'Midjourney_6': [4, 4, 4], 'SDXL_2_1': [1, 1, 1], 'SDXL_Base': [1, 1, 2], 'SDXL_Turbo': [1, 1, 1]}"
248,"One pirate ship sailing through space, crewed by five robots.",12,1,13,0,4,2,0,"{'DALLE_3': [4, 4, 4], 'DeepFloyd_I_XL_v1': [3, 3, 3], 'Midjourney_6': [4, 3, 3], 'SDXL_2_1': [3, 2, 3], 'SDXL_Base': [4, 4, 4], 'SDXL_Turbo': [3, 3, 3]}"
249,"A glowing ancient tree with five lanterns, surrounded by fireflies.",12,1,13,1,4,1,0,"{'DALLE_3': [3, 3, 4], 'DeepFloyd_I_XL_v1': [2, 2, 2], 'Midjourney_6': [4, 3, 4], 'SDXL_2_1': [2, 2, 3], 'SDXL_Base': [3, 3, 3], 'SDXL_Turbo': [3, 2, 3]}"
250,Three floating islands above one waterfall in a valley.,10,1,10,0,3,1,0,"{'DALLE_3': [4, 4, 4], 'DeepFloyd_I_XL_v1': [2, 2, 2], 'Midjourney_6': [3, 4, 4], 'SDXL_2_1': [1, 2, 2], 'SDXL_Base': [3, 2, 2], 'SDXL_Turbo': [2, 2, 2]}"
251,"One phoenix soaring above a mountain, its wings shedding three golden feathers.",14,1,14,1,4,2,0,"{'DALLE_3': [4, 4, 4], 'DeepFloyd_I_XL_v1': [3, 3, 3], 'Midjourney_6': [3, 2, 3], 'SDXL_2_1': [3, 2, 3], 'SDXL_Base': [4, 2, 2], 'SDXL_Turbo': [4, 2, 3]}"
252,"A table laden with apples and bananas, where all the fruits are green.",15,1,15,2,4,1,0,"{'DALLE_3': [3, 3, 3], 'DeepFloyd_I_XL_v1': [3, 3, 33], 'Midjourney_6': [4, 4, 5], 'SDXL_2_1': [2, 2, 2], 'SDXL_Base': [2, 2, 2], 'SDXL_Turbo': [3, 2, 3]}"
253,"In a modern laboratory, all the computer screens are turned on.",13,1,14,1,3,2,0,"{'DALLE_3': [4, 5, 5], 'DeepFloyd_I_XL_v1': [4, 5, 5], 'Midjourney_6': [4, 5, 5], 'SDXL_2_1': [4, 4, 4], 'SDXL_Base': [4, 5, 5], 'SDXL_Turbo': [3, 4, 3]}"
254,"A landscape where every tree is in full bloom, with petals covering the entirety of the ground.",19,1,19,1,6,2,0,"{'DALLE_3': [4, 5, 5], 'DeepFloyd_I_XL_v1': [4, 5, 5], 'Midjourney_6': [4, 5, 5], 'SDXL_2_1': [1, 1, 1], 'SDXL_Base': [4, 5, 5], 'SDXL_Turbo': [3, 5, 5]}"
255,"Inside a library where each book spine displays a unique, intricate pattern.",14,1,15,3,3,1,0,"{'DALLE_3': [4, 5, 5], 'DeepFloyd_I_XL_v1': [2, 3, 3], 'Midjourney_6': [1, 1, 1], 'SDXL_2_1': [4, 4, 4], 'SDXL_Base': [2, 3, 3], 'SDXL_Turbo': [4, 4, 3]}"
256,"An aquarium where every tank is home to a multitude of colorful fish, swimming in harmony.",18,1,19,1,5,3,0,"{'DALLE_3': [4, 4, 4], 'DeepFloyd_I_XL_v1': [4, 4, 4], 'Midjourney_6': [4, 4, 4], 'SDXL_2_1': [3, 4, 4], 'SDXL_Base': [3, 4, 4], 'SDXL_Turbo': [4, 5, 5]}"
257,"In a square, several children are playing, each wearing a red T-shirt.",15,1,17,2,3,3,0,"{'DALLE_3': [3, 3, 3], 'DeepFloyd_I_XL_v1': [4, 5, 5], 'Midjourney_6': [4, 5, 5], 'SDXL_2_1': [2, 3, 3], 'SDXL_Base': [3, 5, 5], 'SDXL_Turbo': [2, 3, 4]}"
258,"A garden where every flower is in full bloom, showcasing a rainbow of colors.",16,1,16,1,5,2,0,"{'DALLE_3': [4, 5, 5], 'DeepFloyd_I_XL_v1': [4, 5, 5], 'Midjourney_6': [3, 5, 5], 'SDXL_2_1': [5, 5, 5], 'SDXL_Base': [4, 5, 5], 'SDXL_Turbo': [4, 5, 5]}"
259,A bustling kitchen where every chef is preparing a dish.,11,1,12,0,4,2,0,"{'DALLE_3': [2, 2, 2], 'DeepFloyd_I_XL_v1': [4, 5, 5], 'Midjourney_6': [4, 5, 5], 'SDXL_2_1': [3, 5, 5], 'SDXL_Base': [4, 5, 5], 'SDXL_Turbo': [3, 4, 3]}"
260,"On the grass, all the children are lying down, laughing joyfully.",14,1,15,0,2,3,1,"{'DALLE_3': [5, 5, 5], 'DeepFloyd_I_XL_v1': [1, 3, 2], 'Midjourney_6': [4, 5, 5], 'SDXL_2_1': [1, 3, 3], 'SDXL_Base': [1, 4, 4], 'SDXL_Turbo': [1, 3, 2]}"
261,A classroom where every student's desk is covered with creative projects and experiments.,15,1,15,1,5,2,0,"{'DALLE_3': [4, 5, 5], 'DeepFloyd_I_XL_v1': [3, 2, 2], 'Midjourney_6': [3, 5, 5], 'SDXL_2_1': [2, 2, 2], 'SDXL_Base': [3, 5, 5], 'SDXL_Turbo': [3, 4, 3]}"
262,"In an enchanted forest, every tree is joyfully dancing.",11,1,12,1,2,2,1,"{'DALLE_3': [2, 4, 3], 'DeepFloyd_I_XL_v1': [2, 2, 2], 'Midjourney_6': [2, 4, 3], 'SDXL_2_1': [1, 2, 2], 'SDXL_Base': [3, 3, 3], 'SDXL_Turbo': [3, 3, 3]}"
263,"Little fairies are flying in the sky, each with pink butterfly wings.",14,1,14,1,5,2,0,"{'DALLE_3': [5, 5, 5], 'DeepFloyd_I_XL_v1': [4, 5, 5], 'Midjourney_6': [4, 3, 3], 'SDXL_2_1': [2, 1, 2], 'SDXL_Base': [5, 5, 5], 'SDXL_Turbo': [5, 5, 5]}"
264,"An old-fashioned barber shop, where every chair is occupied by a customer under a barber's cape.",19,1,21,1,6,2,0,"{'DALLE_3': [4, 5, 5], 'DeepFloyd_I_XL_v1': [3, 5, 5], 'Midjourney_6': [4, 5, 5], 'SDXL_2_1': [2, 2, 2], 'SDXL_Base': [3, 5, 5], 'SDXL_Turbo': [1, 2, 2]}"
265,"A group of people are gathered at a party, all sitting around a dining table.",17,1,17,0,5,3,0,"{'DALLE_3': [4, 5, 5], 'DeepFloyd_I_XL_v1': [3, 5, 5], 'Midjourney_6': [4, 4, 4], 'SDXL_2_1': [3, 5, 5], 'SDXL_Base': [4, 4, 4], 'SDXL_Turbo': [3, 4, 4]}"
266,"Two chairs are in the room, both with books on them.",13,1,13,0,3,1,0,"{'DALLE_3': [3, 4, 4], 'DeepFloyd_I_XL_v1': [3, 4, 3], 'Midjourney_6': [2, 3, 3], 'SDXL_2_1': [2, 3, 3], 'SDXL_Base': [2, 3, 3], 'SDXL_Turbo': [2, 3, 2]}"
267,"A traditional potter's workshop, where every shelf holds rows of terracotta pots, each imprinted with intricate designs.",21,1,22,2,7,2,0,"{'DALLE_3': [4, 5, 5], 'DeepFloyd_I_XL_v1': [3, 3, 3], 'Midjourney_6': [4, 5, 5], 'SDXL_2_1': [3, 2, 3], 'SDXL_Base': [3, 3, 3], 'SDXL_Turbo': [3, 3, 3]}"
268,A bakery where every shelf is filled with a variety of bread and pastries.,15,1,15,0,5,2,0,"{'DALLE_3': [5, 5, 5], 'DeepFloyd_I_XL_v1': [4, 5, 5], 'Midjourney_6': [5, 5, 5], 'SDXL_2_1': [5, 5, 5], 'SDXL_Base': [4, 4, 3], 'SDXL_Turbo': [4, 4, 3]}"
269,"A spotted dog, a cat and a bird on a table.",13,1,13,1,4,0,0,"{'DALLE_3': [4, 3, 5], 'DeepFloyd_I_XL_v1': [4, 5, 5], 'Midjourney_6': [2, 3, 3], 'SDXL_2_1': [2, 4, 3], 'SDXL_Base': [2, 4, 2], 'SDXL_Turbo': [3, 2, 3]}"
270,"A dog, a cat and a chicken on a table.",12,1,12,0,4,0,0,"{'DALLE_3': [4, 5, 5], 'DeepFloyd_I_XL_v1': [2, 1, 2], 'Midjourney_6': [3, 4, 4], 'SDXL_2_1': [2, 1, 2], 'SDXL_Base': [2, 2, 3], 'SDXL_Turbo': [3, 4, 2]}"
271,A young man with a green bat and a blue ball.,12,1,12,3,3,0,0,"{'DALLE_3': [5, 5, 4], 'DeepFloyd_I_XL_v1': [2, 2, 2], 'Midjourney_6': [3, 4, 4], 'SDXL_2_1': [2, 2, 2], 'SDXL_Base': [2, 2, 2], 'SDXL_Turbo': [2, 1, 3]}"
272,A young man with a blue bat and a green ball.,12,1,12,3,3,0,0,"{'DALLE_3': [4, 5, 4], 'DeepFloyd_I_XL_v1': [3, 2, 3], 'Midjourney_6': [4, 4, 4], 'SDXL_2_1': [1, 1, 2], 'SDXL_Base': [3, 2, 3], 'SDXL_Turbo': [2, 2, 3]}"
273,parent pointing at a child.,6,1,6,0,2,1,0,"{'DALLE_3': [4, 3, 2], 'DeepFloyd_I_XL_v1': [2, 2, 2], 'Midjourney_6': [4, 5, 3], 'SDXL_2_1': [3, 2, 2], 'SDXL_Base': [3, 3, 3], 'SDXL_Turbo': [1, 2, 2]}"
274,A child pointing at parent.,6,1,6,0,2,1,0,"{'DALLE_3': [2, 2, 2], 'DeepFloyd_I_XL_v1': [3, 5, 3], 'Midjourney_6': [3, 5, 3], 'SDXL_2_1': [3, 2, 2], 'SDXL_Base': [2, 2, 2], 'SDXL_Turbo': [1, 2, 2]}"
275,A young lady wearing a T-shirt puts her hand on a puppy's head.,15,1,17,1,5,2,0,"{'DALLE_3': [3, 3, 5], 'DeepFloyd_I_XL_v1': [3, 3, 4], 'Midjourney_6': [4, 5, 5], 'SDXL_2_1': [3, 2, 3], 'SDXL_Base': [3, 3, 4], 'SDXL_Turbo': [3, 4, 5]}"
276,A young lady wearing a T-shirt puts her hand on a puppy's paw.,15,1,17,1,5,2,0,"{'DALLE_3': [3, 5, 5], 'DeepFloyd_I_XL_v1': [1, 5, 3], 'Midjourney_6': [2, 3, 4], 'SDXL_2_1': [2, 3, 3], 'SDXL_Base': [3, 4, 3], 'SDXL_Turbo': [1, 4, 2]}"
277,A young woman wearing a red T-shirt.,8,1,10,2,2,1,0,"{'DALLE_3': [5, 5, 5], 'DeepFloyd_I_XL_v1': [5, 5, 5], 'Midjourney_6': [5, 5, 5], 'SDXL_2_1': [4, 5, 4], 'SDXL_Base': [5, 5, 5], 'SDXL_Turbo': [5, 5, 5]}"
278,A young woman in a red long-sleeved dress.,9,1,12,3,2,0,0,"{'DALLE_3': [4, 4, 3], 'DeepFloyd_I_XL_v1': [4, 5, 4], 'Midjourney_6': [5, 5, 5], 'SDXL_2_1': [4, 4, 4], 'SDXL_Base': [4, 4, 4], 'SDXL_Turbo': [4, 4, 3]}"
279,A cat chasing a dog.,6,1,6,0,2,1,0,"{'DALLE_3': [2, 3, 4], 'DeepFloyd_I_XL_v1': [2, 2, 2], 'Midjourney_6': [3, 5, 5], 'SDXL_2_1': [1, 2, 3], 'SDXL_Base': [1, 3, 3], 'SDXL_Turbo': [1, 2, 2]}"
280,A dog chasing a cat.,6,1,6,0,2,1,0,"{'DALLE_3': [3, 5, 5], 'DeepFloyd_I_XL_v1': [1, 3, 3], 'Midjourney_6': [2, 2, 2], 'SDXL_2_1': [3, 3, 1], 'SDXL_Base': [2, 2, 2], 'SDXL_Turbo': [1, 2, 2]}"
281,A group of children playing in the garden.,9,1,9,0,3,1,0,"{'DALLE_3': [4, 5, 5], 'DeepFloyd_I_XL_v1': [3, 5, 5], 'Midjourney_6': [3, 5, 5], 'SDXL_2_1': [3, 5, 4], 'SDXL_Base': [4, 5, 5], 'SDXL_Turbo': [2, 5, 5]}"
282,A group of children playing on the beach.,9,1,9,0,3,1,0,"{'DALLE_3': [4, 5, 5], 'DeepFloyd_I_XL_v1': [4, 5, 5], 'Midjourney_6': [4, 5, 5], 'SDXL_2_1': [3, 5, 5], 'SDXL_Base': [3, 5, 4], 'SDXL_Turbo': [4, 5, 5]}"
283,A woman wearing a T-shirt and gloves.,8,1,10,0,3,1,0,"{'DALLE_3': [4, 5, 3], 'DeepFloyd_I_XL_v1': [4, 5, 5], 'Midjourney_6': [4, 5, 5], 'SDXL_2_1': [4, 5, 5], 'SDXL_Base': [4, 4, 5], 'SDXL_Turbo': [3, 5, 4]}"
284,A woman in a long-sleeved dress with a ring.,10,1,13,1,3,0,0,"{'DALLE_3': [5, 5, 4], 'DeepFloyd_I_XL_v1': [4, 3, 3], 'Midjourney_6': [4, 4, 4], 'SDXL_2_1': [3, 3, 4], 'SDXL_Base': [4, 4, 4], 'SDXL_Turbo': [3, 4, 4]}"
285,"A spotted dog, a cat and a bird on a round table.",14,1,14,1,5,0,0,"{'DALLE_3': [4, 5, 5], 'DeepFloyd_I_XL_v1': [2, 2, 2], 'Midjourney_6': [1, 3, 4], 'SDXL_2_1': [1, 3, 3], 'SDXL_Base': [2, 2, 3], 'SDXL_Turbo': [2, 3, 3]}"
286,"A dog, a cat and a bird on a chair.",12,1,12,0,4,0,0,"{'DALLE_3': [4, 4, 4], 'DeepFloyd_I_XL_v1': [3, 3, 3], 'Midjourney_6': [3, 3, 3], 'SDXL_2_1': [1, 2, 2], 'SDXL_Base': [3, 4, 4], 'SDXL_Turbo': [4, 4, 5]}"
287,A boy and a dog standing in the desert.,10,1,10,0,4,0,0,"{'DALLE_3': [4, 5, 5], 'DeepFloyd_I_XL_v1': [3, 5, 5], 'Midjourney_6': [4, 5, 5], 'SDXL_2_1': [4, 5, 5], 'SDXL_Base': [4, 4, 5], 'SDXL_Turbo': [2, 5, 3]}"
288,A boy and a dog standing on the beach.,10,1,10,0,3,1,0,"{'DALLE_3': [4, 5, 5], 'DeepFloyd_I_XL_v1': [2, 4, 4], 'Midjourney_6': [4, 5, 5], 'SDXL_2_1': [3, 4, 3], 'SDXL_Base': [4, 5, 5], 'SDXL_Turbo': [2, 3, 3]}"
289,A man is hugging a box full of flowers on the floor.,13,1,13,1,4,2,0,"{'DALLE_3': [4, 5, 5], 'DeepFloyd_I_XL_v1': [2, 4, 4], 'Midjourney_6': [4, 3, 3], 'SDXL_2_1': [3, 4, 4], 'SDXL_Base': [4, 4, 3], 'SDXL_Turbo': [2, 3, 3]}"
290,A man is pushing a box full of flowers on the floor.,13,1,13,1,4,2,0,"{'DALLE_3': [3, 5, 5], 'DeepFloyd_I_XL_v1': [2, 3, 3], 'Midjourney_6': [4, 5, 5], 'SDXL_2_1': [4, 3, 3], 'SDXL_Base': [4, 4, 4], 'SDXL_Turbo': [4, 5, 5]}"
291,A young man is holding a blue bat and a green ball.,13,1,13,3,3,2,0,"{'DALLE_3': [4, 5, 4], 'DeepFloyd_I_XL_v1': [3, 2, 2], 'Midjourney_6': [3, 4, 4], 'SDXL_2_1': [3, 1, 2], 'SDXL_Base': [3, 2, 2], 'SDXL_Turbo': [2, 3, 3]}"
292,One cat is sleeping on the table and the other is playing under the table.,16,1,16,1,3,4,0,"{'DALLE_3': [3, 4, 2], 'DeepFloyd_I_XL_v1': [1, 1, 2], 'Midjourney_6': [2, 2, 2], 'SDXL_2_1': [1, 1, 1], 'SDXL_Base': [2, 2, 3], 'SDXL_Turbo': [2, 2, 2]}"
293,One cat is sleeping on the table and the other one is awake under the table.,17,1,17,1,3,4,0,"{'DALLE_3': [2, 3, 3], 'DeepFloyd_I_XL_v1': [2, 2, 2], 'Midjourney_6': [2, 2, 2], 'SDXL_2_1': [1, 2, 2], 'SDXL_Base': [2, 2, 3], 'SDXL_Turbo': [2, 2, 2]}"
294,"There is a watering can and a flowerpot on the table, the watering can is bigger than the flowerpot.",21,1,23,1,5,2,0,"{'DALLE_3': [5, 4, 4], 'DeepFloyd_I_XL_v1': [3, 5, 5], 'Midjourney_6': [4, 3, 2], 'SDXL_2_1': [1, 1, 1], 'SDXL_Base': [3, 2, 2], 'SDXL_Turbo': [3, 4, 3]}"
295,A cute dog without a collar.,7,1,7,0,3,0,0,"{'DALLE_3': [5, 5, 5], 'DeepFloyd_I_XL_v1': [2, 2, 4], 'Midjourney_6': [3, 2, 2], 'SDXL_2_1': [3, 2, 2], 'SDXL_Base': [3, 2, 2], 'SDXL_Turbo': [3, 2, 3]}"
296,A cat is not black and its tail isn't visible.,12,1,12,2,2,2,2,"{'DALLE_3': [2, 2, 3], 'DeepFloyd_I_XL_v1': [2, 2, 3], 'Midjourney_6': [1, 1, 2], 'SDXL_2_1': [1, 1, 1], 'SDXL_Base': [1, 1, 2], 'SDXL_Turbo': [2, 2, 2]}"
297,"In the bedroom, there are three chairs with a book on each of them.",16,1,16,0,3,1,0,"{'DALLE_3': [2, 3, 3], 'DeepFloyd_I_XL_v1': [3, 4, 3], 'Midjourney_6': [2, 3, 3], 'SDXL_2_1': [3, 3, 3], 'SDXL_Base': [2, 2, 2], 'SDXL_Turbo': [1, 3, 2]}"
298,there are four chairs in the bedroom.,8,1,8,0,2,1,0,"{'DALLE_3': [4, 5, 5], 'DeepFloyd_I_XL_v1': [1, 2, 2], 'Midjourney_6': [2, 2, 2], 'SDXL_2_1': [1, 1, 2], 'SDXL_Base': [2, 3, 3], 'SDXL_Turbo': [1, 2, 2]}"
299,The chairs in the bedroom are all white.,9,1,9,1,2,1,0,"{'DALLE_3': [4, 5, 5], 'DeepFloyd_I_XL_v1': [3, 2, 3], 'Midjourney_6': [3, 5, 5], 'SDXL_2_1': [4, 5, 5], 'SDXL_Base': [4, 5, 5], 'SDXL_Turbo': [4, 5, 5]}"
300,A woman with red lipstick and a polka dot dress.,11,1,11,1,5,0,0,"{'DALLE_3': [4, 5, 4], 'DeepFloyd_I_XL_v1': [4, 5, 4], 'Midjourney_6': [4, 5, 4], 'SDXL_2_1': [3, 5, 3], 'SDXL_Base': [4, 5, 4], 'SDXL_Turbo': [4, 5, 4]}"
301,An artist in a paint-splattered apron holding a palette.,10,1,13,1,3,1,0,"{'DALLE_3': [4, 5, 5], 'DeepFloyd_I_XL_v1': [4, 5, 5], 'Midjourney_6': [4, 5, 5], 'SDXL_2_1': [2, 5, 4], 'SDXL_Base': [4, 5, 5], 'SDXL_Turbo': [3, 5, 5]}"
302,A man in a lab coat examining a beaker of colorful liquid.,13,1,14,1,5,1,0,"{'DALLE_3': [4, 5, 5], 'DeepFloyd_I_XL_v1': [4, 5, 4], 'Midjourney_6': [4, 5, 4], 'SDXL_2_1': [3, 5, 4], 'SDXL_Base': [4, 5, 5], 'SDXL_Turbo': [2, 3, 3]}"
303,A girl with pigtails is holding a giant sunflower.,10,1,11,1,3,2,0,"{'DALLE_3': [4, 5, 5], 'DeepFloyd_I_XL_v1': [2, 5, 3], 'Midjourney_6': [2, 2, 2], 'SDXL_2_1': [2, 2, 2], 'SDXL_Base': [3, 4, 3], 'SDXL_Turbo': [2, 1, 2]}"
304,A skateboarder performing a trick in an urban skate park.,11,1,12,1,4,1,0,"{'DALLE_3': [4, 5, 5], 'DeepFloyd_I_XL_v1': [4, 5, 5], 'Midjourney_6': [4, 5, 5], 'SDXL_2_1': [3, 5, 3], 'SDXL_Base': [3, 5, 5], 'SDXL_Turbo': [4, 5, 3]}"
305,A fisherman casting a line at sunrise by a tranquil lake.,12,1,12,2,3,1,0,"{'DALLE_3': [4, 5, 3], 'DeepFloyd_I_XL_v1': [5, 5, 5], 'Midjourney_6': [4, 5, 5], 'SDXL_2_1': [3, 4, 3], 'SDXL_Base': [4, 5, 5], 'SDXL_Turbo': [5, 5, 5]}"
306,A pilot in aviator sunglasses stepping into a small plane.,11,1,11,1,4,1,0,"{'DALLE_3': [4, 4, 3], 'DeepFloyd_I_XL_v1': [3, 3, 3], 'Midjourney_6': [3, 3, 3], 'SDXL_2_1': [4, 5, 4], 'SDXL_Base': [3, 3, 3], 'SDXL_Turbo': [3, 4, 3]}"
307,A young librarian is shelving books in a cozy library corner.,12,1,13,3,3,2,0,"{'DALLE_3': [4, 4, 3], 'DeepFloyd_I_XL_v1': [4, 5, 5], 'Midjourney_6': [3, 2, 2], 'SDXL_2_1': [3, 3, 3], 'SDXL_Base': [3, 3, 3], 'SDXL_Turbo': [2, 2, 2]}"
308,A farmer in overalls tending to a field of corn.,11,1,12,0,4,1,0,"{'DALLE_3': [4, 5, 5], 'DeepFloyd_I_XL_v1': [4, 5, 3], 'Midjourney_6': [4, 5, 5], 'SDXL_2_1': [3, 3, 5], 'SDXL_Base': [3, 5, 5], 'SDXL_Turbo': [4, 5, 5]}"
309,A child blowing bubbles in a field of daisies.,10,1,10,0,4,1,0,"{'DALLE_3': [4, 5, 5], 'DeepFloyd_I_XL_v1': [3, 5, 3], 'Midjourney_6': [4, 5, 5], 'SDXL_2_1': [2, 4, 3], 'SDXL_Base': [2, 5, 3], 'SDXL_Turbo': [3, 5, 5]}"
310,A surfer riding a large wave at sunset.,9,1,9,1,3,1,0,"{'DALLE_3': [4, 5, 5], 'DeepFloyd_I_XL_v1': [4, 5, 5], 'Midjourney_6': [4, 5, 5], 'SDXL_2_1': [4, 4, 4], 'SDXL_Base': [3, 4, 3], 'SDXL_Turbo': [3, 5, 5]}"
311,A hiker reaching the summit of a mountain with arms raised.,12,1,12,0,4,2,0,"{'DALLE_3': [4, 5, 5], 'DeepFloyd_I_XL_v1': [4, 5, 5], 'Midjourney_6': [4, 5, 5], 'SDXL_2_1': [4, 5, 5], 'SDXL_Base': [4, 5, 5], 'SDXL_Turbo': [4, 5, 5]}"
312,A dancer in a flowing dress spinning in a spotlight.,11,1,11,1,3,1,0,"{'DALLE_3': [5, 5, 5], 'DeepFloyd_I_XL_v1': [5, 5, 5], 'Midjourney_6': [5, 5, 5], 'SDXL_2_1': [4, 5, 5], 'SDXL_Base': [5, 5, 5], 'SDXL_Turbo': [4, 5, 5]}"
313,A sculptor chiseling a piece of marble.,8,1,9,0,3,1,0,"{'DALLE_3': [4, 5, 4], 'DeepFloyd_I_XL_v1': [1, 1, 2], 'Midjourney_6': [4, 5, 4], 'SDXL_2_1': [3, 5, 5], 'SDXL_Base': [3, 5, 4], 'SDXL_Turbo': [2, 4, 3]}"
314,A barista creating latte art in a cozy cafe.,10,1,10,1,4,1,0,"{'DALLE_3': [4, 5, 5], 'DeepFloyd_I_XL_v1': [3, 5, 3], 'Midjourney_6': [4, 5, 5], 'SDXL_2_1': [3, 4, 3], 'SDXL_Base': [4, 5, 5], 'SDXL_Turbo': [3, 5, 3]}"
315,A cyclist racing down a winding mountain path.,9,1,9,0,4,1,0,"{'DALLE_3': [4, 3, 5], 'DeepFloyd_I_XL_v1': [3, 5, 5], 'Midjourney_6': [4, 5, 5], 'SDXL_2_1': [4, 5, 3], 'SDXL_Base': [4, 5, 5], 'SDXL_Turbo': [4, 5, 3]}"
316,A gardener pruning roses in a vibrant garden.,9,1,9,1,3,1,0,"{'DALLE_3': [4, 5, 5], 'DeepFloyd_I_XL_v1': [3, 4, 5], 'Midjourney_6': [4, 5, 4], 'SDXL_2_1': [3, 4, 3], 'SDXL_Base': [4, 5, 4], 'SDXL_Turbo': [3, 5, 3]}"
317,Two joggers running along a misty riverbank at dawn.,10,1,12,1,3,1,1,"{'DALLE_3': [4, 3, 5], 'DeepFloyd_I_XL_v1': [4, 5, 4], 'Midjourney_6': [2, 5, 3], 'SDXL_2_1': [2, 3, 2], 'SDXL_Base': [3, 3, 2], 'SDXL_Turbo': [4, 5, 4]}"
318,A violinist playing in a candlelit room.,8,1,9,1,3,0,0,"{'DALLE_3': [3, 5, 5], 'DeepFloyd_I_XL_v1': [3, 5, 5], 'Midjourney_6': [4, 5, 5], 'SDXL_2_1': [1, 3, 3], 'SDXL_Base': [3, 5, 5], 'SDXL_Turbo': [3, 5, 5]}"
319,A mechanic working under the hood of a classic car.,11,1,11,2,2,1,0,"{'DALLE_3': [4, 5, 5], 'DeepFloyd_I_XL_v1': [4, 5, 5], 'Midjourney_6': [4, 5, 5], 'SDXL_2_1': [3, 4, 3], 'SDXL_Base': [4, 5, 5], 'SDXL_Turbo': [4, 3, 2]}"
320,A nurse comforting a patient in a hospital room.,10,1,10,1,3,1,0,"{'DALLE_3': [2, 5, 5], 'DeepFloyd_I_XL_v1': [3, 5, 5], 'Midjourney_6': [4, 5, 5], 'SDXL_2_1': [3, 5, 5], 'SDXL_Base': [1, 4, 3], 'SDXL_Turbo': [2, 4, 3]}"
321,A teacher standing in front of a world map in a classroom.,13,1,13,0,6,0,0,"{'DALLE_3': [4, 5, 5], 'DeepFloyd_I_XL_v1': [4, 5, 5], 'Midjourney_6': [4, 5, 5], 'SDXL_2_1': [3, 5, 5], 'SDXL_Base': [4, 5, 5], 'SDXL_Turbo': [4, 5, 5]}"
322,A child hunting for treasure with a metal detector on the beach.,13,1,13,0,5,1,0,"{'DALLE_3': [4, 5, 5], 'DeepFloyd_I_XL_v1': [3, 5, 5], 'Midjourney_6': [4, 4, 3], 'SDXL_2_1': [2, 4, 3], 'SDXL_Base': [4, 4, 3], 'SDXL_Turbo': [4, 4, 3]}"
323,A beekeeper tending to hives in a field of lavender.,11,1,13,0,4,1,0,"{'DALLE_3': [4, 5, 5], 'DeepFloyd_I_XL_v1': [3, 5, 5], 'Midjourney_6': [4, 5, 5], 'SDXL_2_1': [2, 5, 5], 'SDXL_Base': [3, 5, 5], 'SDXL_Turbo': [2, 5, 5]}"
324,A photographer capturing a butterfly on a wildflower.,9,1,9,0,3,1,0,"{'DALLE_3': [2, 3, 3], 'DeepFloyd_I_XL_v1': [3, 5, 5], 'Midjourney_6': [4, 5, 5], 'SDXL_2_1': [2, 2, 2], 'SDXL_Base': [2, 2, 2], 'SDXL_Turbo': [2, 4, 3]}"
325,A jogger and their dog running on the beach.,10,1,11,0,3,1,0,"{'DALLE_3': [4, 5, 5], 'DeepFloyd_I_XL_v1': [4, 3, 3], 'Midjourney_6': [3, 5, 5], 'SDXL_2_1': [3, 5, 5], 'SDXL_Base': [4, 3, 3], 'SDXL_Turbo': [2, 3, 3]}"
326,A magician pulling a rabbit out of a hat.,10,1,10,1,2,1,0,"{'DALLE_3': [4, 5, 5], 'DeepFloyd_I_XL_v1': [3, 4, 3], 'Midjourney_6': [2, 3, 2], 'SDXL_2_1': [1, 3, 2], 'SDXL_Base': [1, 2, 2], 'SDXL_Turbo': [1, 2, 2]}"
327,A detective examining clues with a magnifying glass.,9,1,10,1,4,0,0,"{'DALLE_3': [4, 5, 5], 'DeepFloyd_I_XL_v1': [2, 5, 5], 'Midjourney_6': [3, 5, 5], 'SDXL_2_1': [1, 4, 3], 'SDXL_Base': [3, 5, 5], 'SDXL_Turbo': [1, 4, 3]}"
328,A bride throwing her bouquet in a garden wedding.,10,1,10,0,4,1,0,"{'DALLE_3': [4, 5, 5], 'DeepFloyd_I_XL_v1': [4, 5, 5], 'Midjourney_6': [3, 4, 3], 'SDXL_2_1': [2, 3, 2], 'SDXL_Base': [3, 4, 3], 'SDXL_Turbo': [2, 4, 3]}"
329,A street performer juggling fire torches at night.,9,1,11,0,5,1,0,"{'DALLE_3': [4, 5, 5], 'DeepFloyd_I_XL_v1': [3, 5, 5], 'Midjourney_6': [4, 5, 5], 'SDXL_2_1': [3, 5, 5], 'SDXL_Base': [4, 5, 5], 'SDXL_Turbo': [3, 5, 5]}"
330,A child is making a sandcastle on a beach on a cloudy day.,14,1,15,0,5,2,0,"{'DALLE_3': [4, 5, 5], 'DeepFloyd_I_XL_v1': [4, 5, 5], 'Midjourney_6': [3, 5, 5], 'SDXL_2_1': [3, 3, 2], 'SDXL_Base': [4, 5, 5], 'SDXL_Turbo': [4, 5, 5]}"
331,A mountain biker leaping over a log on a forest trail.,12,1,13,0,5,1,0,"{'DALLE_3': [3, 5, 5], 'DeepFloyd_I_XL_v1': [4, 5, 5], 'Midjourney_6': [4, 5, 5], 'SDXL_2_1': [4, 5, 5], 'SDXL_Base': [4, 5, 5], 'SDXL_Turbo': [4, 5, 5]}"
332,A monk meditating beside a tranquil mountain stream.,9,1,10,0,4,1,0,"{'DALLE_3': [4, 5, 5], 'DeepFloyd_I_XL_v1': [3, 5, 5], 'Midjourney_6': [3, 5, 5], 'SDXL_2_1': [4, 5, 5], 'SDXL_Base': [4, 5, 5], 'SDXL_Turbo': [4, 5, 5]}"
333,A florist arranging a bouquet of colorful flowers.,9,1,9,1,3,1,0,"{'DALLE_3': [3, 5, 5], 'DeepFloyd_I_XL_v1': [4, 5, 5], 'Midjourney_6': [4, 5, 5], 'SDXL_2_1': [4, 5, 5], 'SDXL_Base': [3, 5, 5], 'SDXL_Turbo': [4, 5, 5]}"
334,A saxophonist playing a soulful tune in a jazz club.,11,1,12,2,3,1,0,"{'DALLE_3': [4, 5, 5], 'DeepFloyd_I_XL_v1': [4, 5, 5], 'Midjourney_6': [4, 5, 5], 'SDXL_2_1': [3, 5, 5], 'SDXL_Base': [4, 5, 5], 'SDXL_Turbo': [4, 5, 5]}"
335,A gymnast performing a routine on the balance beam.,10,1,10,0,4,1,0,"{'DALLE_3': [2, 5, 5], 'DeepFloyd_I_XL_v1': [4, 5, 5], 'Midjourney_6': [2, 5, 5], 'SDXL_2_1': [1, 5, 5], 'SDXL_Base': [1, 5, 5], 'SDXL_Turbo': [2, 5, 5]}"
336,A vampire lurking in the shadows of an old castle.,11,1,11,1,4,0,0,"{'DALLE_3': [4, 5, 5], 'DeepFloyd_I_XL_v1': [2, 3, 2], 'Midjourney_6': [3, 5, 5], 'SDXL_2_1': [3, 5, 5], 'SDXL_Base': [3, 5, 5], 'SDXL_Turbo': [4, 5, 5]}"
337,A wizard casting a spell with a wand in a mystical forest.,13,1,13,1,4,1,0,"{'DALLE_3': [4, 5, 5], 'DeepFloyd_I_XL_v1': [4, 5, 5], 'Midjourney_6': [4, 5, 5], 'SDXL_2_1': [3, 5, 5], 'SDXL_Base': [4, 5, 5], 'SDXL_Turbo': [4, 4, 3]}"
338,A ghost hunter investigating an abandoned mansion.,8,1,8,0,3,2,0,"{'DALLE_3': [3, 3, 2], 'DeepFloyd_I_XL_v1': [4, 5, 5], 'Midjourney_6': [4, 5, 5], 'SDXL_2_1': [5, 5, 5], 'SDXL_Base': [4, 5, 5], 'SDXL_Turbo': [3, 5, 5]}"
339,A mermaid basking on a rock by the moonlit sea.,11,1,12,0,5,0,0,"{'DALLE_3': [4, 5, 5], 'DeepFloyd_I_XL_v1': [4, 5, 5], 'Midjourney_6': [3, 5, 5], 'SDXL_2_1': [5, 5, 5], 'SDXL_Base': [5, 5, 5], 'SDXL_Turbo': [2, 3, 2]}"
340,A knight in shining armor jousting at a medieval fair.,11,1,12,1,4,1,0,"{'DALLE_3': [4, 5, 5], 'DeepFloyd_I_XL_v1': [4, 2, 2], 'Midjourney_6': [4, 5, 5], 'SDXL_2_1': [5, 5, 5], 'SDXL_Base': [4, 5, 5], 'SDXL_Turbo': [2, 5, 5]}"
341,A robot dancing in a futuristic cityscape.,8,1,8,1,3,0,0,"{'DALLE_3': [3, 5, 5], 'DeepFloyd_I_XL_v1': [4, 5, 5], 'Midjourney_6': [2, 5, 5], 'SDXL_2_1': [3, 5, 5], 'SDXL_Base': [4, 5, 5], 'SDXL_Turbo': [4, 5, 5]}"
342,An astronaut planting a flag on a distant planet.,10,1,10,1,3,1,0,"{'DALLE_3': [4, 5, 5], 'DeepFloyd_I_XL_v1': [3, 4, 3], 'Midjourney_6': [4, 5, 5], 'SDXL_2_1': [3, 4, 3], 'SDXL_Base': [2, 4, 3], 'SDXL_Turbo': [3, 4, 3]}"
343,"Kids race their bikes down the hill as their friends cheer from the sidelines, and a kite flutters in the breeze above them.",25,1,26,1,9,0,0,"{'DALLE_3': [3, 3, 3], 'DeepFloyd_I_XL_v1': [2, 4, 3], 'Midjourney_6': [2, 5, 5], 'SDXL_2_1': [2, 2, 3], 'SDXL_Base': [3, 3, 3], 'SDXL_Turbo': [3, 5, 5]}"
344,"A sailboat drifts lazily along the river, with swans paddling gently beside it and willows weeping at its banks.",21,1,25,0,5,3,2,"{'DALLE_3': [4, 5, 5], 'DeepFloyd_I_XL_v1': [3, 3, 3], 'Midjourney_6': [4, 5, 5], 'SDXL_2_1': [2, 5, 5], 'SDXL_Base': [4, 4, 3], 'SDXL_Turbo': [2, 3, 3]}"
345,"Sunglasses rest atop a magazine, and a beach towel is spread out on the sand.",17,1,17,0,5,3,0,"{'DALLE_3': [2, 4, 4], 'DeepFloyd_I_XL_v1': [1, 2, 2], 'Midjourney_6': [2, 4, 4], 'SDXL_2_1': [2, 3, 3], 'SDXL_Base': [2, 2, 2], 'SDXL_Turbo': [3, 5, 5]}"
346,"A wilderness scene, wildflowers blooming on the right while a dense forest stands to the left.",18,1,18,1,6,2,0,"{'DALLE_3': [3, 5, 5], 'DeepFloyd_I_XL_v1': [3, 2, 2], 'Midjourney_6': [3, 2, 2], 'SDXL_2_1': [2, 3, 2], 'SDXL_Base': [3, 2, 2], 'SDXL_Turbo': [3, 5, 5]}"
347,"In the study, a desk lamp casts a warm glow over an open journal and a fountain pen.",20,1,20,2,7,1,0,"{'DALLE_3': [4, 5, 5], 'DeepFloyd_I_XL_v1': [3, 5, 5], 'Midjourney_6': [4, 5, 5], 'SDXL_2_1': [2, 3, 3], 'SDXL_Base': [2, 4, 3], 'SDXL_Turbo': [3, 5, 5]}"
348,"Bookends hold a row of novels in place: one end features a sculpture of a cat, the other a dog.",23,1,24,1,8,2,0,"{'DALLE_3': [4, 4, 3], 'DeepFloyd_I_XL_v1': [4, 4, 3], 'Midjourney_6': [2, 4, 3], 'SDXL_2_1': [3, 3, 3], 'SDXL_Base': [2, 2, 2], 'SDXL_Turbo': [2, 3, 3]}"
349,"A bridge arches over the river, with lanterns lit on one side and the other in darkness.",19,1,19,1,5,2,0,"{'DALLE_3': [2, 3, 3], 'DeepFloyd_I_XL_v1': [2, 5, 5], 'Midjourney_6': [2, 3, 3], 'SDXL_2_1': [2, 2, 2], 'SDXL_Base': [3, 2, 2], 'SDXL_Turbo': [4, 4, 3]}"
350,"A notebook lies open in the grass, with sketches on the left page and blank space on the right.",21,1,21,3,6,1,0,"{'DALLE_3': [2, 3, 2], 'DeepFloyd_I_XL_v1': [3, 3, 3], 'Midjourney_6': [3, 2, 2], 'SDXL_2_1': [3, 2, 2], 'SDXL_Base': [1, 3, 2], 'SDXL_Turbo': [2, 2, 2]}"
351,"On a busy desk, a lamp sheds light on a cluttered area filled with papers, while the other half remains organized.",24,1,25,4,6,3,0,"{'DALLE_3': [3, 2, 2], 'DeepFloyd_I_XL_v1': [3, 2, 2], 'Midjourney_6': [3, 4, 4], 'SDXL_2_1': [2, 2, 2], 'SDXL_Base': [4, 3, 3], 'SDXL_Turbo': [3, 2, 2]}"
352,"In the park, a statue stands in the middle, surrounded by blooming flowers and people enjoying a sunny day.",22,1,22,1,6,4,0,"{'DALLE_3': [4, 5, 5], 'DeepFloyd_I_XL_v1': [4, 5, 5], 'Midjourney_6': [4, 5, 5], 'SDXL_2_1': [4, 5, 5], 'SDXL_Base': [2, 4, 3], 'SDXL_Turbo': [3, 5, 5]}"
353,"Tea steams in a cup, next to a closed diary with a pen resting on its cover.",19,1,20,3,6,0,0,"{'DALLE_3': [3, 5, 5], 'DeepFloyd_I_XL_v1': [2, 3, 3], 'Midjourney_6': [3, 3, 3], 'SDXL_2_1': [2, 2, 2], 'SDXL_Base': [2, 2, 2], 'SDXL_Turbo': [2, 2, 3]}"
354,"A balloon drifts gently up into the blue sky, with excited children watching from the ground.",18,1,19,2,5,1,1,"{'DALLE_3': [3, 5, 5], 'DeepFloyd_I_XL_v1': [3, 5, 5], 'Midjourney_6': [4, 5, 5], 'SDXL_2_1': [1, 4, 3], 'SDXL_Base': [3, 5, 5], 'SDXL_Turbo': [3, 5, 5]}"
355,"Inside the camp, a fire crackles, casting shadows on the tent walls, with backpacks and maps spread out.",22,1,23,0,8,2,0,"{'DALLE_3': [3, 5, 5], 'DeepFloyd_I_XL_v1': [2, 2, 2], 'Midjourney_6': [3, 5, 5], 'SDXL_2_1': [4, 3, 3], 'SDXL_Base': [2, 2, 2], 'SDXL_Turbo': [2, 4, 3]}"
356,"There are two men in the living room, the taller one to the left of the shorter one.",20,1,20,1,5,1,0,"{'DALLE_3': [2, 5, 5], 'DeepFloyd_I_XL_v1': [4, 5, 5], 'Midjourney_6': [4, 5, 5], 'SDXL_2_1': [2, 3, 2], 'SDXL_Base': [2, 3, 3], 'SDXL_Turbo': [3, 2, 2]}"
357,"In the garden, there is a pack of dogs playing, the biggest one is red and the others are white.",23,1,23,3,5,4,0,"{'DALLE_3': [3, 3, 3], 'DeepFloyd_I_XL_v1': [2, 2, 2], 'Midjourney_6': [3, 3, 3], 'SDXL_2_1': [3, 3, 3], 'SDXL_Base': [2, 2, 2], 'SDXL_Turbo': [3, 2, 2]}"
358,"Two birds are chasing each other in the air, with the one flying higher having a long tail and the other bird having a short tail.",28,1,28,5,5,5,0,"{'DALLE_3': [2, 3, 4], 'DeepFloyd_I_XL_v1': [3, 4, 4], 'Midjourney_6': [2, 5, 5], 'SDXL_2_1': [4, 4, 4], 'SDXL_Base': [2, 4, 4], 'SDXL_Turbo': [2, 4, 4]}"
359,"In the classroom, two boys standing together, the boy in the red jumper is taller than the boy in the white t-shirt.",25,1,27,3,6,2,1,"{'DALLE_3': [3, 3, 2], 'DeepFloyd_I_XL_v1': [2, 2, 2], 'Midjourney_6': [5, 5, 5], 'SDXL_2_1': [3, 3, 3], 'SDXL_Base': [2, 3, 3], 'SDXL_Turbo': [3, 2, 2]}"
360,"There are two shoes on the grass, the one without laces looks newer than the one with laces.",20,1,20,1,5,2,0,"{'DALLE_3': [1, 2, 2], 'DeepFloyd_I_XL_v1': [1, 2, 2], 'Midjourney_6': [1, 2, 2], 'SDXL_2_1': [5, 5, 5], 'SDXL_Base': [1, 2, 2], 'SDXL_Turbo': [1, 2, 2]}"
361,"At the beach, three seashells lie close together: the largest has a spiraled pattern, the medium one is smooth and white, and the smallest has stripes.",31,1,34,6,6,4,0,"{'DALLE_3': [2, 4, 3], 'DeepFloyd_I_XL_v1': [2, 3, 3], 'Midjourney_6': [5, 5, 5], 'SDXL_2_1': [1, 2, 2], 'SDXL_Base': [1, 2, 2], 'SDXL_Turbo': [1, 2, 2]}"
362,"Two kites are flying high in the sky, the dragon-shaped one flies higher and is more colorful than the geometric-patterned one.",23,1,27,5,4,4,1,"{'DALLE_3': [4, 4, 4], 'DeepFloyd_I_XL_v1': [4, 5, 5], 'Midjourney_6': [2, 4, 3], 'SDXL_2_1': [1, 1, 1], 'SDXL_Base': [2, 2, 2], 'SDXL_Turbo': [2, 2, 2]}"
363,"On the bookshelf, the picture frame on the left, containing a black and white photograph, appears older than the colorful painting on the right.",28,1,28,4,7,2,0,"{'DALLE_3': [3, 4, 4], 'DeepFloyd_I_XL_v1': [2, 2, 2], 'Midjourney_6': [4, 4, 4], 'SDXL_2_1': [2, 2, 2], 'SDXL_Base': [2, 2, 2], 'SDXL_Turbo': [2, 2, 2]}"
364,"On the road, two cars drive parallel: the faster one is a sleek sports model, while the slower one is a large, family SUV.",29,1,29,5,8,2,0,"{'DALLE_3': [3, 4, 3], 'DeepFloyd_I_XL_v1': [2, 3, 3], 'Midjourney_6': [1, 2, 2], 'SDXL_2_1': [1, 2, 2], 'SDXL_Base': [2, 2, 2], 'SDXL_Turbo': [2, 3, 3]}"
365,"In the pond, two ducks swim near each other: the larger one has a bright green head, while the smaller one is all brown.",28,1,28,5,6,3,0,"{'DALLE_3': [3, 5, 5], 'DeepFloyd_I_XL_v1': [2, 2, 2], 'Midjourney_6': [4, 4, 3], 'SDXL_2_1': [3, 2, 2], 'SDXL_Base': [3, 4, 3], 'SDXL_Turbo': [5, 5, 5]}"
366,"Between the two cups on the desk, the taller one holds more coffee than the shorter one, which is half-empty.",23,1,25,3,4,2,0,"{'DALLE_3': [2, 3, 3], 'DeepFloyd_I_XL_v1': [1, 2, 2], 'Midjourney_6': [2, 3, 3], 'SDXL_2_1': [1, 2, 2], 'SDXL_Base': [1, 2, 2], 'SDXL_Turbo': [1, 2, 2]}"
367,"In the park, the older tree is taller and has more branches than the younger sapling planted beside it.",21,1,22,3,5,3,0,"{'DALLE_3': [4, 5, 5], 'DeepFloyd_I_XL_v1': [2, 3, 3], 'Midjourney_6': [2, 3, 3], 'SDXL_2_1': [1, 2, 2], 'SDXL_Base': [3, 5, 5], 'SDXL_Turbo': [2, 2, 2]}"
368,"A red book lies open with pages fluttering in the wind, another blue one remains closed and still.",20,1,22,4,4,3,1,"{'DALLE_3': [3, 3, 3], 'DeepFloyd_I_XL_v1': [2, 2, 2], 'Midjourney_6': [3, 3, 3], 'SDXL_2_1': [1, 1, 2], 'SDXL_Base': [2, 2, 2], 'SDXL_Turbo': [1, 1, 2]}"
369,"Two children laugh joyfully, the bigger one holding a balloon, and the other clutching a toy.",19,1,21,2,3,2,1,"{'DALLE_3': [3, 3, 3], 'DeepFloyd_I_XL_v1': [3, 3, 3], 'Midjourney_6': [3, 4, 3], 'SDXL_2_1': [3, 3, 3], 'SDXL_Base': [2, 3, 3], 'SDXL_Turbo': [1, 2, 2]}"
370,"Two birds soar high above the clouds, while another glides low over the water.",16,1,17,2,4,1,0,"{'DALLE_3': [3, 4, 3], 'DeepFloyd_I_XL_v1': [1, 3, 3], 'Midjourney_6': [3, 3, 3], 'SDXL_2_1': [2, 2, 2], 'SDXL_Base': [2, 3, 3], 'SDXL_Turbo': [1, 2, 2]}"
371,"A cyclist wearing glasses speeds down the hill with ease, and another one without glasses climbs up slowly and steadily.",22,1,22,0,6,2,2,"{'DALLE_3': [2, 2, 2], 'DeepFloyd_I_XL_v1': [2, 2, 2], 'Midjourney_6': [2, 2, 2], 'SDXL_2_1': [2, 2, 2], 'SDXL_Base': [2, 2, 2], 'SDXL_Turbo': [2, 2, 2]}"
372,"A tree laden with ripe oranges stands in front of a tree with green, unripe fruit.",18,1,19,4,5,1,0,"{'DALLE_3': [2, 2, 2], 'DeepFloyd_I_XL_v1': [2, 3, 2], 'Midjourney_6': [2, 2, 2], 'SDXL_2_1': [2, 2, 2], 'SDXL_Base': [3, 3, 3], 'SDXL_Turbo': [3, 2, 2]}"
373,"One circular window shines brightly with light, another rectangular one is dark.",14,1,14,3,3,1,1,"{'DALLE_3': [3, 4, 3], 'DeepFloyd_I_XL_v1': [1, 2, 2], 'Midjourney_6': [1, 2, 2], 'SDXL_2_1': [1, 2, 2], 'SDXL_Base': [1, 2, 2], 'SDXL_Turbo': [1, 3, 3]}"
374,"Two cats sit at the window, the blue one intently watching the rain, the red one curled up asleep.",22,1,23,2,4,3,2,"{'DALLE_3': [4, 5, 5], 'DeepFloyd_I_XL_v1': [1, 3, 3], 'Midjourney_6': [3, 4, 3], 'SDXL_2_1': [1, 2, 2], 'SDXL_Base': [2, 4, 3], 'SDXL_Turbo': [2, 2, 2]}"
375,"Two birds perch on a branch, the happy one chirping loudly, the sad one listening silently.",19,1,20,2,3,2,2,"{'DALLE_3': [4, 5, 5], 'DeepFloyd_I_XL_v1': [3, 3, 3], 'Midjourney_6': [2, 3, 2], 'SDXL_2_1': [2, 2, 2], 'SDXL_Base': [2, 2, 2], 'SDXL_Turbo': [2, 2, 2]}"
376,"One sports car zooms around the corner with speed, while another standard car navigates the turn slowly and carefully.",21,1,23,1,7,1,2,"{'DALLE_3': [2, 3, 3], 'DeepFloyd_I_XL_v1': [2, 2, 2], 'Midjourney_6': [3, 3, 3], 'SDXL_2_1': [2, 2, 2], 'SDXL_Base': [2, 2, 2], 'SDXL_Turbo': [1, 3, 3]}"
377,"A short sunflower stands tall and faces the sun, while another tall one bends towards the ground.",19,1,20,3,3,3,0,"{'DALLE_3': [3, 4, 4], 'DeepFloyd_I_XL_v1': [1, 3, 3], 'Midjourney_6': [3, 4, 3], 'SDXL_2_1': [2, 2, 2], 'SDXL_Base': [2, 3, 3], 'SDXL_Turbo': [2, 2, 2]}"
378,"One person in white jogs with a steady pace, one person in red sprints with all their might.",20,1,21,3,5,0,0,"{'DALLE_3': [3, 3, 3], 'DeepFloyd_I_XL_v1': [1, 2, 2], 'Midjourney_6': [3, 5, 5], 'SDXL_2_1': [1, 5, 5], 'SDXL_Base': [3, 3, 3], 'SDXL_Turbo': [1, 3, 3]}"
379,"One squirrel gathers nuts quickly on the ground, another lazily stretches on a branch.",16,1,17,0,5,1,2,"{'DALLE_3': [4, 5, 5], 'DeepFloyd_I_XL_v1': [1, 2, 2], 'Midjourney_6': [3, 4, 4], 'SDXL_2_1': [2, 3, 3], 'SDXL_Base': [1, 2, 2], 'SDXL_Turbo': [2, 1, 2]}"
380,"A butterfly with bright wings flits from flower to flower, another rests on a leaf, wings folded.",20,1,21,2,6,2,0,"{'DALLE_3': [2, 3, 2], 'DeepFloyd_I_XL_v1': [1, 2, 2], 'Midjourney_6': [1, 5, 5], 'SDXL_2_1': [1, 2, 2], 'SDXL_Base': [1, 2, 2], 'SDXL_Turbo': [1, 2, 2]}"
381,"A puppy on the right chases its tail in circles, while another one on the left lies quietly, watching.",22,1,22,2,3,3,1,"{'DALLE_3': [3, 5, 5], 'DeepFloyd_I_XL_v1': [1, 2, 2], 'Midjourney_6': [2, 3, 2], 'SDXL_2_1': [1, 2, 2], 'SDXL_Base': [2, 1, 1], 'SDXL_Turbo': [1, 2, 2]}"
382,A silver spoon lies to the left of a golden fork on a wooden table.,16,1,16,2,5,1,0,"{'DALLE_3': [3, 3, 3], 'DeepFloyd_I_XL_v1': [2, 3, 3], 'Midjourney_6': [3, 2, 2], 'SDXL_2_1': [1, 1, 2], 'SDXL_Base': [2, 2, 2], 'SDXL_Turbo': [1, 1, 2]}"
383,"A black cat sits on a window sill, while a white cat lies beneath the sill in the sunlight.",21,1,21,2,7,1,0,"{'DALLE_3': [3, 5, 5], 'DeepFloyd_I_XL_v1': [3, 5, 5], 'Midjourney_6': [2, 4, 3], 'SDXL_2_1': [1, 2, 2], 'SDXL_Base': [2, 3, 3], 'SDXL_Turbo': [2, 3, 3]}"
384,A red book on a shelf above a blue book in a cozy reading nook.,16,1,16,2,6,0,0,"{'DALLE_3': [2, 2, 2], 'DeepFloyd_I_XL_v1': [1, 2, 2], 'Midjourney_6': [1, 2, 2], 'SDXL_2_1': [1, 2, 2], 'SDXL_Base': [1, 2, 2], 'SDXL_Turbo': [2, 4, 3]}"
385,A big green apple next to a small red apple on a kitchen counter.,15,1,15,4,4,0,0,"{'DALLE_3': [5, 5, 5], 'DeepFloyd_I_XL_v1': [4, 4, 4], 'Midjourney_6': [4, 5, 5], 'SDXL_2_1': [3, 5, 5], 'SDXL_Base': [3, 2, 2], 'SDXL_Turbo': [3, 3, 3]}"
386,A tall cactus in a terracotta pot next to a short succulent in a ceramic bowl.,17,1,17,3,5,0,0,"{'DALLE_3': [3, 2, 2], 'DeepFloyd_I_XL_v1': [3, 2, 2], 'Midjourney_6': [4, 4, 3], 'SDXL_2_1': [3, 2, 2], 'SDXL_Base': [2, 3, 3], 'SDXL_Turbo': [3, 5, 5]}"
387,A yellow school bus in front of a red fire engine at a community event.,16,1,16,2,7,0,0,"{'DALLE_3': [3, 5, 5], 'DeepFloyd_I_XL_v1': [2, 5, 5], 'Midjourney_6': [2, 2, 2], 'SDXL_2_1': [1, 3, 2], 'SDXL_Base': [2, 4, 4], 'SDXL_Turbo': [3, 2, 2]}"
388,"A blue bicycle leaning against a red brick wall, with a green bicycle parked beside it.",18,1,18,3,4,2,0,"{'DALLE_3': [3, 3, 3], 'DeepFloyd_I_XL_v1': [2, 3, 2], 'Midjourney_6': [4, 5, 5], 'SDXL_2_1': [3, 3, 3], 'SDXL_Base': [2, 3, 2], 'SDXL_Turbo': [3, 2, 2]}"
389,A brown oak tree with lush leaves next to a birch tree with peeling bark in a forest.,19,1,19,2,7,1,0,"{'DALLE_3': [3, 5, 5], 'DeepFloyd_I_XL_v1': [3, 3, 3], 'Midjourney_6': [2, 3, 3], 'SDXL_2_1': [2, 2, 2], 'SDXL_Base': [3, 2, 2], 'SDXL_Turbo': [3, 3, 3]}"
390,A fluffy white cloud above a darker storm cloud at sunset.,12,1,12,2,5,0,0,"{'DALLE_3': [4, 5, 5], 'DeepFloyd_I_XL_v1': [2, 3, 3], 'Midjourney_6': [2, 4, 3], 'SDXL_2_1': [4, 5, 5], 'SDXL_Base': [4, 5, 5], 'SDXL_Turbo': [3, 5, 5]}"
391,A small pond with a black swan on the left and a white swan on the right.,18,1,18,3,5,0,0,"{'DALLE_3': [4, 5, 5], 'DeepFloyd_I_XL_v1': [2, 3, 2], 'Midjourney_6': [5, 5, 5], 'SDXL_2_1': [2, 2, 2], 'SDXL_Base': [3, 4, 4], 'SDXL_Turbo': [2, 2, 2]}"
392,A striped beach umbrella in the sand with a solid blue umbrella behind it.,15,1,15,2,5,0,0,"{'DALLE_3': [3, 3, 3], 'DeepFloyd_I_XL_v1': [3, 4, 4], 'Midjourney_6': [3, 3, 3], 'SDXL_2_1': [3, 3, 3], 'SDXL_Base': [3, 4, 4], 'SDXL_Turbo': [3, 2, 2]}"
393,A large pizza with pepperoni on the left half and mushrooms on the right half.,16,1,16,3,5,0,0,"{'DALLE_3': [3, 3, 3], 'DeepFloyd_I_XL_v1': [2, 3, 3], 'Midjourney_6': [5, 5, 5], 'SDXL_2_1': [2, 3, 2], 'SDXL_Base': [2, 3, 2], 'SDXL_Turbo': [2, 2, 2]}"
394,A red rose in full bloom next to a pink rosebud in a garden.,15,1,16,2,4,1,0,"{'DALLE_3': [3, 3, 3], 'DeepFloyd_I_XL_v1': [4, 5, 5], 'Midjourney_6': [3, 2, 2], 'SDXL_2_1': [4, 3, 3], 'SDXL_Base': [3, 2, 3], 'SDXL_Turbo': [4, 5, 5]}"
395,A vintage analog clock hangs on the wall above a modern digital clock that sits on a desk.,19,1,19,2,7,1,0,"{'DALLE_3': [4, 3, 3], 'DeepFloyd_I_XL_v1': [4, 5, 5], 'Midjourney_6': [2, 4, 4], 'SDXL_2_1': [1, 2, 2], 'SDXL_Base': [2, 2, 2], 'SDXL_Turbo': [2, 2, 3]}"
396,A large teddy bear wearing a bow tie next to a small teddy bear wearing a party hat.,19,1,19,3,6,2,0,"{'DALLE_3': [4, 5, 5], 'DeepFloyd_I_XL_v1': [4, 5, 5], 'Midjourney_6': [2, 5, 5], 'SDXL_2_1': [2, 4, 3], 'SDXL_Base': [3, 5, 5], 'SDXL_Turbo': [2, 3, 3]}"
397,"An orange tabby cat lounges on a sunny windowsill, with a grey tabby stretching on the floor below.",20,1,23,1,7,2,0,"{'DALLE_3': [3, 4, 3], 'DeepFloyd_I_XL_v1': [1, 2, 2], 'Midjourney_6': [3, 4, 3], 'SDXL_2_1': [2, 2, 2], 'SDXL_Base': [1, 2, 2], 'SDXL_Turbo': [3, 2, 2]}"
398,"A leather-bound journal atop an oak desk, beside a stack of vintage paperbacks.",15,1,18,1,6,0,0,"{'DALLE_3': [4, 5, 5], 'DeepFloyd_I_XL_v1': [4, 5, 5], 'Midjourney_6': [4, 4, 4], 'SDXL_2_1': [3, 2, 3], 'SDXL_Base': [4, 5, 5], 'SDXL_Turbo': [3, 4, 4]}"
399,"A pair of yellow rubber boots standing at the doorstep, with a pair of green gardening gloves draped over them.",22,1,22,2,6,3,0,"{'DALLE_3': [3, 2, 2], 'DeepFloyd_I_XL_v1': [3, 4, 4], 'Midjourney_6': [3, 5, 5], 'SDXL_2_1': [2, 1, 2], 'SDXL_Base': [2, 3, 3], 'SDXL_Turbo': [3, 3, 2]}"
400,"A chocolate cupcake with vanilla frosting on a plate, beside a vanilla cupcake with chocolate frosting.",18,1,18,0,8,2,0,"{'DALLE_3': [4, 5, 5], 'DeepFloyd_I_XL_v1': [4, 3, 3], 'Midjourney_6': [3, 4, 4], 'SDXL_2_1': [2, 2, 2], 'SDXL_Base': [3, 3, 3], 'SDXL_Turbo': [4, 3, 3]}"
401,"A rustic wooden bench under a sprawling oak, with a modern metal chair facing it across a stone path.",21,1,22,3,7,1,0,"{'DALLE_3': [4, 5, 5], 'DeepFloyd_I_XL_v1': [3, 3, 3], 'Midjourney_6': [4, 4, 3], 'SDXL_2_1': [2, 2, 2], 'SDXL_Base': [3, 3, 3], 'SDXL_Turbo': [3, 3, 3]}"
402,"A steaming cup of coffee on a bookshelf, above a row of antique tea cups.",17,1,17,2,6,0,0,"{'DALLE_3': [4, 5, 5], 'DeepFloyd_I_XL_v1': [3, 4, 3], 'Midjourney_6': [3, 2, 2], 'SDXL_2_1': [2, 2, 2], 'SDXL_Base': [2, 2, 2], 'SDXL_Turbo': [3, 3, 3]}"
403,"A plush velvet armchair in the corner of a library, with a sleek leather sofa along the opposite wall.",21,1,21,2,8,0,0,"{'DALLE_3': [3, 3, 3], 'DeepFloyd_I_XL_v1': [3, 2, 3], 'Midjourney_6': [3, 3, 3], 'SDXL_2_1': [2, 2, 2], 'SDXL_Base': [3, 3, 3], 'SDXL_Turbo': [4, 5, 5]}"
404,"In the cafe, there's a steaming cup of coffee and a freshly baked croissant on every table.",20,1,20,1,5,2,1,"{'DALLE_3': [3, 4, 3], 'DeepFloyd_I_XL_v1': [3, 2, 2], 'Midjourney_6': [3, 4, 4], 'SDXL_2_1': [2, 1, 2], 'SDXL_Base': [3, 3, 3], 'SDXL_Turbo': [3, 3, 3]}"
405,"A serene yoga studio with several yoga mats, each with a person seated in deep meditation.",18,1,18,3,6,1,0,"{'DALLE_3': [4, 5, 5], 'DeepFloyd_I_XL_v1': [4, 5, 5], 'Midjourney_6': [3, 3, 2], 'SDXL_2_1': [3, 2, 2], 'SDXL_Base': [4, 5, 5], 'SDXL_Turbo': [2, 2, 2]}"
406,A snowy forest glistens with delicate ice crystals adorning every branch.,12,1,14,2,5,1,0,"{'DALLE_3': [4, 5, 5], 'DeepFloyd_I_XL_v1': [4, 5, 5], 'Midjourney_6': [4, 5, 5], 'SDXL_2_1': [4, 5, 5], 'SDXL_Base': [4, 5, 5], 'SDXL_Turbo': [4, 5, 5]}"
407,An antique bookshop with aisles filled with books.,9,1,10,0,4,1,0,"{'DALLE_3': [4, 5, 5], 'DeepFloyd_I_XL_v1': [4, 4, 4], 'Midjourney_6': [4, 5, 5], 'SDXL_2_1': [4, 4, 4], 'SDXL_Base': [4, 5, 5], 'SDXL_Turbo': [4, 4, 3]}"
408,"A rooftop garden with a row of planters, each filled with herbs and flowers.",16,1,16,1,5,1,0,"{'DALLE_3': [4, 5, 5], 'DeepFloyd_I_XL_v1': [3, 4, 4], 'Midjourney_6': [4, 5, 5], 'SDXL_2_1': [4, 5, 5], 'SDXL_Base': [4, 5, 5], 'SDXL_Turbo': [3, 4, 3]}"
409,A tree shadow on every car in the lot.,10,1,10,1,3,0,0,"{'DALLE_3': [4, 4, 3], 'DeepFloyd_I_XL_v1': [2, 5, 5], 'Midjourney_6': [2, 4, 3], 'SDXL_2_1': [2, 5, 5], 'SDXL_Base': [3, 5, 5], 'SDXL_Turbo': [2, 4, 3]}"
410,Orange juice and toast on every breakfast table.,9,1,9,0,5,0,0,"{'DALLE_3': [4, 5, 5], 'DeepFloyd_I_XL_v1': [4, 5, 5], 'Midjourney_6': [5, 5, 5], 'SDXL_2_1': [2, 5, 5], 'SDXL_Base': [5, 5, 5], 'SDXL_Turbo': [4, 5, 5]}"
411,"At the party, a pineapple is flanked by beers on each side.",14,1,15,0,4,2,0,"{'DALLE_3': [4, 5, 5], 'DeepFloyd_I_XL_v1': [3, 4, 3], 'Midjourney_6': [4, 5, 5], 'SDXL_2_1': [4, 5, 5], 'SDXL_Base': [2, 1, 1], 'SDXL_Turbo': [5, 5, 5]}"
412,"Near every parked pickup truck, there's a horse standing by.",13,1,13,0,4,2,0,"{'DALLE_3': [3, 3, 3], 'DeepFloyd_I_XL_v1': [4, 5, 5], 'Midjourney_6': [3, 5, 5], 'SDXL_2_1': [1, 3, 3], 'SDXL_Base': [3, 5, 5], 'SDXL_Turbo': [4, 4, 4]}"
413,Leaves falling on every car in the autumn.,9,1,9,0,3,1,0,"{'DALLE_3': [4, 5, 5], 'DeepFloyd_I_XL_v1': [2, 1, 2], 'Midjourney_6': [4, 5, 5], 'SDXL_2_1': [1, 1, 2], 'SDXL_Base': [3, 5, 5], 'SDXL_Turbo': [2, 5, 5]}"
414,"At a birthday party, all the balloons are red.",11,1,11,1,3,1,0,"{'DALLE_3': [4, 3, 2], 'DeepFloyd_I_XL_v1': [2, 2, 2], 'Midjourney_6': [3, 5, 5], 'SDXL_2_1': [4, 5, 5], 'SDXL_Base': [3, 2, 2], 'SDXL_Turbo': [2, 3, 2]}"
415,A group of children are playing in the garden and all the children are not wearing shoes.,18,1,18,0,5,4,1,"{'DALLE_3': [4, 5, 5], 'DeepFloyd_I_XL_v1': [3, 3, 3], 'Midjourney_6': [4, 3, 3], 'SDXL_2_1': [2, 3, 3], 'SDXL_Base': [3, 2, 2], 'SDXL_Turbo': [3, 2, 3]}"
416,Several cups are on a round table and all the cups are incomplete.,14,1,14,2,4,2,0,"{'DALLE_3': [3, 2, 2], 'DeepFloyd_I_XL_v1': [2, 2, 2], 'Midjourney_6': [3, 2, 2], 'SDXL_2_1': [3, 2, 2], 'SDXL_Base': [2, 2, 2], 'SDXL_Turbo': [3, 2, 2]}"
417,Every child in the classroom has a smile on their face.,12,1,12,0,4,1,0,"{'DALLE_3': [4, 5, 5], 'DeepFloyd_I_XL_v1': [4, 5, 5], 'Midjourney_6': [3, 5, 5], 'SDXL_2_1': [3, 5, 5], 'SDXL_Base': [4, 5, 5], 'SDXL_Turbo': [4, 5, 5]}"
418,"Basking in the sunshine, all the cats are peacefully sleeping.",12,1,12,0,2,3,1,"{'DALLE_3': [4, 5, 5], 'DeepFloyd_I_XL_v1': [4, 5, 5], 'Midjourney_6': [4, 5, 5], 'SDXL_2_1': [3, 3, 3], 'SDXL_Base': [3, 5, 5], 'SDXL_Turbo': [4, 5, 5]}"
419,"Every tree in the forest is covered in snow, creating a serene winter landscape.",16,1,16,2,4,3,0,"{'DALLE_3': [4, 5, 5], 'DeepFloyd_I_XL_v1': [4, 5, 5], 'Midjourney_6': [5, 5, 5], 'SDXL_2_1': [4, 5, 5], 'SDXL_Base': [5, 5, 5], 'SDXL_Turbo': [5, 5, 5]}"
420,"In the park, every bench is occupied by people enjoying their books.",14,1,14,0,4,3,0,"{'DALLE_3': [3, 5, 5], 'DeepFloyd_I_XL_v1': [3, 3, 2], 'Midjourney_6': [4, 5, 5], 'SDXL_2_1': [3, 2, 2], 'SDXL_Base': [4, 5, 5], 'SDXL_Turbo': [1, 5, 5]}"
421,"On the farm, each animal is settling down for the night.",13,1,13,0,3,2,0,"{'DALLE_3': [2, 4, 3], 'DeepFloyd_I_XL_v1': [1, 1, 1], 'Midjourney_6': [3, 5, 5], 'SDXL_2_1': [2, 2, 2], 'SDXL_Base': [2, 2, 2], 'SDXL_Turbo': [2, 4, 3]}"
422,"Every tree in the forest is green, except for one that is red.",15,1,15,2,2,2,0,"{'DALLE_3': [2, 5, 5], 'DeepFloyd_I_XL_v1': [3, 5, 5], 'Midjourney_6': [4, 5, 5], 'SDXL_2_1': [2, 3, 2], 'SDXL_Base': [1, 2, 2], 'SDXL_Turbo': [4, 5, 5]}"
423,"In a room, all the chairs are occupied except one.",12,1,12,0,2,2,0,"{'DALLE_3': [2, 2, 2], 'DeepFloyd_I_XL_v1': [2, 2, 2], 'Midjourney_6': [2, 2, 2], 'SDXL_2_1': [2, 2, 2], 'SDXL_Base': [2, 2, 2], 'SDXL_Turbo': [2, 2, 2]}"
424,"All the books on the shelf are closed, except for one that lies open.",16,1,16,1,2,3,0,"{'DALLE_3': [5, 5, 5], 'DeepFloyd_I_XL_v1': [2, 3, 2], 'Midjourney_6': [4, 5, 5], 'SDXL_2_1': [2, 3, 2], 'SDXL_Base': [2, 3, 2], 'SDXL_Turbo': [2, 3, 2]}"
425,"Among all the cars in the parking lot, each one is parked neatly except for one that is askew.",21,1,23,0,3,3,2,"{'DALLE_3': [3, 3, 3], 'DeepFloyd_I_XL_v1': [3, 3, 2], 'Midjourney_6': [3, 3, 4], 'SDXL_2_1': [3, 3, 3], 'SDXL_Base': [3, 2, 2], 'SDXL_Turbo': [3, 2, 2]}"
426,"In a field of flowers, every bloom is yellow, save for one that is blue.",18,1,18,2,3,3,0,"{'DALLE_3': [3, 5, 5], 'DeepFloyd_I_XL_v1': [2, 3, 2], 'Midjourney_6': [2, 2, 2], 'SDXL_2_1': [2, 2, 2], 'SDXL_Base': [2, 2, 2], 'SDXL_Turbo': [2, 2, 2]}"
427,"In a line of dominoes, each one stands upright, except for one that has fallen over.",19,1,20,1,3,3,0,"{'DALLE_3': [3, 3, 2], 'DeepFloyd_I_XL_v1': [2, 3, 3], 'Midjourney_6': [2, 3, 3], 'SDXL_2_1': [1, 2, 2], 'SDXL_Base': [2, 2, 2], 'SDXL_Turbo': [2, 2, 2]}"
428,"In a collection of hats, each one is plain, but one is adorned with feathers.",18,1,18,0,4,3,0,"{'DALLE_3': [3, 2, 2], 'DeepFloyd_I_XL_v1': [2, 3, 3], 'Midjourney_6': [3, 2, 2], 'SDXL_2_1': [3, 3, 2], 'SDXL_Base': [2, 2, 2], 'SDXL_Turbo': [3, 2, 2]}"
429,"Every lamp in the street is lit, except for one that remains dark.",15,1,15,2,2,2,0,"{'DALLE_3': [3, 3, 3], 'DeepFloyd_I_XL_v1': [3, 3, 3], 'Midjourney_6': [3, 3, 3], 'SDXL_2_1': [3, 3, 3], 'SDXL_Base': [3, 3, 3], 'SDXL_Turbo': [3, 4, 3]}"
430,"In a pack of wolves, each one howls at the moon, but one remains silent.",18,1,19,1,4,1,0,"{'DALLE_3': [3, 3, 2], 'DeepFloyd_I_XL_v1': [2, 2, 2], 'Midjourney_6': [3, 3, 2], 'SDXL_2_1': [2, 2, 2], 'SDXL_Base': [3, 3, 2], 'SDXL_Turbo': [2, 2, 2]}"
431,"All the doors in the hallway are closed, except for one that is slightly ajar.",17,1,18,1,2,3,1,"{'DALLE_3': [3, 3, 3], 'DeepFloyd_I_XL_v1': [3, 2, 2], 'Midjourney_6': [4, 4, 4], 'SDXL_2_1': [3, 2, 2], 'SDXL_Base': [3, 2, 2], 'SDXL_Turbo': [3, 2, 3]}"
432,"A tree with no leaves, only shadows beneath.",10,1,10,0,3,1,1,"{'DALLE_3': [4, 5, 5], 'DeepFloyd_I_XL_v1': [2, 2, 3], 'Midjourney_6': [3, 3, 3], 'SDXL_2_1': [2, 5, 5], 'SDXL_Base': [2, 4, 5], 'SDXL_Turbo': [3, 3, 3]}"
433,"A sky with stars, but no moon in sight.",11,1,11,0,4,0,0,"{'DALLE_3': [3, 2, 2], 'DeepFloyd_I_XL_v1': [3, 5, 5], 'Midjourney_6': [3, 2, 3], 'SDXL_2_1': [5, 5, 5], 'SDXL_Base': [3, 2, 2], 'SDXL_Turbo': [5, 5, 5]}"
434,"A street with no people, only lights.",9,1,9,0,3,0,1,"{'DALLE_3': [5, 5, 5], 'DeepFloyd_I_XL_v1': [4, 5, 5], 'Midjourney_6': [4, 5, 5], 'SDXL_2_1': [4, 5, 5], 'SDXL_Base': [5, 5, 5], 'SDXL_Turbo': [5, 5, 5]}"
435,"A birdcage with no door, yet no bird inside.",11,1,13,0,3,0,2,"{'DALLE_3': [3, 4, 5], 'DeepFloyd_I_XL_v1': [2, 2, 2], 'Midjourney_6': [3, 2, 2], 'SDXL_2_1': [4, 5, 5], 'SDXL_Base': [2, 4, 3], 'SDXL_Turbo': [2, 2, 2]}"
436,"A shoe with no laces, standing alone.",9,1,9,0,2,1,1,"{'DALLE_3': [2, 2, 2], 'DeepFloyd_I_XL_v1': [2, 2, 2], 'Midjourney_6': [2, 2, 2], 'SDXL_2_1': [4, 5, 5], 'SDXL_Base': [2, 1, 2], 'SDXL_Turbo': [2, 2, 2]}"
437,"A garden with no paths, only wildflowers.",9,1,9,0,3,0,1,"{'DALLE_3': [3, 2, 2], 'DeepFloyd_I_XL_v1': [3, 2, 2], 'Midjourney_6': [4, 5, 5], 'SDXL_2_1': [3, 2, 2], 'SDXL_Base': [3, 2, 2], 'SDXL_Turbo': [3, 2, 2]}"
438,"A kitchen with no stove, only empty counters.",10,1,10,1,3,0,1,"{'DALLE_3': [2, 3, 2], 'DeepFloyd_I_XL_v1': [3, 3, 2], 'Midjourney_6': [2, 3, 2], 'SDXL_2_1': [2, 5, 5], 'SDXL_Base': [2, 3, 2], 'SDXL_Turbo': [2, 3, 2]}"
439,"A boat with no sails, adrift on calm waters.",11,1,12,1,4,0,0,"{'DALLE_3': [3, 5, 5], 'DeepFloyd_I_XL_v1': [5, 5, 5], 'Midjourney_6': [5, 5, 5], 'SDXL_2_1': [4, 5, 5], 'SDXL_Base': [2, 2, 3], 'SDXL_Turbo': [4, 5, 5]}"
440,"A painting with no colors, only shades of gray.",11,1,11,0,3,1,1,"{'DALLE_3': [1, 2, 2], 'DeepFloyd_I_XL_v1': [2, 5, 5], 'Midjourney_6': [3, 5, 5], 'SDXL_2_1': [4, 5, 5], 'SDXL_Base': [3, 1, 1], 'SDXL_Turbo': [4, 5, 5]}"
441,"A bridge with no end, vanishing into the fog.",11,1,11,0,3,1,0,"{'DALLE_3': [5, 5, 5], 'DeepFloyd_I_XL_v1': [3, 5, 5], 'Midjourney_6': [4, 5, 5], 'SDXL_2_1': [5, 5, 5], 'SDXL_Base': [4, 5, 5], 'SDXL_Turbo': [5, 5, 5]}"
442,"A glass with no water, only ice melting.",10,1,10,0,4,0,1,"{'DALLE_3': [4, 5, 5], 'DeepFloyd_I_XL_v1': [4, 5, 5], 'Midjourney_6': [5, 5, 5], 'SDXL_2_1': [3, 3, 3], 'SDXL_Base': [4, 4, 3], 'SDXL_Turbo': [4, 4, 4]}"
443,"A bed with no pillows, only a folded blanket.",11,1,11,1,3,0,1,"{'DALLE_3': [2, 1, 2], 'DeepFloyd_I_XL_v1': [3, 1, 2], 'Midjourney_6': [2, 1, 2], 'SDXL_2_1': [2, 1, 2], 'SDXL_Base': [2, 1, 2], 'SDXL_Turbo': [2, 1, 2]}"
444,A bike with no pedals.,6,1,6,0,2,0,0,"{'DALLE_3': [2, 2, 2], 'DeepFloyd_I_XL_v1': [4, 5, 5], 'Midjourney_6': [3, 4, 3], 'SDXL_2_1': [1, 4, 3], 'SDXL_Base': [2, 2, 2], 'SDXL_Turbo': [2, 2, 2]}"
445,"A ball with no bounce, lying still.",9,1,9,0,2,1,1,"{'DALLE_3': [5, 2, 2], 'DeepFloyd_I_XL_v1': [4, 5, 5], 'Midjourney_6': [4, 5, 5], 'SDXL_2_1': [4, 5, 5], 'SDXL_Base': [4, 5, 5], 'SDXL_Turbo': [4, 5, 5]}"
446,"A coat with no buttons, hanging loosely.",9,1,10,0,2,1,1,"{'DALLE_3': [3, 2, 2], 'DeepFloyd_I_XL_v1': [3, 3, 2], 'Midjourney_6': [3, 2, 2], 'SDXL_2_1': [4, 5, 5], 'SDXL_Base': [5, 5, 5], 'SDXL_Turbo': [4, 5, 5]}"
447,"Two children sitting on the bed, the one on the left making faces, the one on the right not making faces.",24,1,24,0,7,4,1,"{'DALLE_3': [4, 3, 3], 'DeepFloyd_I_XL_v1': [3, 4, 3], 'Midjourney_6': [2, 3, 2], 'SDXL_2_1': [2, 2, 2], 'SDXL_Base': [2, 1, 1], 'SDXL_Turbo': [2, 2, 2]}"
448,A library with no books on the shelves.,9,1,9,0,3,0,0,"{'DALLE_3': [2, 2, 2], 'DeepFloyd_I_XL_v1': [2, 2, 2], 'Midjourney_6': [2, 2, 2], 'SDXL_2_1': [2, 2, 2], 'SDXL_Base': [2, 2, 2], 'SDXL_Turbo': [2, 2, 2]}"
449,A beach without any footprints in the sand.,9,1,9,0,3,0,0,"{'DALLE_3': [4, 5, 5], 'DeepFloyd_I_XL_v1': [5, 5, 5], 'Midjourney_6': [2, 2, 2], 'SDXL_2_1': [5, 5, 5], 'SDXL_Base': [1, 2, 2], 'SDXL_Turbo': [4, 4, 3]}"
450,A forest where no animals can be seen.,9,1,9,0,2,2,0,"{'DALLE_3': [1, 2, 2], 'DeepFloyd_I_XL_v1': [4, 5, 5], 'Midjourney_6': [4, 5, 5], 'SDXL_2_1': [4, 5, 5], 'SDXL_Base': [4, 5, 5], 'SDXL_Turbo': [4, 5, 5]}"
451,A sky without a single cloud.,7,1,7,1,2,0,0,"{'DALLE_3': [1, 3, 2], 'DeepFloyd_I_XL_v1': [1, 2, 2], 'Midjourney_6': [1, 2, 2], 'SDXL_2_1': [1, 1, 2], 'SDXL_Base': [1, 2, 2], 'SDXL_Turbo': [1, 1, 2]}"
452,A garden with no flowers blooming.,7,1,7,0,2,1,0,"{'DALLE_3': [3, 1, 1], 'DeepFloyd_I_XL_v1': [2, 2, 3], 'Midjourney_6': [2, 2, 2], 'SDXL_2_1': [2, 2, 2], 'SDXL_Base': [3, 2, 3], 'SDXL_Turbo': [2, 2, 2]}"
453,A classroom with every chair empty.,7,1,7,0,3,0,0,"{'DALLE_3': [4, 5, 5], 'DeepFloyd_I_XL_v1': [3, 5, 5], 'Midjourney_6': [3, 5, 5], 'SDXL_2_1': [3, 5, 5], 'SDXL_Base': [2, 5, 5], 'SDXL_Turbo': [3, 5, 5]}"
454,A clock with no hands to tell the time.,10,1,10,0,3,1,0,"{'DALLE_3': [1, 2, 2], 'DeepFloyd_I_XL_v1': [1, 2, 2], 'Midjourney_6': [1, 2, 2], 'SDXL_2_1': [1, 2, 2], 'SDXL_Base': [1, 2, 2], 'SDXL_Turbo': [1, 2, 2]}"
455,A playground with no children playing.,7,1,7,0,2,1,0,"{'DALLE_3': [1, 2, 2], 'DeepFloyd_I_XL_v1': [4, 5, 5], 'Midjourney_6': [3, 5, 5], 'SDXL_2_1': [5, 5, 5], 'SDXL_Base': [5, 5, 5], 'SDXL_Turbo': [5, 5, 5]}"
456,A road with no signs or markings.,8,1,8,0,3,0,0,"{'DALLE_3': [2, 2, 2], 'DeepFloyd_I_XL_v1': [3, 2, 2], 'Midjourney_6': [3, 2, 2], 'SDXL_2_1': [3, 2, 2], 'SDXL_Base': [3, 2, 2], 'SDXL_Turbo': [5, 4, 3]}"
457,A river with no fish swimming.,7,1,7,1,2,0,0,"{'DALLE_3': [3, 5, 5], 'DeepFloyd_I_XL_v1': [2, 5, 5], 'Midjourney_6': [2, 5, 5], 'SDXL_2_1': [3, 5, 5], 'SDXL_Base': [2, 5, 5], 'SDXL_Turbo': [3, 5, 5]}"
458,A mountain with no snow on its peak.,9,1,9,0,3,0,0,"{'DALLE_3': [3, 2, 2], 'DeepFloyd_I_XL_v1': [1, 2, 2], 'Midjourney_6': [1, 2, 2], 'SDXL_2_1': [3, 2, 2], 'SDXL_Base': [2, 2, 2], 'SDXL_Turbo': [3, 4, 3]}"
459,A field without a single blade of grass.,9,1,9,1,3,0,0,"{'DALLE_3': [1, 5, 5], 'DeepFloyd_I_XL_v1': [1, 2, 2], 'Midjourney_6': [1, 2, 2], 'SDXL_2_1': [1, 2, 2], 'SDXL_Base': [1, 2, 2], 'SDXL_Turbo': [1, 2, 2]}"
460,"A garden full of flowers, yet not a single rose can be found.",15,1,15,3,1,3,2,"{'DALLE_3': [3, 3, 3], 'DeepFloyd_I_XL_v1': [3, 2, 2], 'Midjourney_6': [2, 2, 2], 'SDXL_2_1': [3, 4, 3], 'SDXL_Base': [2, 2, 2], 'SDXL_Turbo': [3, 5, 5]}"
461,"Two trees standing tall; one is leafy, and the other is not.",15,1,15,1,2,4,1,"{'DALLE_3': [3, 3, 2], 'DeepFloyd_I_XL_v1': [2, 2, 2], 'Midjourney_6': [4, 3, 2], 'SDXL_2_1': [1, 1, 1], 'SDXL_Base': [1, 2, 2], 'SDXL_Turbo': [2, 2, 2]}"
462,"A bustling city street with cars, but no bicycles.",11,1,12,1,4,0,0,"{'DALLE_3': [2, 2, 2], 'DeepFloyd_I_XL_v1': [3, 5, 5], 'Midjourney_6': [4, 5, 5], 'SDXL_2_1': [4, 5, 5], 'SDXL_Base': [3, 5, 5], 'SDXL_Turbo': [2, 5, 5]}"
463,"A bookshelf filled with books, but not a single magazine.",12,1,12,1,3,1,1,"{'DALLE_3': [3, 2, 2], 'DeepFloyd_I_XL_v1': [1, 2, 2], 'Midjourney_6': [2, 3, 3], 'SDXL_2_1': [4, 2, 2], 'SDXL_Base': [4, 2, 2], 'SDXL_Turbo': [4, 4, 3]}"
464,A kitchen with every appliance except a microwave.,9,1,9,0,3,0,0,"{'DALLE_3': [2, 2, 2], 'DeepFloyd_I_XL_v1': [2, 5, 5], 'Midjourney_6': [1, 2, 3], 'SDXL_2_1': [2, 2, 2], 'SDXL_Base': [2, 2, 2], 'SDXL_Turbo': [3, 5, 5]}"
465,"A classroom full of students, but no teacher in sight.",12,1,12,1,4,0,0,"{'DALLE_3': [2, 2, 3], 'DeepFloyd_I_XL_v1': [4, 5, 5], 'Midjourney_6': [2, 5, 5], 'SDXL_2_1': [4, 5, 5], 'SDXL_Base': [4, 5, 5], 'SDXL_Turbo': [2, 2, 3]}"
466,"A snowy landscape with a cabin, but no smoke from the chimney.",14,1,14,1,4,0,0,"{'DALLE_3': [3, 2, 3], 'DeepFloyd_I_XL_v1': [4, 5, 5], 'Midjourney_6': [3, 2, 2], 'SDXL_2_1': [3, 5, 5], 'SDXL_Base': [4, 5, 5], 'SDXL_Turbo': [3, 2, 2]}"
467,"A pair of shoes, one tied and the other not.",12,1,12,1,2,1,1,"{'DALLE_3': [2, 2, 2], 'DeepFloyd_I_XL_v1': [3, 1, 1], 'Midjourney_6': [2, 5, 5], 'SDXL_2_1': [2, 2, 2], 'SDXL_Base': [1, 2, 2], 'SDXL_Turbo': [2, 2, 2]}"
468,"A table set for dinner with plates, but no forks.",12,1,12,0,5,0,0,"{'DALLE_3': [2, 2, 2], 'DeepFloyd_I_XL_v1': [2, 2, 2], 'Midjourney_6': [2, 2, 2], 'SDXL_2_1': [2, 2, 2], 'SDXL_Base': [2, 2, 2], 'SDXL_Turbo': [2, 2, 2]}"
469,"A playground with swings, but no slide.",9,1,9,0,3,0,0,"{'DALLE_3': [2, 2, 2], 'DeepFloyd_I_XL_v1': [1, 2, 2], 'Midjourney_6': [4, 5, 5], 'SDXL_2_1': [2, 2, 2], 'SDXL_Base': [4, 4, 3], 'SDXL_Turbo': [1, 2, 2]}"
470,"A road with cars, but no traffic lights.",10,1,10,0,4,0,0,"{'DALLE_3': [2, 2, 2], 'DeepFloyd_I_XL_v1': [4, 5, 5], 'Midjourney_6': [2, 2, 2], 'SDXL_2_1': [1, 4, 3], 'SDXL_Base': [5, 5, 5], 'SDXL_Turbo': [4, 5, 5]}"
471,"Five pencils on the desk, but no erasers.",10,1,11,0,3,0,0,"{'DALLE_3': [1, 1, 1], 'DeepFloyd_I_XL_v1': [3, 3, 3], 'Midjourney_6': [5, 4, 3], 'SDXL_2_1': [3, 4, 3], 'SDXL_Base': [3, 3, 3], 'SDXL_Turbo': [3, 3, 3]}"
472,"Two birds in the sky; the one on the left is flying, but the one on the right is not.",23,1,23,0,4,3,1,"{'DALLE_3': [3, 2, 2], 'DeepFloyd_I_XL_v1': [2, 3, 2], 'Midjourney_6': [3, 3, 3], 'SDXL_2_1': [2, 2, 2], 'SDXL_Base': [3, 3, 3], 'SDXL_Turbo': [3, 3, 3]}"
473,"A person with glasses reading a book, while another without glasses is not.",15,1,15,0,4,2,1,"{'DALLE_3': [5, 5, 5], 'DeepFloyd_I_XL_v1': [3, 2, 2], 'Midjourney_6': [3, 2, 2], 'SDXL_2_1': [1, 1, 1], 'SDXL_Base': [3, 2, 2], 'SDXL_Turbo': [1, 2, 2]}"
474,"Two cars in the street, the car on the left is red, but the one on the right is not.",23,1,23,1,5,2,1,"{'DALLE_3': [2, 3, 2], 'DeepFloyd_I_XL_v1': [2, 2, 2], 'Midjourney_6': [2, 3, 2], 'SDXL_2_1': [2, 5, 5], 'SDXL_Base': [1, 1, 1], 'SDXL_Turbo': [2, 3, 2]}"
475,"A musician with a guitar, but there is no audience to listen.",14,1,14,1,2,2,0,"{'DALLE_3': [5, 5, 5], 'DeepFloyd_I_XL_v1': [4, 5, 5], 'Midjourney_6': [4, 5, 5], 'SDXL_2_1': [3, 5, 5], 'SDXL_Base': [4, 5, 5], 'SDXL_Turbo': [2, 5, 5]}"
476,"Two windows in a room; one is open, but the other is not.",16,1,16,2,2,2,1,"{'DALLE_3': [3, 2, 2], 'DeepFloyd_I_XL_v1': [2, 2, 2], 'Midjourney_6': [2, 2, 2], 'SDXL_2_1': [2, 2, 2], 'SDXL_Base': [2, 2, 2], 'SDXL_Turbo': [4, 5, 5]}"
477,"A basket full of apples, but no oranges.",10,1,10,1,3,0,0,"{'DALLE_3': [2, 2, 2], 'DeepFloyd_I_XL_v1': [3, 5, 5], 'Midjourney_6': [2, 2, 2], 'SDXL_2_1': [4, 5, 5], 'SDXL_Base': [5, 5, 5], 'SDXL_Turbo': [4, 5, 4]}"
478,"A row of houses with chimneys, but no smoke coming out.",13,1,14,0,4,1,0,"{'DALLE_3': [2, 2, 2], 'DeepFloyd_I_XL_v1': [5, 5, 5], 'Midjourney_6': [3, 2, 2], 'SDXL_2_1': [2, 2, 2], 'SDXL_Base': [4, 5, 5], 'SDXL_Turbo': [2, 2, 2]}"
479,"Two dogs playing; one is barking, but the other is not.",14,1,14,1,1,4,1,"{'DALLE_3': [1, 2, 2], 'DeepFloyd_I_XL_v1': [2, 3, 2], 'Midjourney_6': [2, 3, 2], 'SDXL_2_1': [2, 3, 2], 'SDXL_Base': [2, 3, 2], 'SDXL_Turbo': [2, 3, 2]}"
480,"A pair of socks, one is striped, but the other is not.",15,1,15,1,2,3,1,"{'DALLE_3': [2, 2, 2], 'DeepFloyd_I_XL_v1': [2, 2, 2], 'Midjourney_6': [2, 2, 2], 'SDXL_2_1': [2, 2, 2], 'SDXL_Base': [2, 2, 2], 'SDXL_Turbo': [2, 2, 2]}"
481,"A snowy hill with children sledding, but no snowman in sight.",13,1,14,0,5,1,0,"{'DALLE_3': [2, 2, 2], 'DeepFloyd_I_XL_v1': [2, 2, 2], 'Midjourney_6': [2, 2, 2], 'SDXL_2_1': [4, 5, 5], 'SDXL_Base': [4, 5, 5], 'SDXL_Turbo': [3, 5, 5]}"
482,"Two cups on the table; one is full, but the other is not.",16,1,16,2,2,2,1,"{'DALLE_3': [3, 2, 2], 'DeepFloyd_I_XL_v1': [3, 2, 2], 'Midjourney_6': [3, 2, 2], 'SDXL_2_1': [1, 1, 2], 'SDXL_Base': [2, 2, 2], 'SDXL_Turbo': [4, 5, 5]}"
483,"A bridge over a river, but no cars crossing.",11,1,11,0,3,1,0,"{'DALLE_3': [2, 2, 2], 'DeepFloyd_I_XL_v1': [3, 5, 5], 'Midjourney_6': [2, 3, 2], 'SDXL_2_1': [4, 5, 5], 'SDXL_Base': [2, 4, 3], 'SDXL_Turbo': [2, 5, 5]}"
484,A zoo with no animals in the enclosures.,9,1,10,0,3,0,0,"{'DALLE_3': [1, 2, 2], 'DeepFloyd_I_XL_v1': [3, 5, 5], 'Midjourney_6': [2, 2, 2], 'SDXL_2_1': [2, 2, 2], 'SDXL_Base': [2, 2, 2], 'SDXL_Turbo': [2, 2, 2]}"
485,A kitchen with every cupboard bare.,7,1,7,0,3,0,0,"{'DALLE_3': [1, 2, 2], 'DeepFloyd_I_XL_v1': [1, 2, 2], 'Midjourney_6': [5, 5, 5], 'SDXL_2_1': [5, 5, 5], 'SDXL_Base': [1, 2, 2], 'SDXL_Turbo': [1, 2, 2]}"
486,A mirror without a reflection of light.,8,1,8,0,3,0,0,"{'DALLE_3': [4, 5, 5], 'DeepFloyd_I_XL_v1': [3, 2, 2], 'Midjourney_6': [2, 2, 2], 'SDXL_2_1': [3, 5, 5], 'SDXL_Base': [2, 2, 2], 'SDXL_Turbo': [3, 2, 2]}"
487,A calendar without any markings.,6,1,6,0,2,0,0,"{'DALLE_3': [1, 2, 2], 'DeepFloyd_I_XL_v1': [4, 5, 4], 'Midjourney_6': [3, 2, 2], 'SDXL_2_1': [2, 2, 2], 'SDXL_Base': [3, 2, 2], 'SDXL_Turbo': [1, 2, 2]}"
488,A bridge with no one crossing.,7,1,7,0,3,0,0,"{'DALLE_3': [3, 5, 5], 'DeepFloyd_I_XL_v1': [5, 5, 5], 'Midjourney_6': [5, 5, 5], 'SDXL_2_1': [5, 5, 5], 'SDXL_Base': [5, 5, 5], 'SDXL_Turbo': [5, 5, 5]}"
489,A hotel with no guests checking in.,8,1,8,0,2,1,0,"{'DALLE_3': [3, 5, 5], 'DeepFloyd_I_XL_v1': [4, 2, 3], 'Midjourney_6': [4, 5, 5], 'SDXL_2_1': [4, 5, 5], 'SDXL_Base': [4, 5, 5], 'SDXL_Turbo': [4, 5, 5]}"
490,A fountain with no water flowing.,7,1,7,0,2,1,0,"{'DALLE_3': [2, 2, 2], 'DeepFloyd_I_XL_v1': [4, 5, 5], 'Midjourney_6': [2, 2, 2], 'SDXL_2_1': [1, 2, 2], 'SDXL_Base': [1, 2, 2], 'SDXL_Turbo': [2, 2, 2]}"
491,A beach scene where the sandcastle appears taller than the nearby cooler.,13,1,14,3,3,1,0,"{'DALLE_3': [5, 5, 5], 'DeepFloyd_I_XL_v1': [4, 2, 2], 'Midjourney_6': [5, 5, 5], 'SDXL_2_1': [2, 3, 3], 'SDXL_Base': [2, 3, 2], 'SDXL_Turbo': [2, 3, 2]}"
492,A bustling street with more bicycles than cars parked along the sidewalk.,13,1,14,2,4,1,0,"{'DALLE_3': [5, 5, 5], 'DeepFloyd_I_XL_v1': [1, 3, 3], 'Midjourney_6': [4, 5, 5], 'SDXL_2_1': [2, 3, 3], 'SDXL_Base': [5, 5, 5], 'SDXL_Turbo': [2, 4, 3]}"
493,A starry night sky with more visible stars than the number of lights in the city below.,18,1,18,2,7,0,1,"{'DALLE_3': [2, 2, 2], 'DeepFloyd_I_XL_v1': [1, 2, 2], 'Midjourney_6': [4, 5, 5], 'SDXL_2_1': [4, 5, 5], 'SDXL_Base': [2, 3, 3], 'SDXL_Turbo': [4, 5, 5]}"
494,"In a crowded room, there are more people standing than sitting.",13,1,13,2,2,3,0,"{'DALLE_3': [5, 5, 5], 'DeepFloyd_I_XL_v1': [3, 3, 5], 'Midjourney_6': [3, 4, 4], 'SDXL_2_1': [2, 4, 3], 'SDXL_Base': [3, 4, 4], 'SDXL_Turbo': [2, 3, 3]}"
495,A fruit basket with more apples than oranges.,9,1,9,0,4,0,1,"{'DALLE_3': [3, 2, 2], 'DeepFloyd_I_XL_v1': [3, 5, 5], 'Midjourney_6': [3, 5, 5], 'SDXL_2_1': [4, 4, 3], 'SDXL_Base': [3, 4, 3], 'SDXL_Turbo': [4, 5, 5]}"
496,A snowy landscape with snow deeper than the height of the nearby fence.,14,1,14,4,3,0,0,"{'DALLE_3': [2, 2, 2], 'DeepFloyd_I_XL_v1': [2, 2, 2], 'Midjourney_6': [2, 2, 2], 'SDXL_2_1': [2, 2, 2], 'SDXL_Base': [2, 2, 2], 'SDXL_Turbo': [2, 2, 2]}"
497,A classroom with more chairs than students.,8,1,8,0,3,0,1,"{'DALLE_3': [1, 3, 3], 'DeepFloyd_I_XL_v1': [2, 4, 3], 'Midjourney_6': [4, 4, 4], 'SDXL_2_1': [4, 4, 4], 'SDXL_Base': [4, 4, 3], 'SDXL_Turbo': [4, 4, 4]}"
498,A painting where the mountain is depicted as taller than the trees in the foreground.,16,1,16,0,5,2,0,"{'DALLE_3': [5, 5, 5], 'DeepFloyd_I_XL_v1': [1, 3, 3], 'Midjourney_6': [1, 2, 2], 'SDXL_2_1': [5, 5, 5], 'SDXL_Base': [1, 2, 2], 'SDXL_Turbo': [5, 5, 5]}"
499,A library with more shelves filled with books than empty ones.,12,1,12,2,3,1,1,"{'DALLE_3': [4, 4, 3], 'DeepFloyd_I_XL_v1': [3, 4, 3], 'Midjourney_6': [3, 4, 3], 'SDXL_2_1': [3, 4, 3], 'SDXL_Base': [3, 4, 3], 'SDXL_Turbo': [3, 4, 3]}"
500,A kitchen pantry with more types of pasta than sauces.,11,1,11,0,5,0,1,"{'DALLE_3': [1, 3, 2], 'DeepFloyd_I_XL_v1': [1, 2, 2], 'Midjourney_6': [2, 2, 2], 'SDXL_2_1': [1, 2, 2], 'SDXL_Base': [2, 2, 2], 'SDXL_Turbo': [5, 2, 2]}"
501,A bakery display with more chocolate pastries than fruit-filled ones.,11,1,13,1,5,0,1,"{'DALLE_3': [3, 3, 3], 'DeepFloyd_I_XL_v1': [2, 2, 2], 'Midjourney_6': [1, 5, 5], 'SDXL_2_1': [3, 4, 3], 'SDXL_Base': [4, 5, 5], 'SDXL_Turbo': [4, 5, 5]}"
502,An office with more desks than computers.,8,1,9,0,3,0,1,"{'DALLE_3': [2, 3, 3], 'DeepFloyd_I_XL_v1': [2, 3, 3], 'Midjourney_6': [4, 5, 5], 'SDXL_2_1': [2, 3, 3], 'SDXL_Base': [4, 5, 5], 'SDXL_Turbo': [4, 4, 3]}"
503,A vintage car show with more convertibles than sedans.,10,1,13,0,5,0,1,"{'DALLE_3': [4, 5, 5], 'DeepFloyd_I_XL_v1': [4, 5, 5], 'Midjourney_6': [3, 2, 2], 'SDXL_2_1': [3, 4, 3], 'SDXL_Base': [1, 3, 2], 'SDXL_Turbo': [1, 2, 2]}"
504,Two dogs playing with one red ball.,8,1,8,1,2,1,0,"{'DALLE_3': [4, 5, 5], 'DeepFloyd_I_XL_v1': [4, 5, 5], 'Midjourney_6': [5, 5, 5], 'SDXL_2_1': [4, 5, 5], 'SDXL_Base': [3, 3, 2], 'SDXL_Turbo': [5, 5, 5]}"
505,Three apples next to four oranges on a table.,10,1,10,0,3,0,0,"{'DALLE_3': [3, 4, 3], 'DeepFloyd_I_XL_v1': [2, 2, 2], 'Midjourney_6': [2, 2, 2], 'SDXL_2_1': [2, 2, 2], 'SDXL_Base': [2, 2, 2], 'SDXL_Turbo': [3, 3, 3]}"
506,One cat sleeping under five bright stars,7,1,7,1,2,1,0,"{'DALLE_3': [5, 5, 5], 'DeepFloyd_I_XL_v1': [2, 3, 3], 'Midjourney_6': [3, 3, 3], 'SDXL_2_1': [2, 3, 3], 'SDXL_Base': [3, 3, 3], 'SDXL_Turbo': [2, 3, 3]}"
507,Six birds soar above two towering trees.,8,1,8,0,2,2,0,"{'DALLE_3': [3, 2, 2], 'DeepFloyd_I_XL_v1': [2, 3, 2], 'Midjourney_6': [3, 2, 2], 'SDXL_2_1': [2, 1, 1], 'SDXL_Base': [3, 2, 2], 'SDXL_Turbo': [3, 2, 2]}"
508,Four children jumping rope in the park,7,1,7,0,3,1,0,"{'DALLE_3': [3, 3, 3], 'DeepFloyd_I_XL_v1': [2, 5, 5], 'Midjourney_6': [3, 3, 2], 'SDXL_2_1': [2, 2, 2], 'SDXL_Base': [2, 3, 3], 'SDXL_Turbo': [2, 2, 2]}"
509,Two bicycles leaning against a wall with three windows.,10,1,10,0,3,1,0,"{'DALLE_3': [3, 3, 2], 'DeepFloyd_I_XL_v1': [4, 5, 5], 'Midjourney_6': [3, 3, 2], 'SDXL_2_1': [3, 3, 2], 'SDXL_Base': [4, 4, 4], 'SDXL_Turbo': [2, 2, 2]}"
510,Four cupcakes with sprinkles on a plate with two forks.,11,1,11,0,4,0,0,"{'DALLE_3': [4, 4, 3], 'DeepFloyd_I_XL_v1': [2, 3, 3], 'Midjourney_6': [5, 5, 5], 'SDXL_2_1': [3, 3, 3], 'SDXL_Base': [3, 3, 3], 'SDXL_Turbo': [2, 2, 2]}"
511,Three kites soaring in the sky above two hills.,10,1,10,0,3,1,0,"{'DALLE_3': [3, 5, 3], 'DeepFloyd_I_XL_v1': [3, 3, 3], 'Midjourney_6': [2, 3, 3], 'SDXL_2_1': [2, 2, 2], 'SDXL_Base': [4, 3, 3], 'SDXL_Turbo': [1, 3, 2]}"
512,One lantern glowing softly next to five pebbles.,9,1,9,2,1,1,1,"{'DALLE_3': [3, 3, 3], 'DeepFloyd_I_XL_v1': [3, 3, 3], 'Midjourney_6': [3, 3, 3], 'SDXL_2_1': [2, 3, 1], 'SDXL_Base': [2, 3, 2], 'SDXL_Turbo': [2, 3, 2]}"
513,Six pencils lined up next to one sharpener.,9,1,10,1,3,1,0,"{'DALLE_3': [3, 3, 3], 'DeepFloyd_I_XL_v1': [1, 2, 2], 'Midjourney_6': [2, 3, 4], 'SDXL_2_1': [2, 2, 2], 'SDXL_Base': [1, 2, 2], 'SDXL_Turbo': [1, 2, 2]}"
514,Two sparrows perched on a branch with three leaves.,10,1,11,0,3,1,0,"{'DALLE_3': [3, 3, 3], 'DeepFloyd_I_XL_v1': [2, 2, 2], 'Midjourney_6': [3, 3, 3], 'SDXL_2_1': [3, 3, 3], 'SDXL_Base': [2, 2, 2], 'SDXL_Turbo': [3, 3, 3]}"
515,Five buttons sewn onto a piece of fabric with two needles.,12,1,12,1,3,1,0,"{'DALLE_3': [2, 2, 2], 'DeepFloyd_I_XL_v1': [3, 4, 4], 'Midjourney_6': [2, 2, 2], 'SDXL_2_1': [3, 3, 4], 'SDXL_Base': [2, 2, 2], 'SDXL_Turbo': [2, 2, 2]}"
516,Three snowmen standing in a garden with two pine trees.,11,1,12,0,4,1,0,"{'DALLE_3': [3, 3, 3], 'DeepFloyd_I_XL_v1': [3, 5, 4], 'Midjourney_6': [3, 3, 3], 'SDXL_2_1': [4, 5, 5], 'SDXL_Base': [2, 2, 2], 'SDXL_Turbo': [2, 2, 2]}"
517,Two clouds casting shadows over three sunflowers.,8,1,8,0,3,1,0,"{'DALLE_3': [2, 3, 3], 'DeepFloyd_I_XL_v1': [4, 5, 5], 'Midjourney_6': [3, 3, 4], 'SDXL_2_1': [3, 3, 3], 'SDXL_Base': [3, 3, 3], 'SDXL_Turbo': [2, 3, 3]}"
518,Two apples on a kitchen counter.,7,1,7,0,3,0,0,"{'DALLE_3': [3, 5, 5], 'DeepFloyd_I_XL_v1': [4, 5, 4], 'Midjourney_6': [4, 5, 5], 'SDXL_2_1': [2, 4, 3], 'SDXL_Base': [3, 4, 5], 'SDXL_Turbo': [4, 5, 5]}"
519,Three birds sitting on a wire.,7,1,7,0,2,1,0,"{'DALLE_3': [5, 5, 5], 'DeepFloyd_I_XL_v1': [5, 5, 5], 'Midjourney_6': [2, 3, 3], 'SDXL_2_1': [2, 3, 3], 'SDXL_Base': [3, 3, 3], 'SDXL_Turbo': [2, 3, 3]}"
520,Four pencils in a cup.,6,1,6,0,2,0,0,"{'DALLE_3': [4, 5, 5], 'DeepFloyd_I_XL_v1': [4, 5, 5], 'Midjourney_6': [2, 3, 3], 'SDXL_2_1': [2, 3, 3], 'SDXL_Base': [1, 2, 2], 'SDXL_Turbo': [2, 3, 2]}"
521,Five stars in the night sky.,7,1,7,0,3,0,0,"{'DALLE_3': [2, 3, 3], 'DeepFloyd_I_XL_v1': [2, 2, 2], 'Midjourney_6': [2, 3, 1], 'SDXL_2_1': [2, 2, 2], 'SDXL_Base': [2, 2, 2], 'SDXL_Turbo': [1, 3, 2]}"
522,One cat napping in the sun.,7,1,7,0,3,0,0,"{'DALLE_3': [4, 5, 5], 'DeepFloyd_I_XL_v1': [4, 5, 5], 'Midjourney_6': [4, 5, 5], 'SDXL_2_1': [2, 5, 3], 'SDXL_Base': [3, 5, 5], 'SDXL_Turbo': [1, 5, 3]}"
523,Two shoes by the front door.,7,1,7,1,2,0,0,"{'DALLE_3': [2, 3, 3], 'DeepFloyd_I_XL_v1': [2, 5, 4], 'Midjourney_6': [2, 5, 5], 'SDXL_2_1': [2, 5, 4], 'SDXL_Base': [2, 5, 5], 'SDXL_Turbo': [1, 3, 2]}"
524,Three cookies on a plate.,6,1,6,0,2,0,0,"{'DALLE_3': [4, 3, 3], 'DeepFloyd_I_XL_v1': [2, 3, 3], 'Midjourney_6': [4, 5, 5], 'SDXL_2_1': [2, 3, 3], 'SDXL_Base': [2, 3, 3], 'SDXL_Turbo': [2, 3, 3]}"
525,Four leaves on a branch.,6,1,6,0,2,0,0,"{'DALLE_3': [1, 3, 3], 'DeepFloyd_I_XL_v1': [4, 5, 4], 'Midjourney_6': [1, 3, 3], 'SDXL_2_1': [1, 3, 2], 'SDXL_Base': [1, 3, 2], 'SDXL_Turbo': [1, 3, 3]}"
526,Five stones by the river.,6,1,6,0,2,0,0,"{'DALLE_3': [2, 3, 3], 'DeepFloyd_I_XL_v1': [2, 3, 3], 'Midjourney_6': [2, 3, 3], 'SDXL_2_1': [2, 3, 3], 'SDXL_Base': [2, 3, 3], 'SDXL_Turbo': [2, 3, 3]}"
527,"A vibrant apple tree performing a juggling act using its own apples under a bright, circus-style tent.",19,1,22,4,6,2,0,"{'DALLE_3': [4, 3, 4], 'DeepFloyd_I_XL_v1': [3, 2, 3], 'Midjourney_6': [3, 4, 3], 'SDXL_2_1': [3, 3, 2], 'SDXL_Base': [2, 3, 2], 'SDXL_Turbo': [3, 3, 2]}"
528,"Fields of lavender participating in a peaceful protest for bees, waving tiny banners.",15,1,15,2,5,2,0,"{'DALLE_3': [4, 4, 4], 'DeepFloyd_I_XL_v1': [3, 3, 3], 'Midjourney_6': [4, 3, 4], 'SDXL_2_1': [2, 2, 2], 'SDXL_Base': [2, 3, 2], 'SDXL_Turbo': [3, 3, 3]}"
529,A Siamese cat detective with a magnifying glass.,9,1,10,1,4,0,0,"{'DALLE_3': [2, 3, 2], 'DeepFloyd_I_XL_v1': [3, 3, 3], 'Midjourney_6': [5, 5, 5], 'SDXL_2_1': [2, 2, 2], 'SDXL_Base': [3, 4, 2], 'SDXL_Turbo': [4, 4, 4]}"
530,"A cheerful Labrador retriever wearing a chef's hat, baking cookies shaped like bones.",16,1,16,1,6,3,0,"{'DALLE_3': [5, 4, 5], 'DeepFloyd_I_XL_v1': [4, 3, 4], 'Midjourney_6': [4, 3, 3], 'SDXL_2_1': [3, 3, 2], 'SDXL_Base': [3, 3, 3], 'SDXL_Turbo': [3, 2, 3]}"
531,A cherry blossom tree gracefully dancing in a kimono during a spring festival under moonlight.,16,1,17,1,6,1,1,"{'DALLE_3': [2, 3, 2], 'DeepFloyd_I_XL_v1': [2, 2, 2], 'Midjourney_6': [2, 3, 2], 'SDXL_2_1': [2, 2, 2], 'SDXL_Base': [2, 3, 2], 'SDXL_Turbo': [2, 2, 2]}"
532,A goldfish conducting a symphony orchestra with a choir of bubbles in an underwater concert hall.,17,1,17,2,6,1,0,"{'DALLE_3': [5, 4, 4], 'DeepFloyd_I_XL_v1': [3, 2, 3], 'Midjourney_6': [4, 3, 4], 'SDXL_2_1': [2, 2, 2], 'SDXL_Base': [2, 2, 2], 'SDXL_Turbo': [2, 2, 2]}"
533,A parrot pirate sails through the sky with a map.,11,1,11,0,5,0,0,"{'DALLE_3': [3, 3, 2], 'DeepFloyd_I_XL_v1': [3, 2, 3], 'Midjourney_6': [4, 3, 4], 'SDXL_2_1': [2, 2, 2], 'SDXL_Base': [3, 3, 2], 'SDXL_Turbo': [2, 3, 2]}"
534,"A band of beetles playing rock music on miniature instruments, with a leaf as their stage.",18,1,18,0,8,1,0,"{'DALLE_3': [5, 4, 5], 'DeepFloyd_I_XL_v1': [5, 4, 4], 'Midjourney_6': [3, 3, 3], 'SDXL_2_1': [2, 2, 2], 'SDXL_Base': [2, 2, 2], 'SDXL_Turbo': [3, 2, 2]}"
535,"A tabby cat wizard casting spells with a wand, surrounded by floating books and magical orbs.",18,1,19,1,6,3,0,"{'DALLE_3': [4, 3, 3], 'DeepFloyd_I_XL_v1': [4, 3, 3], 'Midjourney_6': [4, 3, 4], 'SDXL_2_1': [2, 2, 2], 'SDXL_Base': [4, 3, 4], 'SDXL_Turbo': [3, 3, 3]}"
536,A German shepherd astronaut exploring new planets with a space helmet and a jetpack.,15,1,16,2,6,1,0,"{'DALLE_3': [5, 4, 5], 'DeepFloyd_I_XL_v1': [2, 2, 3], 'Midjourney_6': [4, 3, 3], 'SDXL_2_1': [2, 2, 2], 'SDXL_Base': [3, 3, 3], 'SDXL_Turbo': [5, 4, 5]}"
537,"Marigold flowers hosting a party, with fireflies as their lanterns in the twilight.",15,1,17,1,5,1,0,"{'DALLE_3': [4, 3, 4], 'DeepFloyd_I_XL_v1': [3, 2, 3], 'Midjourney_6': [2, 2, 2], 'SDXL_2_1': [4, 3, 4], 'SDXL_Base': [4, 3, 4], 'SDXL_Turbo': [3, 3, 2]}"
538,"A weeping willow as a poet, writing verses that sway with its branches by a serene lake.",19,1,19,1,5,3,0,"{'DALLE_3': [3, 3, 3], 'DeepFloyd_I_XL_v1': [2, 2, 3], 'Midjourney_6': [3, 3, 3], 'SDXL_2_1': [2, 2, 3], 'SDXL_Base': [2, 2, 2], 'SDXL_Turbo': [2, 2, 2]}"
539,"A hummingbird thief, darting through a museum to steal nectar from exotic flowers.",15,1,16,1,5,2,0,"{'DALLE_3': [5, 4, 4], 'DeepFloyd_I_XL_v1': [3, 3, 2], 'Midjourney_6': [4, 3, 3], 'SDXL_2_1': [2, 2, 2], 'SDXL_Base': [3, 3, 2], 'SDXL_Turbo': [3, 2, 2]}"
540,A sparrow pilot flying a paper plane between the clouds.,11,1,11,0,5,1,0,"{'DALLE_3': [5, 5, 5], 'DeepFloyd_I_XL_v1': [3, 2, 3], 'Midjourney_6': [3, 2, 2], 'SDXL_2_1': [1, 1, 2], 'SDXL_Base': [2, 2, 2], 'SDXL_Turbo': [2, 2, 2]}"
541,A maple tree chef serving maple syrup pancakes at a forest diner with animals as guests.,17,1,17,2,8,1,0,"{'DALLE_3': [5, 4, 4], 'DeepFloyd_I_XL_v1': [3, 2, 2], 'Midjourney_6': [3, 3, 2], 'SDXL_2_1': [2, 2, 2], 'SDXL_Base': [3, 3, 2], 'SDXL_Turbo': [2, 2, 2]}"
542,"An ancient oak tree hosting a library in its branches, with birds as librarians and squirrels as readers.",20,1,20,1,8,1,0,"{'DALLE_3': [4, 3, 3], 'DeepFloyd_I_XL_v1': [4, 3, 3], 'Midjourney_6': [3, 3, 3], 'SDXL_2_1': [3, 2, 2], 'SDXL_Base': [4, 3, 4], 'SDXL_Turbo': [3, 3, 3]}"
543,A rabbit magician pulling a human out of a hat at a magic show.,15,1,15,3,3,1,0,"{'DALLE_3': [2, 3, 2], 'DeepFloyd_I_XL_v1': [2, 2, 2], 'Midjourney_6': [2, 2, 2], 'SDXL_2_1': [2, 2, 2], 'SDXL_Base': [2, 2, 2], 'SDXL_Turbo': [2, 2, 2]}"
544,A punk rock frog in a studded leather jacket standing on a stump.,14,1,14,1,6,1,0,"{'DALLE_3': [5, 4, 4], 'DeepFloyd_I_XL_v1': [4, 4, 4], 'Midjourney_6': [5, 4, 4], 'SDXL_2_1': [2, 2, 2], 'SDXL_Base': [5, 4, 5], 'SDXL_Turbo': [3, 2, 3]}"
545,A smiling sloth wearing a bowtie and holding a book.,11,1,12,0,3,3,0,"{'DALLE_3': [5, 4, 5], 'DeepFloyd_I_XL_v1': [5, 4, 5], 'Midjourney_6': [5, 4, 5], 'SDXL_2_1': [5, 4, 5], 'SDXL_Base': [5, 4, 5], 'SDXL_Turbo': [5, 4, 5]}"
546,"A cat perched on a bookshelf, pawing at a floating feather.",13,1,14,0,3,3,0,"{'DALLE_3': [5, 4, 4], 'DeepFloyd_I_XL_v1': [4, 4, 5], 'Midjourney_6': [5, 4, 5], 'SDXL_2_1': [3, 3, 2], 'SDXL_Base': [4, 4, 3], 'SDXL_Turbo': [5, 4, 5]}"
547,"A ballerina pirouettes on a moonlit rooftop, the city skyline behind her.",14,1,17,0,5,1,0,"{'DALLE_3': [5, 4, 5], 'DeepFloyd_I_XL_v1': [3, 3, 3], 'Midjourney_6': [4, 4, 5], 'SDXL_2_1': [3, 2, 2], 'SDXL_Base': [3, 3, 2], 'SDXL_Turbo': [3, 3, 2]}"
548,A squirrel in a tiny hat painting a masterpiece in a tree nook.,14,1,14,2,4,1,0,"{'DALLE_3': [5, 4, 5], 'DeepFloyd_I_XL_v1': [3, 3, 2], 'Midjourney_6': [4, 4, 4], 'SDXL_2_1': [2, 2, 2], 'SDXL_Base': [2, 2, 2], 'SDXL_Turbo': [2, 2, 2]}"
549,A fox in a detective's outfit sniffs for clues in a misty forest.,15,1,16,2,5,0,0,"{'DALLE_3': [5, 4, 5], 'DeepFloyd_I_XL_v1': [3, 2, 3], 'Midjourney_6': [5, 5, 5], 'SDXL_2_1': [2, 2, 2], 'SDXL_Base': [4, 3, 5], 'SDXL_Turbo': [4, 3, 5]}"
550,"A robot serves tea in a futuristic cafe, surrounded by holograms.",13,1,14,1,4,2,0,"{'DALLE_3': [5, 4, 5], 'DeepFloyd_I_XL_v1': [3, 3, 3], 'Midjourney_6': [5, 4, 4], 'SDXL_2_1': [5, 4, 4], 'SDXL_Base': [5, 4, 4], 'SDXL_Turbo': [5, 4, 4]}"
551,A painter on a ladder adds stars to a mural of the night sky on a city wall.,19,1,19,0,8,1,0,"{'DALLE_3': [5, 5, 4], 'DeepFloyd_I_XL_v1': [2, 3, 2], 'Midjourney_6': [5, 4, 4], 'SDXL_2_1': [2, 3, 3], 'SDXL_Base': [5, 4, 5], 'SDXL_Turbo': [2, 3, 3]}"
552,A knight in shining armor reads a map by the light of a firefly lantern.,16,1,16,0,6,2,0,"{'DALLE_3': [3, 4, 3], 'DeepFloyd_I_XL_v1': [2, 2, 2], 'Midjourney_6': [5, 4, 5], 'SDXL_2_1': [3, 2, 2], 'SDXL_Base': [3, 3, 3], 'SDXL_Turbo': [3, 3, 3]}"
553,"A jazz band of raccoons performs in a moonlit alley, instruments gleaming.",14,1,18,0,7,1,0,"{'DALLE_3': [3, 4, 3], 'DeepFloyd_I_XL_v1': [3, 2, 2], 'Midjourney_6': [5, 5, 4], 'SDXL_2_1': [4, 3, 4], 'SDXL_Base': [3, 3, 4], 'SDXL_Turbo': [3, 3, 4]}"
554,"A child in a superhero costume leaps over a puddle, cape fluttering.",14,1,16,0,6,1,0,"{'DALLE_3': [5, 4, 4], 'DeepFloyd_I_XL_v1': [5, 5, 4], 'Midjourney_6': [4, 4, 3], 'SDXL_2_1': [3, 3, 3], 'SDXL_Base': [4, 4, 3], 'SDXL_Turbo': [4, 4, 3]}"
555,"An elephant paints a self-portrait with its trunk in a sunny, open field.",15,1,17,3,4,0,0,"{'DALLE_3': [5, 5, 5], 'DeepFloyd_I_XL_v1': [2, 2, 2], 'Midjourney_6': [4, 4, 3], 'SDXL_2_1': [2, 2, 2], 'SDXL_Base': [2, 2, 2], 'SDXL_Turbo': [2, 2, 1]}"
556,A squirrel walks a tightrope between two trees holding an acorn.,12,1,13,0,4,2,0,"{'DALLE_3': [5, 4, 5], 'DeepFloyd_I_XL_v1': [3, 2, 2], 'Midjourney_6': [4, 4, 4], 'SDXL_2_1': [3, 3, 2], 'SDXL_Base': [3, 3, 3], 'SDXL_Turbo': [4, 3, 4]}"
557,A jazz musician plays a saxophone under a streetlamp at night.,12,1,13,0,5,1,0,"{'DALLE_3': [5, 4, 5], 'DeepFloyd_I_XL_v1': [5, 4, 5], 'Midjourney_6': [5, 4, 5], 'SDXL_2_1': [3, 3, 3], 'SDXL_Base': [5, 4, 5], 'SDXL_Turbo': [5, 5, 5]}"
558,A knight in shining armor polishes his shield.,9,1,10,0,4,1,0,"{'DALLE_3': [5, 5, 5], 'DeepFloyd_I_XL_v1': [4, 3, 3], 'Midjourney_6': [5, 5, 3], 'SDXL_2_1': [3, 2, 2], 'SDXL_Base': [5, 3, 3], 'SDXL_Turbo': [5, 3, 3]}"
559,A hummingbird in a tiny helmet races a bumblebee.,10,1,10,1,3,1,0,"{'DALLE_3': [5, 3, 5], 'DeepFloyd_I_XL_v1': [3, 3, 3], 'Midjourney_6': [5, 4, 5], 'SDXL_2_1': [2, 2, 2], 'SDXL_Base': [2, 2, 2], 'SDXL_Turbo': [2, 2, 2]}"
560,A fairy sprinkles pixie dust over a blooming garden at night.,12,1,12,1,4,1,1,"{'DALLE_3': [5, 4, 5], 'DeepFloyd_I_XL_v1': [4, 3, 5], 'Midjourney_6': [5, 5, 5], 'SDXL_2_1': [4, 3, 3], 'SDXL_Base': [5, 3, 3], 'SDXL_Turbo': [5, 3, 4]}"
561,A steampunk airship floats above a futuristic city.,9,1,10,1,4,0,0,"{'DALLE_3': [5, 5, 5], 'DeepFloyd_I_XL_v1': [4, 3, 5], 'Midjourney_6': [5, 5, 5], 'SDXL_2_1': [5, 4, 5], 'SDXL_Base': [5, 4, 5], 'SDXL_Turbo': [5, 3, 5]}"
562,A skateboarder executes a trick over the Great Wall of China.,12,1,14,0,5,1,0,"{'DALLE_3': [5, 4, 5], 'DeepFloyd_I_XL_v1': [5, 3, 3], 'Midjourney_6': [5, 4, 5], 'SDXL_2_1': [5, 3, 3], 'SDXL_Base': [5, 3, 3], 'SDXL_Turbo': [3, 2, 2]}"
563,A sunflower in sunglasses dances in the snow.,9,1,9,0,4,0,0,"{'DALLE_3': [5, 4, 5], 'DeepFloyd_I_XL_v1': [3, 2, 2], 'Midjourney_6': [5, 4, 5], 'SDXL_2_1': [3, 3, 2], 'SDXL_Base': [5, 3, 5], 'SDXL_Turbo': [4, 3, 3]}"
564,A ghost plays chess with a suit of armor in a castle.,13,1,13,0,5,1,0,"{'DALLE_3': [5, 4, 5], 'DeepFloyd_I_XL_v1': [4, 3, 3], 'Midjourney_6': [3, 3, 4], 'SDXL_2_1': [2, 2, 2], 'SDXL_Base': [2, 3, 3], 'SDXL_Turbo': [2, 3, 3]}"
565,"A jazz band performs on the moon, the Earth rising in the background.",15,1,15,0,6,1,0,"{'DALLE_3': [5, 4, 5], 'DeepFloyd_I_XL_v1': [5, 5, 3], 'Midjourney_6': [5, 4, 5], 'SDXL_2_1': [3, 3, 3], 'SDXL_Base': [3, 3, 3], 'SDXL_Turbo': [4, 3, 3]}"
566,A cowboy rides a mechanical bull in the middle of Times Square.,13,1,13,1,5,1,0,"{'DALLE_3': [5, 4, 3], 'DeepFloyd_I_XL_v1': [4, 3, 3], 'Midjourney_6': [3, 4, 3], 'SDXL_2_1': [3, 3, 3], 'SDXL_Base': [3, 3, 2], 'SDXL_Turbo': [3, 3, 2]}"
567,A bear wearing a monocle reads the newspaper in a cozy den.,13,1,15,2,3,2,0,"{'DALLE_3': [5, 4, 5], 'DeepFloyd_I_XL_v1': [3, 2, 2], 'Midjourney_6': [4, 3, 3], 'SDXL_2_1': [3, 2, 2], 'SDXL_Base': [3, 3, 3], 'SDXL_Turbo': [3, 3, 3]}"
568,A robot and a dinosaur play chess in a post-apocalyptic landscape.,12,1,14,2,4,0,0,"{'DALLE_3': [5, 5, 5], 'DeepFloyd_I_XL_v1': [3, 3, 3], 'Midjourney_6': [4, 3, 3], 'SDXL_2_1': [4, 3, 3], 'SDXL_Base': [3, 3, 3], 'SDXL_Turbo': [3, 3, 3]}"
569,"A ballerina pirouettes on a floating iceberg, northern lights above.",12,1,14,2,3,1,0,"{'DALLE_3': [5, 4, 4], 'DeepFloyd_I_XL_v1': [5, 3, 4], 'Midjourney_6': [5, 5, 5], 'SDXL_2_1': [4, 3, 4], 'SDXL_Base': [4, 3, 2], 'SDXL_Turbo': [5, 3, 3]}"
570,A ninja scales the Great Pyramid under the cover of night.,12,1,12,1,4,1,0,"{'DALLE_3': [5, 4, 5], 'DeepFloyd_I_XL_v1': [5, 3, 4], 'Midjourney_6': [5, 3, 4], 'SDXL_2_1': [3, 2, 3], 'SDXL_Base': [3, 2, 4], 'SDXL_Turbo': [3, 2, 4]}"
571,A sphinx talking with travelers in front of the Pyramids at sunset.,13,1,13,0,5,1,0,"{'DALLE_3': [4, 2, 4], 'DeepFloyd_I_XL_v1': [4, 2, 3], 'Midjourney_6': [5, 3, 5], 'SDXL_2_1': [3, 2, 2], 'SDXL_Base': [3, 2, 2], 'SDXL_Turbo': [2, 2, 2]}"
572,A pilot in a leather jacket navigates a biplane through a stormy sky.,14,1,16,0,6,1,0,"{'DALLE_3': [4, 4, 3], 'DeepFloyd_I_XL_v1': [4, 3, 3], 'Midjourney_6': [4, 4, 4], 'SDXL_2_1': [3, 3, 3], 'SDXL_Base': [3, 3, 3], 'SDXL_Turbo': [3, 3, 3]}"
573,"a young girl in a flowy dress running through a field of lavender, with a picturesque mountain range in the distance.",23,1,24,2,8,1,0,"{'DALLE_3': [5, 4, 5], 'DeepFloyd_I_XL_v1': [5, 3, 5], 'Midjourney_6': [5, 5, 5], 'SDXL_2_1': [5, 3, 3], 'SDXL_Base': [5, 3, 5], 'SDXL_Turbo': [5, 3, 5]}"
574,"a futuristic cityscape at dusk, with flying cars zooming between neon-lit skyscrapers.",14,1,19,2,4,2,0,"{'DALLE_3': [5, 5, 5], 'DeepFloyd_I_XL_v1': [3, 2, 4], 'Midjourney_6': [5, 4, 5], 'SDXL_2_1': [5, 3, 4], 'SDXL_Base': [5, 3, 5], 'SDXL_Turbo': [5, 4, 5]}"
575,a group of friends camping with a glowing campfire at their center.,13,1,13,0,5,1,0,"{'DALLE_3': [5, 4, 4], 'DeepFloyd_I_XL_v1': [3, 3, 3], 'Midjourney_6': [5, 5, 5], 'SDXL_2_1': [5, 3, 5], 'SDXL_Base': [5, 4, 5], 'SDXL_Turbo': [5, 3, 5]}"
576,"a diver exploring a vibrant coral reef, surrounded by a school of colorful fish.",16,1,16,3,4,2,0,"{'DALLE_3': [5, 3, 5], 'DeepFloyd_I_XL_v1': [5, 3, 5], 'Midjourney_6': [5, 5, 5], 'SDXL_2_1': [3, 3, 2], 'SDXL_Base': [5, 4, 2], 'SDXL_Turbo': [3, 3, 3]}"
577,"a leather-bound diary open to a blank page, with an antique quill and inkwell set beside it.",19,1,22,4,4,1,0,"{'DALLE_3': [5, 4, 3], 'DeepFloyd_I_XL_v1': [4, 2, 3], 'Midjourney_6': [4, 3, 3], 'SDXL_2_1': [2, 3, 2], 'SDXL_Base': [3, 2, 3], 'SDXL_Turbo': [3, 2, 3]}"
578,"a quaint cobblestone street in a European village, lined with cafes and blooming flower boxes.",17,1,18,2,6,2,0,"{'DALLE_3': [5, 4, 4], 'DeepFloyd_I_XL_v1': [5, 2, 3], 'Midjourney_6': [5, 5, 4], 'SDXL_2_1': [5, 3, 4], 'SDXL_Base': [5, 4, 4], 'SDXL_Turbo': [5, 3, 4]}"
579,"a solitary lighthouse standing tall against a backdrop of stormy seas and dark, rolling clouds.",17,1,17,1,7,2,0,"{'DALLE_3': [5, 4, 5], 'DeepFloyd_I_XL_v1': [5, 4, 5], 'Midjourney_6': [5, 4, 5], 'SDXL_2_1': [4, 3, 4], 'SDXL_Base': [5, 4, 5], 'SDXL_Turbo': [5, 4, 5]}"
580,a hot air balloon drifting over a patchwork of green fields and winding rivers.,15,1,15,2,5,2,0,"{'DALLE_3': [5, 4, 5], 'DeepFloyd_I_XL_v1': [3, 2, 2], 'Midjourney_6': [4, 3, 3], 'SDXL_2_1': [5, 4, 5], 'SDXL_Base': [5, 4, 5], 'SDXL_Turbo': [5, 3, 5]}"
581,a pug dressed as a chef cooking in a miniature kitchen.,12,1,12,0,5,1,0,"{'DALLE_3': [5, 4, 5], 'DeepFloyd_I_XL_v1': [5, 3, 4], 'Midjourney_6': [5, 4, 5], 'SDXL_2_1': [5, 3, 5], 'SDXL_Base': [5, 4, 5], 'SDXL_Turbo': [5, 3, 4]}"
582,a bouquet of tulips sprouting from an open book.,10,1,11,1,3,1,0,"{'DALLE_3': [5, 4, 5], 'DeepFloyd_I_XL_v1': [4, 3, 5], 'Midjourney_6': [5, 4, 5], 'SDXL_2_1': [5, 3, 5], 'SDXL_Base': [5, 4, 5], 'SDXL_Turbo': [3, 3, 3]}"
583,an octopus playing multiple instruments in an underwater band.,10,1,10,3,3,0,0,"{'DALLE_3': [5, 4, 5], 'DeepFloyd_I_XL_v1': [5, 3, 5], 'Midjourney_6': [5, 4, 5], 'SDXL_2_1': [3, 2, 3], 'SDXL_Base': [5, 3, 5], 'SDXL_Turbo': [4, 3, 3]}"
584,a flamingo standing on one leg at a soda shop counter.,12,1,12,1,5,0,0,"{'DALLE_3': [5, 4, 5], 'DeepFloyd_I_XL_v1': [3, 2, 2], 'Midjourney_6': [3, 3, 2], 'SDXL_2_1': [2, 3, 2], 'SDXL_Base': [3, 3, 2], 'SDXL_Turbo': [4, 3, 2]}"
585,a koala pilot flying a paper airplane over Sydney Harbour.,11,1,11,0,6,1,0,"{'DALLE_3': [4, 4, 3], 'DeepFloyd_I_XL_v1': [4, 3, 3], 'Midjourney_6': [3, 3, 4], 'SDXL_2_1': [1, 2, 2], 'SDXL_Base': [2, 2, 2], 'SDXL_Turbo': [2, 2, 3]}"
586,the Eiffel Tower adorned with colorful flowers in spring.,10,1,10,1,4,1,0,"{'DALLE_3': [5, 3, 5], 'DeepFloyd_I_XL_v1': [4, 3, 2], 'Midjourney_6': [5, 4, 5], 'SDXL_2_1': [4, 3, 2], 'SDXL_Base': [4, 4, 2], 'SDXL_Turbo': [4, 4, 2]}"
587,a map of Japan with Mount Fuji highlighted in cherry blossoms.,12,1,12,0,6,1,0,"{'DALLE_3': [4, 3, 3], 'DeepFloyd_I_XL_v1': [3, 2, 2], 'Midjourney_6': [3, 4, 3], 'SDXL_2_1': [2, 3, 2], 'SDXL_Base': [4, 3, 3], 'SDXL_Turbo': [4, 3, 3]}"
588,a llama wearing sunglasses and lounging on a beach chair.,11,1,11,0,5,1,0,"{'DALLE_3': [5, 4, 5], 'DeepFloyd_I_XL_v1': [5, 3, 5], 'Midjourney_6': [5, 3, 5], 'SDXL_2_1': [4, 2, 5], 'SDXL_Base': [5, 3, 5], 'SDXL_Turbo': [5, 3, 5]}"
589,a baby elephant holding a colorful umbrella with its trunk.,11,1,11,2,3,1,0,"{'DALLE_3': [4, 3, 3], 'DeepFloyd_I_XL_v1': [3, 3, 3], 'Midjourney_6': [5, 4, 5], 'SDXL_2_1': [3, 2, 2], 'SDXL_Base': [3, 3, 2], 'SDXL_Turbo': [3, 3, 2]}"
590,a set of enchanted books floating above an ancient oak desk.,12,1,12,2,4,1,0,"{'DALLE_3': [5, 4, 5], 'DeepFloyd_I_XL_v1': [4, 3, 3], 'Midjourney_6': [4, 4, 4], 'SDXL_2_1': [4, 4, 4], 'SDXL_Base': [5, 3, 4], 'SDXL_Turbo': [5, 3, 4]}"
591,a luxurious velvet armchair with golden trim and emerald upholstery.,11,1,11,3,4,0,0,"{'DALLE_3': [5, 4, 5], 'DeepFloyd_I_XL_v1': [5, 5, 5], 'Midjourney_6': [5, 4, 5], 'SDXL_2_1': [5, 5, 5], 'SDXL_Base': [5, 5, 5], 'SDXL_Turbo': [5, 5, 5]}"
592,a quaint cottage with a thatched roof and a blooming garden.,12,1,13,2,4,0,0,"{'DALLE_3': [5, 3, 5], 'DeepFloyd_I_XL_v1': [5, 2, 4], 'Midjourney_6': [5, 4, 5], 'SDXL_2_1': [4, 2, 4], 'SDXL_Base': [5, 3, 5], 'SDXL_Turbo': [5, 4, 5]}"
593,a dachshund in a tuxedo playing a miniature grand piano.,11,1,11,2,3,1,0,"{'DALLE_3': [5, 3, 3], 'DeepFloyd_I_XL_v1': [3, 2, 3], 'Midjourney_6': [4, 4, 4], 'SDXL_2_1': [3, 2, 2], 'SDXL_Base': [4, 2, 3], 'SDXL_Turbo': [5, 3, 4]}"
594,a circle of robots doing yoga in a garden.,10,1,10,0,4,1,0,"{'DALLE_3': [5, 4, 5], 'DeepFloyd_I_XL_v1': [3, 3, 3], 'Midjourney_6': [5, 4, 4], 'SDXL_2_1': [4, 4, 5], 'SDXL_Base': [4, 3, 3], 'SDXL_Turbo': [4, 3, 4]}"
595,a purple sports car racing along a coastal highway.,10,1,10,2,3,1,0,"{'DALLE_3': [5, 4, 5], 'DeepFloyd_I_XL_v1': [5, 4, 5], 'Midjourney_6': [5, 4, 5], 'SDXL_2_1': [5, 3, 4], 'SDXL_Base': [5, 4, 5], 'SDXL_Turbo': [4, 3, 3]}"
596,a mural of an astronaut on the side of a building.,12,1,12,0,4,0,0,"{'DALLE_3': [5, 3, 5], 'DeepFloyd_I_XL_v1': [5, 3, 5], 'Midjourney_6': [5, 4, 5], 'SDXL_2_1': [4, 3, 5], 'SDXL_Base': [5, 3, 5], 'SDXL_Turbo': [5, 3, 5]}"
597,a green tractor plowing a field at sunrise.,9,1,10,1,3,1,0,"{'DALLE_3': [5, 4, 5], 'DeepFloyd_I_XL_v1': [5, 2, 5], 'Midjourney_6': [5, 4, 5], 'SDXL_2_1': [4, 3, 5], 'SDXL_Base': [5, 4, 5], 'SDXL_Turbo': [4, 3, 5]}"
598,a rowboat tied to a dock on a foggy morning.,11,1,12,1,3,1,0,"{'DALLE_3': [5, 4, 5], 'DeepFloyd_I_XL_v1': [5, 4, 4], 'Midjourney_6': [3, 2, 3], 'SDXL_2_1': [5, 4, 4], 'SDXL_Base': [3, 2, 3], 'SDXL_Turbo': [3, 3, 3]}"
599,a campervan parked under the stars in the desert.,10,1,11,0,3,1,0,"{'DALLE_3': [5, 4, 5], 'DeepFloyd_I_XL_v1': [5, 3, 5], 'Midjourney_6': [5, 4, 5], 'SDXL_2_1': [5, 3, 5], 'SDXL_Base': [5, 3, 5], 'SDXL_Turbo': [5, 4, 5]}"
600,a hammock strung between two palm trees on a white sandy beach.,13,1,13,2,5,0,0,"{'DALLE_3': [5, 5, 5], 'DeepFloyd_I_XL_v1': [3, 3, 3], 'Midjourney_6': [5, 4, 5], 'SDXL_2_1': [5, 3, 5], 'SDXL_Base': [4, 3, 3], 'SDXL_Turbo': [5, 3, 3]}"
601,a pair of ballet shoes hanging by their ribbons.,10,1,10,0,4,1,0,"{'DALLE_3': [4, 4, 4], 'DeepFloyd_I_XL_v1': [5, 4, 4], 'Midjourney_6': [5, 4, 4], 'SDXL_2_1': [2, 2, 1], 'SDXL_Base': [3, 3, 2], 'SDXL_Turbo': [5, 4, 4]}"
602,an old guitar leaning against a brightly painted wall.,10,1,10,1,2,2,1,"{'DALLE_3': [5, 4, 5], 'DeepFloyd_I_XL_v1': [5, 4, 5], 'Midjourney_6': [4, 3, 4], 'SDXL_2_1': [3, 2, 2], 'SDXL_Base': [5, 4, 4], 'SDXL_Turbo': [5, 4, 4]}"
603,a vibrant bouquet of wildflowers on a rustic wooden table.,11,1,11,2,4,0,0,"{'DALLE_3': [5, 4, 5], 'DeepFloyd_I_XL_v1': [5, 3, 5], 'Midjourney_6': [5, 5, 5], 'SDXL_2_1': [5, 3, 5], 'SDXL_Base': [5, 3, 5], 'SDXL_Turbo': [5, 4, 5]}"
604,"The moon casts a soft glow on the garden, a rake leans against the fence, and a watering can sits by the flowerbed.",26,1,27,1,7,3,0,"{'DALLE_3': [3, 4, 3], 'DeepFloyd_I_XL_v1': [2, 2, 2], 'Midjourney_6': [5, 4, 5], 'SDXL_2_1': [2, 2, 2], 'SDXL_Base': [3, 3, 3], 'SDXL_Turbo': [2, 2, 2]}"
605,"A globe spins slowly on the desk, and a pair of glasses rests beside an open notebook.",19,1,19,1,6,2,1,"{'DALLE_3': [4, 4, 3], 'DeepFloyd_I_XL_v1': [4, 2, 3], 'Midjourney_6': [4, 3, 3], 'SDXL_2_1': [3, 2, 2], 'SDXL_Base': [4, 3, 3], 'SDXL_Turbo': [3, 2, 3]}"
606,"On the windowsill, three potted plants: one with pink blooms, another with white flowers, and the last with purple leaves.",25,1,27,3,6,1,0,"{'DALLE_3': [3, 3, 3], 'DeepFloyd_I_XL_v1': [3, 3, 2], 'Midjourney_6': [3, 3, 2], 'SDXL_2_1': [3, 3, 3], 'SDXL_Base': [3, 3, 3], 'SDXL_Turbo': [5, 4, 4]}"
607,"Along the coastline, seashells dot the beach as the tide gently rolls in.",15,1,17,0,3,3,1,"{'DALLE_3': [5, 4, 5], 'DeepFloyd_I_XL_v1': [5, 3, 5], 'Midjourney_6': [5, 4, 5], 'SDXL_2_1': [5, 3, 5], 'SDXL_Base': [5, 3, 5], 'SDXL_Turbo': [5, 3, 3]}"
608,"Amidst a winter wonderland, a rabbit scurries across the snow, leaving tracks beside a peacefully standing deer.",20,1,21,0,6,3,1,"{'DALLE_3': [4, 4, 3], 'DeepFloyd_I_XL_v1': [4, 3, 2], 'Midjourney_6': [4, 4, 3], 'SDXL_2_1': [3, 2, 2], 'SDXL_Base': [2, 2, 2], 'SDXL_Turbo': [2, 2, 2]}"
609,"On a busy desk, a lamp sheds light on a cluttered area filled with papers while the other half remains organized.",23,1,24,4,6,3,0,"{'DALLE_3': [3, 3, 2], 'DeepFloyd_I_XL_v1': [3, 2, 2], 'Midjourney_6': [3, 3, 2], 'SDXL_2_1': [4, 3, 2], 'SDXL_Base': [5, 3, 5], 'SDXL_Turbo': [3, 3, 2]}"
610,"Next to a white daisy, a sunflower stands tall absorbing the sunlight.",14,1,14,4,2,2,0,"{'DALLE_3': [4, 3, 4], 'DeepFloyd_I_XL_v1': [4, 3, 3], 'Midjourney_6': [5, 5, 5], 'SDXL_2_1': [3, 2, 2], 'SDXL_Base': [3, 2, 2], 'SDXL_Turbo': [3, 2, 2]}"
611,"A skateboard rests against a wall, with stickers decorating its underside.",13,1,14,1,4,1,0,"{'DALLE_3': [5, 4, 5], 'DeepFloyd_I_XL_v1': [5, 3, 5], 'Midjourney_6': [5, 4, 5], 'SDXL_2_1': [3, 2, 2], 'SDXL_Base': [3, 2, 3], 'SDXL_Turbo': [3, 2, 3]}"
612,"A canvas displays a half-finished portrait, with a cup of rinse water and scattered charcoal pieces nearby.",19,1,21,2,6,2,1,"{'DALLE_3': [4, 4, 4], 'DeepFloyd_I_XL_v1': [4, 4, 4], 'Midjourney_6': [4, 4, 3], 'SDXL_2_1': [3, 2, 2], 'SDXL_Base': [4, 3, 3], 'SDXL_Turbo': [4, 4, 4]}"
613,"After a snowfall, a group of kids builds a fort with blocks of snow piled up.",18,1,18,0,7,1,0,"{'DALLE_3': [5, 5, 5], 'DeepFloyd_I_XL_v1': [4, 3, 4], 'Midjourney_6': [5, 4, 5], 'SDXL_2_1': [5, 4, 5], 'SDXL_Base': [3, 3, 3], 'SDXL_Turbo': [3, 3, 3]}"
614,"Beside a pond, a willow tree drapes gracefully, with ducks paddling in the water and fish swimming below.",21,1,23,2,6,1,1,"{'DALLE_3': [5, 3, 5], 'DeepFloyd_I_XL_v1': [3, 2, 3], 'Midjourney_6': [5, 4, 5], 'SDXL_2_1': [4, 2, 3], 'SDXL_Base': [3, 2, 3], 'SDXL_Turbo': [3, 2, 2]}"
615,"On a sunny porch, a green parrot preens itself while a tabby cat naps in a nearby chair.",20,1,21,4,6,0,0,"{'DALLE_3': [4, 4, 4], 'DeepFloyd_I_XL_v1': [2, 2, 2], 'Midjourney_6': [3, 3, 3], 'SDXL_2_1': [2, 2, 2], 'SDXL_Base': [2, 2, 2], 'SDXL_Turbo': [2, 2, 2]}"
616,A cat wearing a tiny hat sits under a table.,11,1,11,1,3,2,0,"{'DALLE_3': [5, 4, 5], 'DeepFloyd_I_XL_v1': [4, 3, 3], 'Midjourney_6': [3, 3, 2], 'SDXL_2_1': [3, 2, 2], 'SDXL_Base': [3, 2, 2], 'SDXL_Turbo': [4, 3, 2]}"
617,A lady with a flower in her hair is walking through a garden.,14,1,14,0,4,2,0,"{'DALLE_3': [5, 3, 5], 'DeepFloyd_I_XL_v1': [5, 3, 5], 'Midjourney_6': [5, 4, 5], 'SDXL_2_1': [4, 3, 5], 'SDXL_Base': [5, 4, 5], 'SDXL_Turbo': [5, 4, 5]}"
618,A figure in a cloak holding a lantern in a foggy forest.,13,1,13,1,4,1,0,"{'DALLE_3': [5, 5, 5], 'DeepFloyd_I_XL_v1': [3, 3, 3], 'Midjourney_6': [5, 4, 5], 'SDXL_2_1': [3, 2, 2], 'SDXL_Base': [5, 5, 5], 'SDXL_Turbo': [5, 4, 5]}"
619,A deer with a bell around its neck.,9,1,9,0,3,0,0,"{'DALLE_3': [5, 4, 5], 'DeepFloyd_I_XL_v1': [3, 3, 3], 'Midjourney_6': [5, 4, 5], 'SDXL_2_1': [3, 3, 2], 'SDXL_Base': [3, 3, 2], 'SDXL_Turbo': [3, 3, 2]}"
620,A child with a leafy garland sitting on a tree branch.,12,1,12,2,3,1,0,"{'DALLE_3': [5, 4, 5], 'DeepFloyd_I_XL_v1': [5, 3, 5], 'Midjourney_6': [5, 3, 4], 'SDXL_2_1': [5, 2, 4], 'SDXL_Base': [4, 3, 3], 'SDXL_Turbo': [3, 2, 2]}"
621,A monk with a wooden bracelet beside a tranquil pond.,11,1,11,2,3,0,0,"{'DALLE_3': [4, 4, 2], 'DeepFloyd_I_XL_v1': [3, 3, 2], 'Midjourney_6': [3, 4, 2], 'SDXL_2_1': [3, 3, 2], 'SDXL_Base': [4, 3, 2], 'SDXL_Turbo': [2, 3, 2]}"
622,A lion with a golden chain roaring at sunset.,10,1,10,1,4,0,0,"{'DALLE_3': [5, 4, 5], 'DeepFloyd_I_XL_v1': [3, 2, 3], 'Midjourney_6': [4, 3, 5], 'SDXL_2_1': [3, 3, 2], 'SDXL_Base': [3, 3, 2], 'SDXL_Turbo': [2, 2, 2]}"
623,An owl with a tiny book in a moonlit library.,11,1,12,2,3,0,0,"{'DALLE_3': [3, 3, 3], 'DeepFloyd_I_XL_v1': [2, 2, 2], 'Midjourney_6': [5, 4, 5], 'SDXL_2_1': [3, 3, 2], 'SDXL_Base': [3, 3, 3], 'SDXL_Turbo': [3, 3, 3]}"
624,A warrior with a metal armguard standing on a hill.,11,1,12,1,2,1,1,"{'DALLE_3': [5, 4, 5], 'DeepFloyd_I_XL_v1': [4, 4, 5], 'Midjourney_6': [5, 5, 4], 'SDXL_2_1': [5, 4, 4], 'SDXL_Base': [5, 4, 4], 'SDXL_Turbo': [4, 4, 5]}"
625,A mermaid with pearl hairpins beneath the waves.,9,1,10,0,4,0,0,"{'DALLE_3': [5, 5, 5], 'DeepFloyd_I_XL_v1': [4, 4, 3], 'Midjourney_6': [2, 3, 4], 'SDXL_2_1': [2, 3, 2], 'SDXL_Base': [3, 3, 4], 'SDXL_Turbo': [3, 3, 4]}"
626,A lamp on the right side of a desk.,10,1,10,1,3,0,0,"{'DALLE_3': [3, 3, 3], 'DeepFloyd_I_XL_v1': [3, 2, 3], 'Midjourney_6': [5, 3, 4], 'SDXL_2_1': [3, 3, 3], 'SDXL_Base': [3, 2, 3], 'SDXL_Turbo': [5, 5, 5]}"
627,A clock is hanging above the left side of the fireplace.,12,1,12,1,3,2,0,"{'DALLE_3': [3, 3, 4], 'DeepFloyd_I_XL_v1': [3, 3, 2], 'Midjourney_6': [3, 3, 3], 'SDXL_2_1': [3, 3, 4], 'SDXL_Base': [5, 5, 3], 'SDXL_Turbo': [2, 2, 2]}"
628,A chair positioned to the right of a table.,10,1,10,0,3,1,0,"{'DALLE_3': [3, 4, 3], 'DeepFloyd_I_XL_v1': [2, 2, 2], 'Midjourney_6': [3, 4, 3], 'SDXL_2_1': [3, 3, 3], 'SDXL_Base': [3, 2, 3], 'SDXL_Turbo': [5, 5, 5]}"
629,"A painting centered above a sofa, slightly to the left.",12,1,12,0,3,1,1,"{'DALLE_3': [3, 4, 4], 'DeepFloyd_I_XL_v1': [3, 4, 3], 'Midjourney_6': [3, 4, 4], 'SDXL_2_1': [5, 4, 4], 'SDXL_Base': [3, 4, 4], 'SDXL_Turbo': [3, 4, 4]}"
630,A plant is placed to the left of a window.,11,1,11,0,3,2,0,"{'DALLE_3': [3, 2, 3], 'DeepFloyd_I_XL_v1': [2, 2, 3], 'Midjourney_6': [2, 2, 3], 'SDXL_2_1': [2, 3, 3], 'SDXL_Base': [2, 3, 3], 'SDXL_Turbo': [5, 3, 4]}"
631,A cup set to the right of a newspaper.,10,1,10,0,3,1,0,"{'DALLE_3': [3, 4, 3], 'DeepFloyd_I_XL_v1': [5, 5, 4], 'Midjourney_6': [3, 2, 3], 'SDXL_2_1': [2, 3, 3], 'SDXL_Base': [3, 4, 3], 'SDXL_Turbo': [4, 4, 3]}"
632,A hat hanging on a hook to the left of a door.,13,1,13,0,4,1,0,"{'DALLE_3': [2, 2, 4], 'DeepFloyd_I_XL_v1': [5, 5, 5], 'Midjourney_6': [3, 3, 4], 'SDXL_2_1': [3, 3, 3], 'SDXL_Base': [5, 5, 4], 'SDXL_Turbo': [3, 5, 4]}"
633,a ginger kitten peeking out from a wicker basket.,10,1,10,0,3,2,0,"{'DALLE_3': [5, 5, 4], 'DeepFloyd_I_XL_v1': [5, 5, 5], 'Midjourney_6': [5, 5, 4], 'SDXL_2_1': [5, 5, 5], 'SDXL_Base': [4, 5, 5], 'SDXL_Turbo': [5, 5, 5]}"
634,a dog's paw hidden under a fluffy blanket.,10,1,10,2,2,1,0,"{'DALLE_3': [5, 5, 3], 'DeepFloyd_I_XL_v1': [2, 3, 2], 'Midjourney_6': [4, 4, 4], 'SDXL_2_1': [3, 2, 3], 'SDXL_Base': [2, 3, 3], 'SDXL_Turbo': [3, 3, 3]}"
635,a spotlight illuminating a zebra crossing the road.,9,1,9,0,3,2,0,"{'DALLE_3': [5, 5, 4], 'DeepFloyd_I_XL_v1': [5, 5, 3], 'Midjourney_6': [4, 5, 4], 'SDXL_2_1': [2, 2, 1], 'SDXL_Base': [1, 1, 1], 'SDXL_Turbo': [1, 1, 2]}"
636,a red fox darting through snowy woods.,8,1,9,2,2,1,0,"{'DALLE_3': [5, 5, 5], 'DeepFloyd_I_XL_v1': [5, 5, 5], 'Midjourney_6': [5, 5, 5], 'SDXL_2_1': [4, 5, 4], 'SDXL_Base': [4, 5, 4], 'SDXL_Turbo': [4, 5, 4]}"
637,an eagle soaring with a fish in its talons.,10,1,11,0,3,1,0,"{'DALLE_3': [5, 5, 5], 'DeepFloyd_I_XL_v1': [5, 5, 5], 'Midjourney_6': [5, 5, 5], 'SDXL_2_1': [3, 3, 3], 'SDXL_Base': [5, 4, 4], 'SDXL_Turbo': [3, 4, 3]}"
638,a barn owl perched on a fence post at dusk.,11,1,11,0,5,1,0,"{'DALLE_3': [5, 4, 5], 'DeepFloyd_I_XL_v1': [5, 3, 3], 'Midjourney_6': [5, 4, 5], 'SDXL_2_1': [5, 3, 4], 'SDXL_Base': [5, 3, 5], 'SDXL_Turbo': [5, 3, 5]}"
639,a cobblestone walkway winding through a lush garden.,9,1,10,1,3,1,0,"{'DALLE_3': [5, 4, 3], 'DeepFloyd_I_XL_v1': [5, 3, 3], 'Midjourney_6': [5, 4, 5], 'SDXL_2_1': [5, 3, 3], 'SDXL_Base': [5, 4, 3], 'SDXL_Turbo': [5, 4, 3]}"
640,a rustic bridge spanning a tranquil mountain stream.,9,1,9,1,4,1,0,"{'DALLE_3': [5, 4, 5], 'DeepFloyd_I_XL_v1': [4, 3, 5], 'Midjourney_6': [5, 5, 5], 'SDXL_2_1': [5, 4, 5], 'SDXL_Base': [5, 3, 3], 'SDXL_Turbo': [5, 3, 5]}"
641,a squirrel pausing beside a laptop on a park bench.,11,1,12,0,4,1,0,"{'DALLE_3': [5, 4, 5], 'DeepFloyd_I_XL_v1': [5, 3, 4], 'Midjourney_6': [5, 3, 5], 'SDXL_2_1': [3, 2, 2], 'SDXL_Base': [5, 3, 5], 'SDXL_Turbo': [5, 3, 5]}"
642,a miniature unicorn resting on a child's palm.,10,1,10,1,3,1,0,"{'DALLE_3': [5, 4, 4], 'DeepFloyd_I_XL_v1': [4, 3, 2], 'Midjourney_6': [5, 4, 5], 'SDXL_2_1': [4, 3, 2], 'SDXL_Base': [5, 3, 3], 'SDXL_Turbo': [5, 3, 3]}"
643,a vintage motorcycle parked on a cobblestone alley.,9,1,10,0,4,1,0,"{'DALLE_3': [5, 4, 3], 'DeepFloyd_I_XL_v1': [5, 3, 3], 'Midjourney_6': [5, 4, 3], 'SDXL_2_1': [3, 2, 2], 'SDXL_Base': [5, 3, 3], 'SDXL_Turbo': [5, 4, 3]}"
644,a king piece standing next to a fallen rook.,10,1,10,1,2,3,0,"{'DALLE_3': [3, 4, 3], 'DeepFloyd_I_XL_v1': [5, 4, 3], 'Midjourney_6': [4, 3, 3], 'SDXL_2_1': [1, 2, 1], 'SDXL_Base': [1, 2, 2], 'SDXL_Turbo': [1, 2, 2]}"
645,a black rook advancing towards a white knight.,9,1,9,2,3,1,0,"{'DALLE_3': [2, 3, 3], 'DeepFloyd_I_XL_v1': [3, 3, 2], 'Midjourney_6': [1, 2, 1], 'SDXL_2_1': [1, 2, 1], 'SDXL_Base': [1, 2, 2], 'SDXL_Turbo': [1, 2, 1]}"
646,an attic filled with antique toys and a large teddy bear.,12,1,12,4,2,1,0,"{'DALLE_3': [5, 4, 5], 'DeepFloyd_I_XL_v1': [2, 2, 2], 'Midjourney_6': [5, 4, 5], 'SDXL_2_1': [5, 3, 5], 'SDXL_Base': [4, 3, 5], 'SDXL_Turbo': [3, 3, 3]}"
647,a marble sculpture alongside a stack of books and an inkwell.,12,1,13,1,4,0,0,"{'DALLE_3': [3, 4, 2], 'DeepFloyd_I_XL_v1': [3, 3, 2], 'Midjourney_6': [3, 3, 2], 'SDXL_2_1': [2, 2, 2], 'SDXL_Base': [3, 3, 2], 'SDXL_Turbo': [2, 2, 2]}"
648,fallen leaves swirling around a lonely park bench.,9,1,10,1,3,2,0,"{'DALLE_3': [4, 3, 5], 'DeepFloyd_I_XL_v1': [2, 3, 3], 'Midjourney_6': [4, 3, 5], 'SDXL_2_1': [3, 3, 3], 'SDXL_Base': [3, 4, 3], 'SDXL_Turbo': [3, 4, 3]}"
649,the shadow of a camel against the backdrop of a setting sun.,13,1,13,0,5,0,0,"{'DALLE_3': [5, 3, 5], 'DeepFloyd_I_XL_v1': [3, 3, 2], 'Midjourney_6': [3, 2, 2], 'SDXL_2_1': [1, 2, 1], 'SDXL_Base': [4, 4, 5], 'SDXL_Turbo': [5, 4, 5]}"
650,a piece of gourmet chocolate on a silk pillow.,10,1,10,1,4,0,0,"{'DALLE_3': [3, 3, 3], 'DeepFloyd_I_XL_v1': [4, 2, 3], 'Midjourney_6': [4, 3, 5], 'SDXL_2_1': [3, 2, 3], 'SDXL_Base': [3, 2, 3], 'SDXL_Turbo': [3, 3, 3]}"
651,a seagull swooping over a crowded beach.,8,1,9,1,3,0,0,"{'DALLE_3': [4, 3, 3], 'DeepFloyd_I_XL_v1': [4, 3, 3], 'Midjourney_6': [4, 4, 3], 'SDXL_2_1': [3, 2, 2], 'SDXL_Base': [2, 2, 2], 'SDXL_Turbo': [4, 2, 2]}"
652,an SUV navigating through a rugged mountain trail.,9,1,9,1,4,0,0,"{'DALLE_3': [5, 4, 5], 'DeepFloyd_I_XL_v1': [5, 3, 5], 'Midjourney_6': [5, 4, 5], 'SDXL_2_1': [5, 4, 5], 'SDXL_Base': [5, 4, 5], 'SDXL_Turbo': [5, 3, 5]}"
653,a quaint cottage garden with a blossoming cherry tree.,10,1,11,0,6,0,0,"{'DALLE_3': [5, 5, 5], 'DeepFloyd_I_XL_v1': [5, 5, 5], 'Midjourney_6': [5, 5, 4], 'SDXL_2_1': [5, 4, 3], 'SDXL_Base': [4, 5, 4], 'SDXL_Turbo': [5, 5, 4]}"
654,a green chalkboard with a detailed chalk drawing of a cityscape.,12,1,13,2,4,0,0,"{'DALLE_3': [5, 5, 5], 'DeepFloyd_I_XL_v1': [5, 5, 3], 'Midjourney_6': [5, 5, 4], 'SDXL_2_1': [5, 5, 5], 'SDXL_Base': [5, 5, 4], 'SDXL_Turbo': [5, 5, 5]}"
655,a rotary dial telephone on a modern minimalist desk.,10,1,10,2,4,0,0,"{'DALLE_3': [5, 5, 5], 'DeepFloyd_I_XL_v1': [5, 5, 4], 'Midjourney_6': [5, 5, 5], 'SDXL_2_1': [5, 5, 5], 'SDXL_Base': [5, 5, 5], 'SDXL_Turbo': [5, 5, 5]}"
656,a biplane parked in a field of wildflowers.,9,1,10,0,3,1,0,"{'DALLE_3': [5, 5, 5], 'DeepFloyd_I_XL_v1': [5, 5, 5], 'Midjourney_6': [5, 5, 5], 'SDXL_2_1': [5, 5, 5], 'SDXL_Base': [5, 5, 5], 'SDXL_Turbo': [5, 4, 5]}"
657,a calico cat napping on a sunny window sill.,10,1,10,1,4,1,0,"{'DALLE_3': [5, 3, 5], 'DeepFloyd_I_XL_v1': [4, 3, 3], 'Midjourney_6': [5, 4, 5], 'SDXL_2_1': [4, 3, 3], 'SDXL_Base': [4, 3, 5], 'SDXL_Turbo': [4, 4, 5]}"
658,a lone deer grazing in a misty forest clearing.,10,1,10,1,5,0,0,"{'DALLE_3': [3, 3, 2], 'DeepFloyd_I_XL_v1': [4, 3, 3], 'Midjourney_6': [5, 4, 5], 'SDXL_2_1': [4, 3, 3], 'SDXL_Base': [4, 4, 3], 'SDXL_Turbo': [4, 4, 3]}"
659,"A mural featuring the word 'Unity' in bold, colorful letters.",13,1,14,3,3,1,0,"{'DALLE_3': [5, 5, 5], 'DeepFloyd_I_XL_v1': [4, 4, 4], 'Midjourney_6': [3, 2, 3], 'SDXL_2_1': [3, 2, 3], 'SDXL_Base': [5, 4, 5], 'SDXL_Turbo': [5, 3, 5]}"
660,"A peaceful lakeside dock, a 'Quiet Zone' sign posted at the entrance.",15,1,16,2,5,1,0,"{'DALLE_3': [4, 4, 5], 'DeepFloyd_I_XL_v1': [2, 3, 3], 'Midjourney_6': [3, 4, 5], 'SDXL_2_1': [2, 3, 4], 'SDXL_Base': [2, 3, 3], 'SDXL_Turbo': [3, 3, 4]}"
661,"A coffee shop, a chalkboard menu displaying 'Cappuccino'.",11,1,12,0,5,1,0,"{'DALLE_3': [4, 4, 5], 'DeepFloyd_I_XL_v1': [4, 3, 3], 'Midjourney_6': [3, 3, 4], 'SDXL_2_1': [2, 4, 4], 'SDXL_Base': [4, 3, 5], 'SDXL_Turbo': [4, 3, 5]}"
662,"A home kitchen, a 'Family Recipes' cookbook open on the counter, ingredients spread around.",18,1,19,0,6,2,1,"{'DALLE_3': [4, 4, 5], 'DeepFloyd_I_XL_v1': [4, 4, 3], 'Midjourney_6': [4, 4, 4], 'SDXL_2_1': [4, 4, 4], 'SDXL_Base': [4, 4, 4], 'SDXL_Turbo': [5, 4, 4]}"
663,"A serene yoga studio, 'Peace & Harmony' inscribed on the wall, mats laid out in neat rows on the wooden floor.",25,1,26,3,9,1,0,"{'DALLE_3': [5, 4, 5], 'DeepFloyd_I_XL_v1': [3, 3, 3], 'Midjourney_6': [4, 3, 5], 'SDXL_2_1': [3, 3, 3], 'SDXL_Base': [3, 3, 3], 'SDXL_Turbo': [3, 3, 3]}"
664,"A bustling craft fair, a 'Handmade Goods' sign hanging from a stall, showcasing an array of artisan creations.",22,1,24,2,8,2,0,"{'DALLE_3': [5, 4, 5], 'DeepFloyd_I_XL_v1': [5, 4, 4], 'Midjourney_6': [3, 3, 3], 'SDXL_2_1': [4, 4, 4], 'SDXL_Base': [3, 3, 4], 'SDXL_Turbo': [3, 3, 3]}"
665,"In the classroom, '1+2' is written on the blackboard.",13,1,16,0,2,2,0,"{'DALLE_3': [5, 5, 5], 'DeepFloyd_I_XL_v1': [3, 3, 3], 'Midjourney_6': [2, 4, 3], 'SDXL_2_1': [2, 3, 3], 'SDXL_Base': [2, 4, 4], 'SDXL_Turbo': [2, 4, 4]}"
666,A wooden sign says 'Caution'.,7,1,7,1,2,1,0,"{'DALLE_3': [5, 5, 5], 'DeepFloyd_I_XL_v1': [5, 5, 5], 'Midjourney_6': [3, 4, 4], 'SDXL_2_1': [3, 4, 4], 'SDXL_Base': [4, 4, 5], 'SDXL_Turbo': [5, 5, 5]}"
667,"A classic race car with the number '76' painted in bold white on its rose gold door, parked at the starting line.",25,1,27,4,5,4,0,"{'DALLE_3': [2, 3, 3], 'DeepFloyd_I_XL_v1': [3, 2, 3], 'Midjourney_6': [4, 3, 4], 'SDXL_2_1': [2, 2, 1], 'SDXL_Base': [3, 2, 2], 'SDXL_Turbo': [2, 2, 2]}"
668,"A rustic wooden cabin in a snowy forest, the address '459' carved into a hanging sign above the frost-covered door.",23,1,28,2,7,2,0,"{'DALLE_3': [5, 4, 5], 'DeepFloyd_I_XL_v1': [2, 3, 4], 'Midjourney_6': [3, 3, 4], 'SDXL_2_1': [3, 3, 4], 'SDXL_Base': [2, 4, 4], 'SDXL_Turbo': [2, 3, 4]}"
669,"A vintage jukebox in a retro diner, its selection panel lit up with the numbers '45'.",19,1,20,0,7,1,0,"{'DALLE_3': [5, 4, 5], 'DeepFloyd_I_XL_v1': [3, 3, 3], 'Midjourney_6': [3, 3, 4], 'SDXL_2_1': [3, 3, 4], 'SDXL_Base': [3, 3, 3], 'SDXL_Turbo': [3, 3, 4]}"
670,"An ornate clock tower at the stroke of midnight, its face illuminated, showing the time '12:00' in Roman numerals.",23,1,29,0,9,2,0,"{'DALLE_3': [3, 4, 4], 'DeepFloyd_I_XL_v1': [3, 4, 3], 'Midjourney_6': [2, 4, 4], 'SDXL_2_1': [1, 2, 4], 'SDXL_Base': [3, 3, 4], 'SDXL_Turbo': [3, 3, 4]}"
671,"A towering castle shrouded in mist, 'Enchanted Realm' etched into the stone gate, vines curling around the letters.",22,1,25,0,8,4,0,"{'DALLE_3': [4, 5, 5], 'DeepFloyd_I_XL_v1': [3, 3, 3], 'Midjourney_6': [3, 4, 4], 'SDXL_2_1': [2, 3, 3], 'SDXL_Base': [3, 3, 4], 'SDXL_Turbo': [3, 3, 2]}"
672,"A dragon's lair deep within a volcano, 'Beware of Fire' written in ember-like script on the cavern walls, treasure piled high.",26,1,30,2,8,2,2,"{'DALLE_3': [4, 4, 3], 'DeepFloyd_I_XL_v1': [2, 2, 2], 'Midjourney_6': [3, 3, 3], 'SDXL_2_1': [2, 2, 2], 'SDXL_Base': [2, 3, 2], 'SDXL_Turbo': [2, 3, 2]}"
673,"A fairy garden at twilight, 'Whispering Glade' spelled out in luminescent flowers.",15,1,19,2,4,2,0,"{'DALLE_3': [5, 3, 3], 'DeepFloyd_I_XL_v1': [2, 2, 3], 'Midjourney_6': [2, 3, 3], 'SDXL_2_1': [2, 2, 2], 'SDXL_Base': [2, 3, 3], 'SDXL_Turbo': [2, 3, 3]}"
674,"An alchemist's workshop, bubbling cauldrons, and 'Elixir of Life' are labeled on a shelf.",19,1,23,0,5,3,0,"{'DALLE_3': [4, 4, 3], 'DeepFloyd_I_XL_v1': [2, 3, 2], 'Midjourney_6': [3, 3, 2], 'SDXL_2_1': [2, 2, 2], 'SDXL_Base': [2, 2, 2], 'SDXL_Turbo': [2, 2, 2]}"
675,"A pirate ship sailing through the stars, 'Celestial Seas' written on the stern.",16,1,17,1,5,2,0,"{'DALLE_3': [4, 4, 3], 'DeepFloyd_I_XL_v1': [3, 2, 2], 'Midjourney_6': [3, 3, 2], 'SDXL_2_1': [4, 2, 3], 'SDXL_Base': [3, 3, 2], 'SDXL_Turbo': [3, 3, 2]}"
676,A desert oasis features a magical spring with the words 'Fountain of Destiny' carved into the rocks. The spring shimmers and glows.,25,2,27,1,9,2,0,"{'DALLE_3': [3, 3, 2], 'DeepFloyd_I_XL_v1': [2, 2, 2], 'Midjourney_6': [3, 3, 2], 'SDXL_2_1': [3, 3, 2], 'SDXL_Base': [3, 3, 2], 'SDXL_Turbo': [3, 3, 2]}"
677,"A cottage in the woods, 'Enchanter's Abode' painted on the door.",15,1,18,0,4,1,0,"{'DALLE_3': [5, 4, 3], 'DeepFloyd_I_XL_v1': [2, 3, 2], 'Midjourney_6': [3, 3, 2], 'SDXL_2_1': [2, 2, 2], 'SDXL_Base': [3, 3, 2], 'SDXL_Turbo': [3, 3, 2]}"
678,A rustic cabin under a starlit sky.,8,1,9,1,3,0,0,"{'DALLE_3': [5, 4, 4], 'DeepFloyd_I_XL_v1': [5, 3, 5], 'Midjourney_6': [5, 4, 5], 'SDXL_2_1': [5, 3, 5], 'SDXL_Base': [5, 3, 5], 'SDXL_Turbo': [5, 4, 5]}"
679,Gleaming dewdrops on a spider's web.,8,1,10,0,3,1,0,"{'DALLE_3': [5, 4, 5], 'DeepFloyd_I_XL_v1': [5, 3, 5], 'Midjourney_6': [5, 3, 5], 'SDXL_2_1': [3, 3, 3], 'SDXL_Base': [5, 4, 5], 'SDXL_Turbo': [5, 3, 5]}"
680,Twinkling city lights from a high viewpoint.,8,1,10,1,3,1,0,"{'DALLE_3': [5, 4, 5], 'DeepFloyd_I_XL_v1': [5, 3, 5], 'Midjourney_6': [5, 3, 5], 'SDXL_2_1': [5, 3, 5], 'SDXL_Base': [5, 3, 5], 'SDXL_Turbo': [5, 3, 5]}"
681,A lone lighthouse in a misty harbor.,8,1,8,1,3,0,0,"{'DALLE_3': [5, 4, 5], 'DeepFloyd_I_XL_v1': [5, 4, 5], 'Midjourney_6': [5, 5, 5], 'SDXL_2_1': [5, 4, 5], 'SDXL_Base': [5, 3, 5], 'SDXL_Turbo': [5, 5, 5]}"
682,Shimmering northern lights in a dark sky.,8,1,9,2,2,1,0,"{'DALLE_3': [5, 4, 5], 'DeepFloyd_I_XL_v1': [5, 4, 5], 'Midjourney_6': [5, 4, 5], 'SDXL_2_1': [5, 4, 5], 'SDXL_Base': [5, 4, 5], 'SDXL_Turbo': [5, 4, 5]}"
683,Petals of a blooming rose.,6,1,6,0,2,1,0,"{'DALLE_3': [4, 3, 3], 'DeepFloyd_I_XL_v1': [5, 4, 5], 'Midjourney_6': [3, 3, 3], 'SDXL_2_1': [5, 5, 5], 'SDXL_Base': [5, 4, 4], 'SDXL_Turbo': [4, 5, 5]}"
684,"In a bustling kitchen, a chef flips a pancake in the air, surrounded by ingredients spread out on the counter.",23,1,24,0,7,3,0,"{'DALLE_3': [5, 4, 5], 'DeepFloyd_I_XL_v1': [2, 2, 2], 'Midjourney_6': [3, 4, 4], 'SDXL_2_1': [3, 3, 3], 'SDXL_Base': [4, 3, 3], 'SDXL_Turbo': [4, 3, 3]}"
685,A dog retrieving a frisbee in a field on a sunny day.,13,1,14,1,4,1,0,"{'DALLE_3': [4, 4, 5], 'DeepFloyd_I_XL_v1': [4, 3, 3], 'Midjourney_6': [4, 4, 5], 'SDXL_2_1': [3, 3, 2], 'SDXL_Base': [4, 3, 3], 'SDXL_Turbo': [4, 3, 3]}"
686,A gardener watering flowers in a vibrant backyard.,9,1,9,1,3,1,0,"{'DALLE_3': [5, 4, 5], 'DeepFloyd_I_XL_v1': [3, 3, 3], 'Midjourney_6': [5, 3, 3], 'SDXL_2_1': [3, 3, 2], 'SDXL_Base': [3, 4, 4], 'SDXL_Turbo': [3, 3, 3]}"
687,A photographer capturing the sunrise from a mountain peak.,10,1,10,0,4,1,0,"{'DALLE_3': [5, 4, 5], 'DeepFloyd_I_XL_v1': [4, 3, 4], 'Midjourney_6': [5, 4, 5], 'SDXL_2_1': [5, 4, 5], 'SDXL_Base': [5, 4, 5], 'SDXL_Turbo': [3, 4, 4]}"
688,A runner leaping over a hurdle on a track field.,11,1,12,0,5,0,0,"{'DALLE_3': [5, 4, 5], 'DeepFloyd_I_XL_v1': [4, 3, 3], 'Midjourney_6': [5, 3, 3], 'SDXL_2_1': [5, 3, 3], 'SDXL_Base': [4, 3, 3], 'SDXL_Turbo': [3, 2, 3]}"
689,A florist arranging a bouquet in a flower shop.,10,1,10,0,4,1,0,"{'DALLE_3': [5, 5, 5], 'DeepFloyd_I_XL_v1': [5, 4, 5], 'Midjourney_6': [5, 5, 5], 'SDXL_2_1': [4, 4, 3], 'SDXL_Base': [5, 4, 5], 'SDXL_Turbo': [5, 4, 4]}"
690,A dragon curling around a crystal tower at twilight.,10,1,10,0,4,1,0,"{'DALLE_3': [5, 4, 5], 'DeepFloyd_I_XL_v1': [5, 4, 4], 'Midjourney_6': [4, 4, 4], 'SDXL_2_1': [3, 2, 3], 'SDXL_Base': [3, 2, 3], 'SDXL_Turbo': [4, 3, 4]}"
691,A pair of glasses resting on an open novel.,10,1,10,1,3,1,0,"{'DALLE_3': [5, 4, 5], 'DeepFloyd_I_XL_v1': [5, 4, 4], 'Midjourney_6': [5, 4, 5], 'SDXL_2_1': [4, 3, 3], 'SDXL_Base': [4, 3, 3], 'SDXL_Turbo': [5, 3, 3]}"
692,A jazz band playing in a dimly lit club.,10,1,11,0,6,0,0,"{'DALLE_3': [5, 4, 5], 'DeepFloyd_I_XL_v1': [4, 2, 3], 'Midjourney_6': [5, 3, 5], 'SDXL_2_1': [4, 3, 5], 'SDXL_Base': [5, 3, 5], 'SDXL_Turbo': [5, 3, 5]}"
693,A canoe floating on a crystal-clear mountain lake.,9,1,11,1,3,1,0,"{'DALLE_3': [5, 4, 5], 'DeepFloyd_I_XL_v1': [4, 4, 5], 'Midjourney_6': [3, 2, 3], 'SDXL_2_1': [4, 3, 4], 'SDXL_Base': [4, 3, 4], 'SDXL_Turbo': [5, 4, 5]}"
694,A vintage typewriter with a sheet of paper.,9,1,9,0,4,0,0,"{'DALLE_3': [5, 4, 5], 'DeepFloyd_I_XL_v1': [3, 3, 2], 'Midjourney_6': [5, 4, 5], 'SDXL_2_1': [4, 3, 5], 'SDXL_Base': [5, 4, 5], 'SDXL_Turbo': [4, 3, 2]}"
695,A cluster of mushrooms growing in a forest.,9,1,9,0,3,1,0,"{'DALLE_3': [5, 4, 5], 'DeepFloyd_I_XL_v1': [5, 3, 5], 'Midjourney_6': [5, 3, 5], 'SDXL_2_1': [5, 3, 5], 'SDXL_Base': [5, 4, 5], 'SDXL_Turbo': [5, 4, 5]}"
696,A kite soaring high in the sky on a windy day.,12,1,12,2,3,1,0,"{'DALLE_3': [5, 4, 5], 'DeepFloyd_I_XL_v1': [4, 4, 5], 'Midjourney_6': [5, 4, 5], 'SDXL_2_1': [4, 3, 3], 'SDXL_Base': [4, 5, 4], 'SDXL_Turbo': [5, 4, 5]}"
697,A basket of freshly baked bread in a warm kitchen.,11,1,11,2,3,1,0,"{'DALLE_3': [5, 4, 5], 'DeepFloyd_I_XL_v1': [5, 3, 5], 'Midjourney_6': [5, 3, 5], 'SDXL_2_1': [5, 3, 3], 'SDXL_Base': [5, 3, 5], 'SDXL_Turbo': [5, 3, 5]}"
698,A boy with short spiky hair wearing a baseball cap.,11,1,12,1,5,1,0,"{'DALLE_3': [4, 3, 4], 'DeepFloyd_I_XL_v1': [5, 3, 5], 'Midjourney_6': [5, 3, 4], 'SDXL_2_1': [5, 3, 5], 'SDXL_Base': [5, 3, 4], 'SDXL_Turbo': [5, 3, 5]}"
699,A sleek smartphone case with a vibrant floral design.,10,1,10,3,3,0,0,"{'DALLE_3': [5, 4, 5], 'DeepFloyd_I_XL_v1': [4, 3, 5], 'Midjourney_6': [5, 5, 5], 'SDXL_2_1': [5, 3, 5], 'SDXL_Base': [4, 3, 5], 'SDXL_Turbo': [5, 4, 5]}"
700,An electric kettle steaming on a modern kitchen counter.,10,1,10,2,3,1,0,"{'DALLE_3': [5, 4, 5], 'DeepFloyd_I_XL_v1': [3, 3, 2], 'Midjourney_6': [5, 5, 5], 'SDXL_2_1': [4, 3, 3], 'SDXL_Base': [3, 3, 3], 'SDXL_Turbo': [3, 3, 3]}"
701,A bright blue yoga ball in the center of a sunlit home studio.,14,1,15,2,6,0,0,"{'DALLE_3': [5, 3, 5], 'DeepFloyd_I_XL_v1': [5, 3, 5], 'Midjourney_6': [5, 4, 3], 'SDXL_2_1': [5, 3, 5], 'SDXL_Base': [5, 3, 5], 'SDXL_Turbo': [4, 4, 5]}"
702,A slim Bluetooth keyboard connected to a tablet on a minimalist desk.,13,1,13,1,5,1,0,"{'DALLE_3': [5, 5, 4], 'DeepFloyd_I_XL_v1': [5, 4, 5], 'Midjourney_6': [5, 5, 5], 'SDXL_2_1': [3, 3, 2], 'SDXL_Base': [4, 4, 4], 'SDXL_Turbo': [5, 4, 5]}"
703,A pair of running shoes with neon laces on a wooden floor next to a gym bag.,18,1,18,2,6,1,0,"{'DALLE_3': [3, 4, 4], 'DeepFloyd_I_XL_v1': [3, 4, 4], 'Midjourney_6': [3, 5, 5], 'SDXL_2_1': [2, 3, 3], 'SDXL_Base': [3, 5, 5], 'SDXL_Turbo': [2, 3, 3]}"
704,An e-reader displaying 'please' rests on a cozy armchair.,11,1,14,2,4,0,0,"{'DALLE_3': [5, 3, 5], 'DeepFloyd_I_XL_v1': [3, 3, 3], 'Midjourney_6': [2, 3, 3], 'SDXL_2_1': [2, 3, 3], 'SDXL_Base': [2, 3, 3], 'SDXL_Turbo': [2, 2, 3]}"
705,A flash drive with a quirky animal design plugged into a laptop.,13,1,13,2,4,1,0,"{'DALLE_3': [3, 4, 4], 'DeepFloyd_I_XL_v1': [3, 3, 4], 'Midjourney_6': [4, 4, 4], 'SDXL_2_1': [2, 2, 3], 'SDXL_Base': [4, 3, 4], 'SDXL_Turbo': [4, 4, 3]}"
706,Brightly colored Post-it notes arranged in a creative pattern on an office wall.,14,1,16,1,5,2,1,"{'DALLE_3': [5, 4, 5], 'DeepFloyd_I_XL_v1': [4, 3, 3], 'Midjourney_6': [5, 3, 5], 'SDXL_2_1': [4, 3, 3], 'SDXL_Base': [5, 3, 3], 'SDXL_Turbo': [5, 3, 3]}"
707,A stylish sunglass case with a soft leather exterior on a beach towel.,14,1,15,2,6,0,0,"{'DALLE_3': [5, 5, 5], 'DeepFloyd_I_XL_v1': [4, 5, 5], 'Midjourney_6': [3, 5, 5], 'SDXL_2_1': [2, 3, 3], 'SDXL_Base': [3, 3, 3], 'SDXL_Turbo': [4, 3, 4]}"
708,A reusable grocery bag filled with fresh produce on a kitchen counter.,13,1,13,2,5,1,0,"{'DALLE_3': [5, 5, 5], 'DeepFloyd_I_XL_v1': [3, 5, 3], 'Midjourney_6': [5, 5, 5], 'SDXL_2_1': [3, 5, 4], 'SDXL_Base': [5, 5, 5], 'SDXL_Turbo': [3, 5, 5]}"
709,An air purifier in the corner of a well-lit living room.,12,1,15,1,5,0,0,"{'DALLE_3': [5, 4, 4], 'DeepFloyd_I_XL_v1': [5, 5, 5], 'Midjourney_6': [4, 4, 4], 'SDXL_2_1': [4, 4, 3], 'SDXL_Base': [4, 4, 4], 'SDXL_Turbo': [4, 4, 4]}"
710,A desk organizer filled with stationery.,7,1,7,0,3,1,0,"{'DALLE_3': [5, 4, 5], 'DeepFloyd_I_XL_v1': [5, 3, 4], 'Midjourney_6': [5, 4, 5], 'SDXL_2_1': [5, 3, 5], 'SDXL_Base': [5, 3, 5], 'SDXL_Turbo': [5, 4, 5]}"
711,A white wireless mouse on a desk.,8,1,8,1,3,0,0,"{'DALLE_3': [3, 3, 2], 'DeepFloyd_I_XL_v1': [5, 3, 5], 'Midjourney_6': [5, 5, 5], 'SDXL_2_1': [5, 3, 3], 'SDXL_Base': [5, 5, 5], 'SDXL_Turbo': [5, 4, 5]}"
712,A gym bag packed with workout essentials beside a front door.,12,1,12,1,5,2,0,"{'DALLE_3': [5, 4, 5], 'DeepFloyd_I_XL_v1': [4, 3, 5], 'Midjourney_6': [4, 4, 3], 'SDXL_2_1': [3, 3, 3], 'SDXL_Base': [4, 4, 5], 'SDXL_Turbo': [5, 4, 5]}"
713,A table coaster with an intricate mosaic design under a frosty glass of water.,15,1,15,3,5,0,0,"{'DALLE_3': [4, 4, 4], 'DeepFloyd_I_XL_v1': [5, 3, 3], 'Midjourney_6': [5, 4, 4], 'SDXL_2_1': [2, 2, 2], 'SDXL_Base': [2, 2, 2], 'SDXL_Turbo': [2, 2, 2]}"
714,A throw pillow with a geometric pattern on a plush sofa.,12,1,12,2,4,0,0,"{'DALLE_3': [5, 4, 3], 'DeepFloyd_I_XL_v1': [5, 4, 3], 'Midjourney_6': [5, 5, 3], 'SDXL_2_1': [3, 3, 2], 'SDXL_Base': [5, 4, 3], 'SDXL_Turbo': [5, 4, 3]}"
715,Wall art depicting a serene landscape hanging above a fireplace.,11,1,11,1,4,2,0,"{'DALLE_3': [5, 4, 4], 'DeepFloyd_I_XL_v1': [4, 4, 4], 'Midjourney_6': [5, 4, 4], 'SDXL_2_1': [4, 3, 5], 'SDXL_Base': [5, 4, 5], 'SDXL_Turbo': [5, 4, 4]}"
716,A bedside lamp casting a warm glow over a stack of unread books.,14,1,15,2,5,1,0,"{'DALLE_3': [4, 4, 5], 'DeepFloyd_I_XL_v1': [5, 3, 3], 'Midjourney_6': [5, 4, 3], 'SDXL_2_1': [5, 3, 3], 'SDXL_Base': [5, 3, 5], 'SDXL_Turbo': [5, 3, 5]}"
717,Hand sanitizer on an office desk.,7,1,8,0,4,0,0,"{'DALLE_3': [5, 4, 5], 'DeepFloyd_I_XL_v1': [5, 3, 5], 'Midjourney_6': [5, 3, 5], 'SDXL_2_1': [4, 3, 5], 'SDXL_Base': [5, 3, 5], 'SDXL_Turbo': [5, 3, 5]}"
718,"A power bank with a sleek, metallic finish on a desk.",13,1,13,2,4,0,0,"{'DALLE_3': [5, 5, 5], 'DeepFloyd_I_XL_v1': [5, 4, 5], 'Midjourney_6': [5, 3, 5], 'SDXL_2_1': [5, 3, 5], 'SDXL_Base': [5, 4, 5], 'SDXL_Turbo': [5, 3, 5]}"
719,A car key fob.,5,1,5,1,2,0,0,"{'DALLE_3': [5, 3, 5], 'DeepFloyd_I_XL_v1': [5, 3, 5], 'Midjourney_6': [5, 4, 5], 'SDXL_2_1': [5, 4, 5], 'SDXL_Base': [3, 3, 3], 'SDXL_Turbo': [3, 3, 3]}"
720,A whiteboard in a home office.,7,1,7,0,3,0,0,"{'DALLE_3': [2, 3, 3], 'DeepFloyd_I_XL_v1': [1, 1, 2], 'Midjourney_6': [5, 4, 5], 'SDXL_2_1': [5, 4, 4], 'SDXL_Base': [5, 4, 5], 'SDXL_Turbo': [5, 4, 5]}"
721,An earplug set.,4,1,5,0,2,0,0,"{'DALLE_3': [3, 3, 2], 'DeepFloyd_I_XL_v1': [2, 2, 2], 'Midjourney_6': [3, 3, 2], 'SDXL_2_1': [5, 5, 5], 'SDXL_Base': [2, 2, 2], 'SDXL_Turbo': [1, 1, 1]}"
722,A squirrel with a fluffy tail is nibbling on an acorn on its right.,15,1,17,1,4,2,0,"{'DALLE_3': [3, 3, 4], 'DeepFloyd_I_XL_v1': [3, 3, 4], 'Midjourney_6': [5, 5, 5], 'SDXL_2_1': [3, 3, 4], 'SDXL_Base': [2, 3, 4], 'SDXL_Turbo': [5, 5, 5]}"
723,A majestic hawk is gliding over a wide canyon from right to left.,14,1,15,2,3,3,0,"{'DALLE_3': [3, 3, 2], 'DeepFloyd_I_XL_v1': [3, 2, 2], 'Midjourney_6': [5, 4, 5], 'SDXL_2_1': [5, 3, 3], 'SDXL_Base': [5, 4, 5], 'SDXL_Turbo': [5, 3, 5]}"
724,A tranquil garden with a gently flowing fountain towards the left.,12,1,12,1,3,1,1,"{'DALLE_3': [3, 3, 4], 'DeepFloyd_I_XL_v1': [2, 3, 3], 'Midjourney_6': [3, 3, 4], 'SDXL_2_1': [2, 3, 4], 'SDXL_Base': [3, 3, 4], 'SDXL_Turbo': [3, 3, 4]}"
725,"A sturdy oak tree standing tall on the right, its branches swaying in the wind.",17,1,18,1,6,2,0,"{'DALLE_3': [3, 4, 4], 'DeepFloyd_I_XL_v1': [3, 4, 4], 'Midjourney_6': [3, 4, 4], 'SDXL_2_1': [3, 4, 4], 'SDXL_Base': [3, 3, 4], 'SDXL_Turbo': [5, 4, 5]}"
726,A delicate daisy blooming on the left side of a sunny meadow.,13,1,13,3,3,1,0,"{'DALLE_3': [5, 3, 5], 'DeepFloyd_I_XL_v1': [5, 3, 5], 'Midjourney_6': [5, 5, 5], 'SDXL_2_1': [3, 3, 2], 'SDXL_Base': [3, 3, 2], 'SDXL_Turbo': [3, 3, 2]}"
727,A rustic bench is in the front of a serene lakeside.,12,1,12,2,3,1,0,"{'DALLE_3': [5, 4, 5], 'DeepFloyd_I_XL_v1': [5, 3, 5], 'Midjourney_6': [5, 4, 5], 'SDXL_2_1': [5, 3, 5], 'SDXL_Base': [5, 3, 5], 'SDXL_Turbo': [5, 4, 5]}"
728,An owl perched on the right part of a branch under moonlight.,13,1,13,1,4,1,0,"{'DALLE_3': [3, 3, 4], 'DeepFloyd_I_XL_v1': [4, 5, 5], 'Midjourney_6': [5, 5, 5], 'SDXL_2_1': [4, 3, 3], 'SDXL_Base': [4, 5, 5], 'SDXL_Turbo': [3, 3, 3]}"
729,A dog is waiting to the right of a closed door.,12,1,12,1,3,2,0,"{'DALLE_3': [2, 3, 3], 'DeepFloyd_I_XL_v1': [3, 3, 3], 'Midjourney_6': [3, 4, 5], 'SDXL_2_1': [3, 3, 2], 'SDXL_Base': [3, 3, 2], 'SDXL_Turbo': [3, 3, 3]}"
730,A water filter.,4,1,4,0,2,0,0,"{'DALLE_3': [5, 5, 5], 'DeepFloyd_I_XL_v1': [3, 3, 3], 'Midjourney_6': [5, 4, 5], 'SDXL_2_1': [5, 4, 4], 'SDXL_Base': [4, 4, 4], 'SDXL_Turbo': [5, 4, 4]}"
731,A pink dumbbell.,4,1,5,0,2,0,0,"{'DALLE_3': [5, 4, 5], 'DeepFloyd_I_XL_v1': [5, 4, 5], 'Midjourney_6': [5, 5, 5], 'SDXL_2_1': [3, 3, 3], 'SDXL_Base': [4, 2, 2], 'SDXL_Turbo': [5, 5, 5]}"
732,A blue bike helmet.,5,1,5,1,2,0,0,"{'DALLE_3': [5, 4, 5], 'DeepFloyd_I_XL_v1': [5, 3, 5], 'Midjourney_6': [5, 5, 5], 'SDXL_2_1': [1, 1, 1], 'SDXL_Base': [5, 3, 5], 'SDXL_Turbo': [5, 3, 3]}"
733,An insulated lunch box.,5,1,5,1,2,0,0,"{'DALLE_3': [5, 3, 5], 'DeepFloyd_I_XL_v1': [5, 4, 5], 'Midjourney_6': [5, 3, 5], 'SDXL_2_1': [5, 3, 5], 'SDXL_Base': [5, 5, 5], 'SDXL_Turbo': [3, 4, 3]}"
734,A decorative candle holder.,5,1,5,1,2,0,0,"{'DALLE_3': [5, 5, 5], 'DeepFloyd_I_XL_v1': [3, 3, 2], 'Midjourney_6': [5, 5, 5], 'SDXL_2_1': [3, 4, 2], 'SDXL_Base': [5, 4, 5], 'SDXL_Turbo': [5, 3, 5]}"
735,A soft steering wheel cover.,6,1,6,1,3,0,0,"{'DALLE_3': [5, 3, 5], 'DeepFloyd_I_XL_v1': [5, 3, 5], 'Midjourney_6': [5, 4, 5], 'SDXL_2_1': [5, 3, 5], 'SDXL_Base': [5, 3, 5], 'SDXL_Turbo': [5, 4, 5]}"
736,An adjustable laptop stand.,5,1,5,2,1,0,0,"{'DALLE_3': [5, 3, 5], 'DeepFloyd_I_XL_v1': [5, 4, 5], 'Midjourney_6': [3, 2, 2], 'SDXL_2_1': [4, 2, 3], 'SDXL_Base': [4, 2, 3], 'SDXL_Turbo': [3, 4, 5]}"
737,A pair of durable gardening gloves.,7,1,7,1,3,0,0,"{'DALLE_3': [5, 4, 5], 'DeepFloyd_I_XL_v1': [5, 4, 4], 'Midjourney_6': [5, 5, 5], 'SDXL_2_1': [5, 4, 4], 'SDXL_Base': [5, 4, 4], 'SDXL_Turbo': [5, 4, 4]}"
738,A hard doormat.,4,1,5,1,1,0,0,"{'DALLE_3': [4, 4, 5], 'DeepFloyd_I_XL_v1': [4, 3, 3], 'Midjourney_6': [5, 4, 5], 'SDXL_2_1': [5, 3, 4], 'SDXL_Base': [4, 4, 4], 'SDXL_Turbo': [4, 3, 3]}"
739,An illustrated picture book.,5,1,5,1,2,0,0,"{'DALLE_3': [5, 4, 5], 'DeepFloyd_I_XL_v1': [5, 3, 5], 'Midjourney_6': [3, 3, 3], 'SDXL_2_1': [2, 2, 1], 'SDXL_Base': [5, 3, 5], 'SDXL_Turbo': [4, 3, 2]}"
740,A colorful night light.,5,1,5,1,2,0,0,"{'DALLE_3': [5, 4, 4], 'DeepFloyd_I_XL_v1': [4, 3, 4], 'Midjourney_6': [5, 4, 5], 'SDXL_2_1': [5, 4, 5], 'SDXL_Base': [5, 4, 5], 'SDXL_Turbo': [5, 3, 5]}"
741,A shower head is spraying water.,7,1,7,2,2,1,0,"{'DALLE_3': [5, 5, 5], 'DeepFloyd_I_XL_v1': [5, 4, 5], 'Midjourney_6': [5, 4, 5], 'SDXL_2_1': [5, 4, 5], 'SDXL_Base': [5, 4, 5], 'SDXL_Turbo': [5, 4, 5]}"
742,A stainless steel paper towel holder.,7,1,7,1,4,0,0,"{'DALLE_3': [5, 5, 5], 'DeepFloyd_I_XL_v1': [5, 4, 5], 'Midjourney_6': [4, 2, 3], 'SDXL_2_1': [5, 3, 3], 'SDXL_Base': [5, 3, 3], 'SDXL_Turbo': [5, 4, 5]}"
743,A digital alarm clock.,5,1,5,1,2,0,0,"{'DALLE_3': [4, 4, 2], 'DeepFloyd_I_XL_v1': [4, 3, 2], 'Midjourney_6': [4, 4, 2], 'SDXL_2_1': [4, 3, 3], 'SDXL_Base': [4, 3, 4], 'SDXL_Turbo': [3, 3, 2]}"
744,A circular baking sheet.,5,1,5,1,2,0,0,"{'DALLE_3': [5, 3, 5], 'DeepFloyd_I_XL_v1': [5, 4, 5], 'Midjourney_6': [5, 3, 5], 'SDXL_2_1': [5, 4, 5], 'SDXL_Base': [5, 4, 5], 'SDXL_Turbo': [5, 3, 5]}"
745,An old vacuum cleaner.,5,1,5,1,2,0,0,"{'DALLE_3': [5, 3, 3], 'DeepFloyd_I_XL_v1': [5, 3, 3], 'Midjourney_6': [5, 3, 3], 'SDXL_2_1': [5, 2, 3], 'SDXL_Base': [5, 4, 3], 'SDXL_Turbo': [5, 4, 3]}"
746,A broken schoolbag with orange and green colors.,9,1,10,2,3,0,0,"{'DALLE_3': [2, 3, 3], 'DeepFloyd_I_XL_v1': [3, 5, 3], 'Midjourney_6': [5, 5, 5], 'SDXL_2_1': [5, 5, 5], 'SDXL_Base': [3, 5, 5], 'SDXL_Turbo': [3, 5, 5]}"
747,A bamboo cutting board.,5,1,5,0,2,1,0,"{'DALLE_3': [5, 5, 4], 'DeepFloyd_I_XL_v1': [5, 5, 5], 'Midjourney_6': [5, 5, 5], 'SDXL_2_1': [5, 5, 4], 'SDXL_Base': [5, 5, 4], 'SDXL_Turbo': [5, 5, 5]}"
748,Heat-resistant oven mitts.,4,1,7,2,1,0,0,"{'DALLE_3': [5, 5, 5], 'DeepFloyd_I_XL_v1': [4, 4, 3], 'Midjourney_6': [3, 5, 3], 'SDXL_2_1': [5, 5, 3], 'SDXL_Base': [3, 5, 3], 'SDXL_Turbo': [4, 5, 4]}"
749,A sleek wine opener.,5,1,5,1,2,0,0,"{'DALLE_3': [5, 5, 5], 'DeepFloyd_I_XL_v1': [3, 3, 3], 'Midjourney_6': [5, 5, 5], 'SDXL_2_1': [5, 3, 3], 'SDXL_Base': [4, 3, 3], 'SDXL_Turbo': [4, 4, 4]}"
750,Stackable storage bins.,4,1,5,1,2,0,0,"{'DALLE_3': [5, 5, 5], 'DeepFloyd_I_XL_v1': [3, 4, 4], 'Midjourney_6': [5, 5, 5], 'SDXL_2_1': [5, 5, 5], 'SDXL_Base': [5, 4, 5], 'SDXL_Turbo': [5, 5, 5]}"
751,A modern desk lamp.,5,1,5,1,2,0,0,"{'DALLE_3': [5, 5, 5], 'DeepFloyd_I_XL_v1': [4, 5, 5], 'Midjourney_6': [4, 5, 5], 'SDXL_2_1': [5, 5, 5], 'SDXL_Base': [5, 5, 4], 'SDXL_Turbo': [5, 5, 4]}"
752,A fluffy bath towel.,5,1,5,1,2,0,0,"{'DALLE_3': [5, 5, 5], 'DeepFloyd_I_XL_v1': [5, 5, 5], 'Midjourney_6': [5, 5, 5], 'SDXL_2_1': [5, 5, 5], 'SDXL_Base': [5, 5, 5], 'SDXL_Turbo': [5, 5, 5]}"
753,An electric toothbrush.,4,1,4,1,1,0,0,"{'DALLE_3': [4, 4, 3], 'DeepFloyd_I_XL_v1': [5, 5, 5], 'Midjourney_6': [5, 5, 5], 'SDXL_2_1': [5, 5, 4], 'SDXL_Base': [5, 5, 5], 'SDXL_Turbo': [5, 3, 4]}"
754,A diamond shaped wall mirror.,6,1,6,1,2,1,0,"{'DALLE_3': [3, 4, 5], 'DeepFloyd_I_XL_v1': [5, 4, 4], 'Midjourney_6': [3, 4, 4], 'SDXL_2_1': [5, 4, 4], 'SDXL_Base': [3, 4, 4], 'SDXL_Turbo': [3, 4, 4]}"
755,A wooden shoe rack.,5,1,5,1,2,0,0,"{'DALLE_3': [4, 5, 5], 'DeepFloyd_I_XL_v1': [5, 5, 5], 'Midjourney_6': [2, 4, 4], 'SDXL_2_1': [5, 5, 5], 'SDXL_Base': [5, 5, 5], 'SDXL_Turbo': [5, 5, 4]}"
756,A girl tossing a frisbee to a boy in a sunny park.,13,1,14,1,4,1,0,"{'DALLE_3': [3, 4, 3], 'DeepFloyd_I_XL_v1': [4, 3, 3], 'Midjourney_6': [5, 3, 3], 'SDXL_2_1': [4, 3, 3], 'SDXL_Base': [5, 3, 3], 'SDXL_Turbo': [2, 2, 2]}"
757,Two people sharing an umbrella during a light rain in the city.,13,1,13,1,4,1,0,"{'DALLE_3': [5, 4, 5], 'DeepFloyd_I_XL_v1': [5, 4, 5], 'Midjourney_6': [5, 4, 5], 'SDXL_2_1': [5, 3, 2], 'SDXL_Base': [2, 2, 2], 'SDXL_Turbo': [3, 3, 2]}"
758,A person teaching another person how to ride a bicycle on a quiet street.,15,1,15,1,4,2,0,"{'DALLE_3': [2, 3, 2], 'DeepFloyd_I_XL_v1': [3, 4, 5], 'Midjourney_6': [3, 3, 2], 'SDXL_2_1': [4, 3, 2], 'SDXL_Base': [3, 3, 3], 'SDXL_Turbo': [3, 3, 2]}"
759,A parent and a child building a sandcastle together on a beach.,13,1,14,0,4,1,1,"{'DALLE_3': [5, 3, 5], 'DeepFloyd_I_XL_v1': [4, 4, 5], 'Midjourney_6': [5, 4, 5], 'SDXL_2_1': [4, 4, 2], 'SDXL_Base': [5, 4, 3], 'SDXL_Turbo': [5, 4, 3]}"
760,A dog picking up a stick in a field.,10,1,10,0,3,1,0,"{'DALLE_3': [5, 3, 5], 'DeepFloyd_I_XL_v1': [5, 4, 2], 'Midjourney_6': [4, 4, 2], 'SDXL_2_1': [4, 3, 2], 'SDXL_Base': [4, 4, 3], 'SDXL_Turbo': [4, 3, 2]}"
761,A cat curled up next to a person reading a book by the fireplace.,15,1,15,1,4,2,0,"{'DALLE_3': [5, 4, 5], 'DeepFloyd_I_XL_v1': [3, 3, 2], 'Midjourney_6': [4, 4, 3], 'SDXL_2_1': [2, 2, 1], 'SDXL_Base': [3, 3, 2], 'SDXL_Turbo': [2, 3, 2]}"
762,A bird perched on an oak tree branch.,9,1,9,0,4,1,0,"{'DALLE_3': [5, 3, 5], 'DeepFloyd_I_XL_v1': [5, 3, 5], 'Midjourney_6': [5, 3, 5], 'SDXL_2_1': [5, 3, 5], 'SDXL_Base': [5, 4, 5], 'SDXL_Turbo': [5, 4, 5]}"
763,An oak tree providing shade to a family having a picnic underneath.,13,1,13,1,5,2,0,"{'DALLE_3': [5, 3, 5], 'DeepFloyd_I_XL_v1': [5, 4, 5], 'Midjourney_6': [5, 4, 5], 'SDXL_2_1': [3, 2, 2], 'SDXL_Base': [5, 4, 5], 'SDXL_Turbo': [5, 3, 5]}"
764,A Cardinal flying towards a bird feeder held by a person.,12,1,12,0,6,1,0,"{'DALLE_3': [4, 3, 3], 'DeepFloyd_I_XL_v1': [4, 4, 5], 'Midjourney_6': [5, 4, 5], 'SDXL_2_1': [2, 2, 2], 'SDXL_Base': [2, 3, 2], 'SDXL_Turbo': [3, 3, 2]}"
765,A turtle slowly crossing a path with a child watching in fascination.,13,1,14,1,3,2,1,"{'DALLE_3': [4, 3, 3], 'DeepFloyd_I_XL_v1': [3, 2, 2], 'Midjourney_6': [3, 3, 2], 'SDXL_2_1': [3, 3, 2], 'SDXL_Base': [2, 3, 2], 'SDXL_Turbo': [2, 3, 2]}"
766,A Poodle performing tricks for a crowd in a park.,11,1,11,0,5,0,0,"{'DALLE_3': [5, 4, 5], 'DeepFloyd_I_XL_v1': [4, 3, 5], 'Midjourney_6': [5, 4, 5], 'SDXL_2_1': [5, 3, 5], 'SDXL_Base': [5, 3, 3], 'SDXL_Turbo': [5, 3, 3]}"
767,Koi fish swimming towards food being sprinkled into a pond by a person.,14,1,15,1,6,2,0,"{'DALLE_3': [5, 4, 5], 'DeepFloyd_I_XL_v1': [4, 3, 2], 'Midjourney_6': [5, 4, 5], 'SDXL_2_1': [3, 3, 2], 'SDXL_Base': [3, 3, 2], 'SDXL_Turbo': [2, 2, 2]}"
768,A Magnolia tree being climbed by a child as petals fall gently.,13,1,13,0,4,3,1,"{'DALLE_3': [5, 5, 5], 'DeepFloyd_I_XL_v1': [4, 3, 3], 'Midjourney_6': [5, 4, 5], 'SDXL_2_1': [3, 3, 2], 'SDXL_Base': [3, 3, 2], 'SDXL_Turbo': [3, 3, 2]}"
769,A jay stealing dog food from a bowl as the dog watches amused.,14,1,14,0,6,2,0,"{'DALLE_3': [5, 5, 5], 'DeepFloyd_I_XL_v1': [3, 3, 2], 'Midjourney_6': [4, 4, 4], 'SDXL_2_1': [3, 3, 2], 'SDXL_Base': [3, 3, 2], 'SDXL_Turbo': [3, 3, 2]}"
770,An Amaryllis being carefully watered by a person in a sunny garden.,13,1,16,1,3,2,1,"{'DALLE_3': [4, 5, 4], 'DeepFloyd_I_XL_v1': [3, 3, 3], 'Midjourney_6': [4, 4, 4], 'SDXL_2_1': [3, 3, 3], 'SDXL_Base': [5, 4, 4], 'SDXL_Turbo': [3, 3, 3]}"
771,A Beagle is chasing a squirrel around an oak tree.,11,1,11,0,4,2,0,"{'DALLE_3': [5, 4, 3], 'DeepFloyd_I_XL_v1': [3, 2, 2], 'Midjourney_6': [4, 3, 4], 'SDXL_2_1': [3, 2, 2], 'SDXL_Base': [4, 3, 2], 'SDXL_Turbo': [3, 2, 2]}"
772,"A Bullfrog croaking loudly by a pond, startling a nearby cat.",13,1,16,1,3,2,1,"{'DALLE_3': [3, 3, 3], 'DeepFloyd_I_XL_v1': [2, 2, 2], 'Midjourney_6': [4, 3, 3], 'SDXL_2_1': [2, 2, 2], 'SDXL_Base': [2, 2, 2], 'SDXL_Turbo': [2, 2, 2]}"
773,A Maine Coon cat is lounging leisurely in the sunlight next to a person who is knitting.,18,1,20,2,4,4,1,"{'DALLE_3': [4, 4, 4], 'DeepFloyd_I_XL_v1': [3, 4, 3], 'Midjourney_6': [4, 4, 3], 'SDXL_2_1': [2, 2, 2], 'SDXL_Base': [2, 2, 2], 'SDXL_Turbo': [3, 3, 3]}"
774,A butterfly landing on a blooming Amaryllis as a child observes closely.,13,1,16,0,4,2,1,"{'DALLE_3': [5, 4, 5], 'DeepFloyd_I_XL_v1': [4, 3, 2], 'Midjourney_6': [5, 3, 3], 'SDXL_2_1': [2, 2, 1], 'SDXL_Base': [5, 4, 3], 'SDXL_Turbo': [3, 3, 3]}"
775,"A Mustang galloping across a field, with a dog chasing joyfully behind.",14,1,16,0,4,1,1,"{'DALLE_3': [5, 4, 5], 'DeepFloyd_I_XL_v1': [3, 3, 2], 'Midjourney_6': [4, 4, 4], 'SDXL_2_1': [2, 2, 2], 'SDXL_Base': [3, 3, 2], 'SDXL_Turbo': [3, 3, 3]}"
776,"A Calico cat watching a Coyote, hidden in the bushes.",12,1,12,0,4,2,0,"{'DALLE_3': [4, 4, 5], 'DeepFloyd_I_XL_v1': [2, 3, 3], 'Midjourney_6': [2, 3, 2], 'SDXL_2_1': [3, 2, 2], 'SDXL_Base': [3, 2, 2], 'SDXL_Turbo': [2, 2, 2]}"
777,"A Coyote prowling through a meadow, eyed cautiously by a Raccoon.",13,1,16,0,4,1,1,"{'DALLE_3': [5, 3, 5], 'DeepFloyd_I_XL_v1': [4, 3, 3], 'Midjourney_6': [5, 4, 3], 'SDXL_2_1': [3, 2, 2], 'SDXL_Base': [3, 2, 2], 'SDXL_Turbo': [3, 2, 2]}"
778,"A Raccoon rummaging through a backpack left by a camper, finding snacks.",14,1,15,0,4,3,0,"{'DALLE_3': [5, 5, 5], 'DeepFloyd_I_XL_v1': [5, 5, 5], 'Midjourney_6': [3, 5, 5], 'SDXL_2_1': [3, 4, 5], 'SDXL_Base': [3, 3, 4], 'SDXL_Turbo': [3, 4, 5]}"
779,"An American Alligator basking in the sun on a riverbank, observed from afar by a group of tourists.",20,1,21,1,7,1,0,"{'DALLE_3': [5, 4, 5], 'DeepFloyd_I_XL_v1': [2, 2, 4], 'Midjourney_6': [4, 5, 5], 'SDXL_2_1': [3, 4, 4], 'SDXL_Base': [3, 3, 4], 'SDXL_Turbo': [3, 3, 3]}"
780,"The city skyline at sunset, silhouetted against a vibrant orange sky.",13,1,15,1,5,1,0,"{'DALLE_3': [5, 4, 5], 'DeepFloyd_I_XL_v1': [5, 4, 5], 'Midjourney_6': [5, 4, 5], 'SDXL_2_1': [5, 3, 3], 'SDXL_Base': [5, 3, 3], 'SDXL_Turbo': [5, 4, 5]}"
781,A cozy suburban home with a manicured lawn and a welcoming front porch.,14,1,15,3,5,0,0,"{'DALLE_3': [5, 5, 5], 'DeepFloyd_I_XL_v1': [5, 5, 5], 'Midjourney_6': [5, 5, 5], 'SDXL_2_1': [4, 5, 5], 'SDXL_Base': [5, 5, 5], 'SDXL_Turbo': [5, 5, 5]}"
782,"A panoramic view of a mountain range, its peaks dusted with snow.",14,1,14,1,5,1,0,"{'DALLE_3': [4, 5, 5], 'DeepFloyd_I_XL_v1': [5, 5, 5], 'Midjourney_6': [5, 5, 5], 'SDXL_2_1': [5, 5, 5], 'SDXL_Base': [5, 5, 5], 'SDXL_Turbo': [5, 5, 5]}"
783,The bustling downtown district is illuminated by neon signs and busy pedestrians.,13,1,14,3,3,3,0,"{'DALLE_3': [5, 5, 5], 'DeepFloyd_I_XL_v1': [5, 5, 5], 'Midjourney_6': [5, 5, 5], 'SDXL_2_1': [5, 5, 5], 'SDXL_Base': [5, 5, 5], 'SDXL_Turbo': [5, 5, 5]}"
784,An idyllic farmhouse surrounded by golden fields of wheat under a blue sky.,14,1,14,3,4,1,0,"{'DALLE_3': [4, 5, 4], 'DeepFloyd_I_XL_v1': [5, 5, 4], 'Midjourney_6': [5, 5, 5], 'SDXL_2_1': [4, 5, 4], 'SDXL_Base': [5, 5, 5], 'SDXL_Turbo': [5, 5, 5]}"
785,"A high-rise apartment building towering over the city, with lights twinkling in the dusk.",16,1,20,1,6,1,0,"{'DALLE_3': [5, 5, 5], 'DeepFloyd_I_XL_v1': [5, 4, 4], 'Midjourney_6': [5, 4, 5], 'SDXL_2_1': [5, 5, 5], 'SDXL_Base': [5, 5, 5], 'SDXL_Turbo': [5, 5, 4]}"
786,"A serene coastal beach, the sand shimmering under the warm glow of the sunrise.",16,1,17,3,4,1,0,"{'DALLE_3': [5, 5, 5], 'DeepFloyd_I_XL_v1': [5, 5, 4], 'Midjourney_6': [5, 4, 5], 'SDXL_2_1': [5, 4, 4], 'SDXL_Base': [5, 5, 5], 'SDXL_Turbo': [5, 4, 5]}"
787,"A tranquil park in the heart of the city, filled with lush green trees and winding paths.",19,1,19,2,6,2,0,"{'DALLE_3': [5, 5, 5], 'DeepFloyd_I_XL_v1': [5, 5, 5], 'Midjourney_6': [5, 5, 5], 'SDXL_2_1': [5, 5, 5], 'SDXL_Base': [5, 5, 5], 'SDXL_Turbo': [5, 5, 5]}"
788,A picture of the riverfront at dawn.,8,1,8,0,3,0,0,"{'DALLE_3': [4, 5, 4], 'DeepFloyd_I_XL_v1': [5, 5, 4], 'Midjourney_6': [5, 5, 5], 'SDXL_2_1': [5, 5, 5], 'SDXL_Base': [5, 5, 5], 'SDXL_Turbo': [4, 5, 5]}"
789,"A bustling shopping mall, alive with shoppers and bright store displays.",13,1,14,2,6,0,0,"{'DALLE_3': [5, 5, 5], 'DeepFloyd_I_XL_v1': [5, 5, 4], 'Midjourney_6': [5, 5, 5], 'SDXL_2_1': [5, 5, 5], 'SDXL_Base': [5, 5, 5], 'SDXL_Turbo': [5, 4, 5]}"
790,"The college campus in spring, with students lounging on the green lawns between classes.",16,1,17,1,6,1,0,"{'DALLE_3': [5, 3, 5], 'DeepFloyd_I_XL_v1': [5, 3, 4], 'Midjourney_6': [5, 3, 4], 'SDXL_2_1': [5, 4, 5], 'SDXL_Base': [5, 5, 5], 'SDXL_Turbo': [5, 4, 5]}"
791,The wooden boardwalk along the beach is lined with shops.,11,1,11,1,3,2,0,"{'DALLE_3': [5, 3, 5], 'DeepFloyd_I_XL_v1': [5, 5, 5], 'Midjourney_6': [5, 5, 4], 'SDXL_2_1': [3, 3, 4], 'SDXL_Base': [5, 4, 5], 'SDXL_Turbo': [3, 4, 4]}"
792,A majestic Victorian house under the sun.,8,1,8,2,2,0,0,"{'DALLE_3': [5, 5, 5], 'DeepFloyd_I_XL_v1': [5, 5, 4], 'Midjourney_6': [5, 5, 5], 'SDXL_2_1': [5, 5, 5], 'SDXL_Base': [5, 5, 5], 'SDXL_Turbo': [5, 5, 5]}"
793,A lonely lighthouse standing guard at the edge of the cliff.,12,1,12,1,4,1,0,"{'DALLE_3': [5, 5, 5], 'DeepFloyd_I_XL_v1': [5, 5, 4], 'Midjourney_6': [5, 5, 5], 'SDXL_2_1': [5, 5, 5], 'SDXL_Base': [5, 5, 5], 'SDXL_Turbo': [5, 5, 5]}"
794,"A ski resort nestled in the mountains, with trails winding through the snow-covered pines.",16,1,18,2,4,2,0,"{'DALLE_3': [4, 4, 5], 'DeepFloyd_I_XL_v1': [3, 3, 3], 'Midjourney_6': [4, 4, 5], 'SDXL_2_1': [5, 4, 4], 'SDXL_Base': [3, 3, 3], 'SDXL_Turbo': [4, 3, 4]}"
795,"A sprawling vineyard at harvest time, the vines heavy with clusters of ripe grapes.",16,1,17,4,5,0,0,"{'DALLE_3': [5, 5, 4], 'DeepFloyd_I_XL_v1': [4, 5, 5], 'Midjourney_6': [4, 5, 5], 'SDXL_2_1': [4, 4, 5], 'SDXL_Base': [5, 5, 5], 'SDXL_Turbo': [5, 5, 5]}"
796,"A quiet suburban cul-de-sac, where children play in its enclosed street.",13,1,18,3,3,1,0,"{'DALLE_3': [5, 4, 5], 'DeepFloyd_I_XL_v1': [5, 5, 5], 'Midjourney_6': [3, 3, 3], 'SDXL_2_1': [5, 5, 4], 'SDXL_Base': [3, 3, 3], 'SDXL_Turbo': [5, 4, 5]}"
797,A view of an office tower reflecting the sky.,10,1,10,0,4,1,0,"{'DALLE_3': [5, 3, 2], 'DeepFloyd_I_XL_v1': [4, 3, 5], 'Midjourney_6': [5, 5, 5], 'SDXL_2_1': [3, 3, 3], 'SDXL_Base': [4, 3, 2], 'SDXL_Turbo': [5, 3, 4]}"
798,A view of a country club with manicured golf courses and luxurious facilities.,14,1,15,2,6,0,0,"{'DALLE_3': [5, 4, 5], 'DeepFloyd_I_XL_v1': [4, 3, 4], 'Midjourney_6': [5, 3, 5], 'SDXL_2_1': [4, 4, 5], 'SDXL_Base': [4, 3, 5], 'SDXL_Turbo': [4, 3, 5]}"
799,"A rustic fishing pier at dawn, fishermen casting their lines into the calm waters.",16,1,16,2,6,1,0,"{'DALLE_3': [5, 4, 4], 'DeepFloyd_I_XL_v1': [5, 3, 3], 'Midjourney_6': [3, 3, 3], 'SDXL_2_1': [3, 2, 2], 'SDXL_Base': [5, 4, 5], 'SDXL_Turbo': [5, 3, 3]}"
800,The university library with students studying at tables.,9,1,9,0,4,1,0,"{'DALLE_3': [5, 4, 5], 'DeepFloyd_I_XL_v1': [5, 3, 5], 'Midjourney_6': [5, 4, 3], 'SDXL_2_1': [5, 3, 3], 'SDXL_Base': [5, 4, 3], 'SDXL_Turbo': [5, 4, 3]}"
801,A person in a bright yellow raincoat stands next to another in a sleek black trench coat.,18,1,19,5,4,1,0,"{'DALLE_3': [5, 4, 4], 'DeepFloyd_I_XL_v1': [5, 4, 4], 'Midjourney_6': [5, 4, 5], 'SDXL_2_1': [2, 2, 2], 'SDXL_Base': [3, 3, 2], 'SDXL_Turbo': [5, 4, 5]}"
802,A man in a tailored blue suit shaking hands with another man sporting a casual green sweater.,18,1,18,3,6,2,0,"{'DALLE_3': [4, 3, 3], 'DeepFloyd_I_XL_v1': [5, 4, 5], 'Midjourney_6': [5, 4, 5], 'SDXL_2_1': [3, 2, 2], 'SDXL_Base': [3, 2, 3], 'SDXL_Turbo': [3, 3, 5]}"
803,A man dressed in a classic white t-shirt and jeans holding hands with a woman in a flowing red dress.,21,1,23,3,7,2,0,"{'DALLE_3': [5, 4, 5], 'DeepFloyd_I_XL_v1': [5, 3, 5], 'Midjourney_6': [5, 4, 5], 'SDXL_2_1': [4, 3, 3], 'SDXL_Base': [5, 4, 5], 'SDXL_Turbo': [4, 3, 3]}"
804,A woman in a chic floral skirt and white blouse chatting with another woman wearing a professional grey pantsuit.,20,1,22,4,6,2,0,"{'DALLE_3': [5, 4, 5], 'DeepFloyd_I_XL_v1': [5, 3, 5], 'Midjourney_6': [5, 4, 5], 'SDXL_2_1': [3, 3, 3], 'SDXL_Base': [3, 3, 2], 'SDXL_Turbo': [3, 3, 2]}"
805,A boy in a striped blue and white polo shirt playing tag with a girl in a pink sundress and white sandals.,23,1,24,3,9,1,0,"{'DALLE_3': [4, 4, 4], 'DeepFloyd_I_XL_v1': [3, 3, 3], 'Midjourney_6': [4, 4, 5], 'SDXL_2_1': [3, 4, 3], 'SDXL_Base': [4, 3, 3], 'SDXL_Turbo': [2, 2, 2]}"
806,A small dog in a cozy orange sweater sitting beside a cat wearing a stylish blue bow tie.,19,1,19,3,7,2,0,"{'DALLE_3': [3, 3, 3], 'DeepFloyd_I_XL_v1': [5, 3, 2], 'Midjourney_6': [5, 4, 5], 'SDXL_2_1': [2, 2, 2], 'SDXL_Base': [3, 3, 2], 'SDXL_Turbo': [4, 3, 5]}"
807,A person in a brown raincoat laughing with another person clad in a sleek black trench coat under a shared umbrella.,22,1,23,3,7,2,0,"{'DALLE_3': [3, 4, 2], 'DeepFloyd_I_XL_v1': [3, 3, 5], 'Midjourney_6': [3, 4, 5], 'SDXL_2_1': [3, 4, 5], 'SDXL_Base': [2, 3, 2], 'SDXL_Turbo': [2, 3, 2]}"
808,A man wearing a tailored blue suit passing a football to another man dressed in a casual green sweater in the park.,23,1,23,3,7,3,0,"{'DALLE_3': [5, 3, 3], 'DeepFloyd_I_XL_v1': [3, 3, 2], 'Midjourney_6': [5, 3, 3], 'SDXL_2_1': [2, 2, 2], 'SDXL_Base': [3, 3, 2], 'SDXL_Turbo': [3, 3, 2]}"
809,A man in a classic white t-shirt and jeans capturing a selfie with a woman in a flowing orange dress against a city skyline.,25,1,27,3,9,1,0,"{'DALLE_3': [3, 3, 3], 'DeepFloyd_I_XL_v1': [5, 3, 5], 'Midjourney_6': [4, 4, 5], 'SDXL_2_1': [5, 3, 5], 'SDXL_Base': [4, 3, 3], 'SDXL_Turbo': [4, 3, 3]}"
810,A woman in a chic floral skirt and white blouse sharing a book with another woman wearing a professional grey pantsuit on a sunny bench.,26,1,28,5,8,2,0,"{'DALLE_3': [3, 3, 3], 'DeepFloyd_I_XL_v1': [5, 4, 5], 'Midjourney_6': [5, 4, 5], 'SDXL_2_1': [3, 3, 3], 'SDXL_Base': [3, 3, 2], 'SDXL_Turbo': [2, 2, 2]}"
811,A boy in a striped blue and white polo shirt and a girl in a pink sundress and white sandals drawing on the sidewalk with chalk.,27,1,28,3,10,1,0,"{'DALLE_3': [5, 4, 5], 'DeepFloyd_I_XL_v1': [4, 3, 3], 'Midjourney_6': [5, 4, 3], 'SDXL_2_1': [2, 3, 3], 'SDXL_Base': [3, 3, 5], 'SDXL_Turbo': [4, 3, 3]}"
812,A small dog in a cozy purple sweater chasing a cat wearing a stylish pink bow tie around the living room.,22,1,22,3,9,2,0,"{'DALLE_3': [5, 4, 5], 'DeepFloyd_I_XL_v1': [4, 3, 3], 'Midjourney_6': [5, 5, 5], 'SDXL_2_1': [2, 3, 2], 'SDXL_Base': [2, 3, 2], 'SDXL_Turbo': [3, 3, 3]}"
813,A person adorned in a luminous turquoise jacket stands beside another person cloaked in a charcoal peacoat.,18,1,21,1,6,3,0,"{'DALLE_3': [3, 4, 3], 'DeepFloyd_I_XL_v1': [5, 3, 5], 'Midjourney_6': [4, 3, 3], 'SDXL_2_1': [5, 3, 3], 'SDXL_Base': [4, 3, 3], 'SDXL_Turbo': [3, 2, 2]}"
814,A man in a distressed brown leather vest hits another man in a vibrant mustard knitted sweater.,18,1,18,2,7,2,0,"{'DALLE_3': [4, 4, 3], 'DeepFloyd_I_XL_v1': [4, 3, 3], 'Midjourney_6': [5, 3, 3], 'SDXL_2_1': [2, 3, 2], 'SDXL_Base': [2, 3, 3], 'SDXL_Turbo': [2, 3, 2]}"
815,A man sporting a sleek silver jacket leans on a railing near a woman in a sapphire evening gown.,20,1,21,1,7,3,0,"{'DALLE_3': [4, 4, 5], 'DeepFloyd_I_XL_v1': [5, 3, 5], 'Midjourney_6': [4, 3, 4], 'SDXL_2_1': [2, 2, 2], 'SDXL_Base': [3, 3, 3], 'SDXL_Turbo': [3, 2, 3]}"
816,A woman in a wide-brimmed lavender sunhat and breezy cotton dress is on the right of another woman dressed in a crisp white tennis ensemble.,26,1,30,4,9,2,0,"{'DALLE_3': [3, 3, 2], 'DeepFloyd_I_XL_v1': [2, 2, 2], 'Midjourney_6': [3, 2, 2], 'SDXL_2_1': [2, 2, 2], 'SDXL_Base': [2, 2, 2], 'SDXL_Turbo': [2, 2, 2]}"
817,A boy in a vivid orange hoodie and black basketball shorts kisses a girl in a sky-blue tutu and glittery flats.,22,1,25,3,8,2,0,"{'DALLE_3': [5, 4, 5], 'DeepFloyd_I_XL_v1': [4, 3, 5], 'Midjourney_6': [4, 4, 3], 'SDXL_2_1': [2, 2, 1], 'SDXL_Base': [2, 2, 2], 'SDXL_Turbo': [2, 2, 2]}"
818,A small dog decked out in a polka-dot bandana stands in front of a cat donning a lilac collar.,20,1,23,2,7,2,0,"{'DALLE_3': [3, 3, 5], 'DeepFloyd_I_XL_v1': [3, 3, 5], 'Midjourney_6': [5, 3, 5], 'SDXL_2_1': [2, 2, 2], 'SDXL_Base': [5, 3, 3], 'SDXL_Turbo': [3, 3, 4]}"
819,A charcoal gray sports car with a yellow convertible top speeds ahead of two trucks.,16,1,16,4,5,0,1,"{'DALLE_3': [3, 3, 3], 'DeepFloyd_I_XL_v1': [3, 3, 3], 'Midjourney_6': [4, 4, 4], 'SDXL_2_1': [3, 3, 3], 'SDXL_Base': [3, 3, 3], 'SDXL_Turbo': [3, 3, 3]}"
820,"In the playground, a girl in white runs as a boy in yellow walks.",16,1,16,2,5,0,0,"{'DALLE_3': [3, 3, 3], 'DeepFloyd_I_XL_v1': [3, 3, 3], 'Midjourney_6': [2, 2, 2], 'SDXL_2_1': [2, 2, 2], 'SDXL_Base': [2, 2, 2], 'SDXL_Turbo': [2, 3, 2]}"
821,Two old men with green hats sitting at a table.,11,1,11,2,3,1,0,"{'DALLE_3': [4, 4, 4], 'DeepFloyd_I_XL_v1': [5, 5, 5], 'Midjourney_6': [5, 5, 5], 'SDXL_2_1': [5, 5, 5], 'SDXL_Base': [5, 5, 5], 'SDXL_Turbo': [5, 5, 5]}"
822,"A girl with earrings, with her hands in her pockets, stands between two girls with handbags in their hands.",22,1,22,0,8,0,0,"{'DALLE_3': [4, 3, 2], 'DeepFloyd_I_XL_v1': [3, 3, 2], 'Midjourney_6': [3, 3, 2], 'SDXL_2_1': [3, 3, 2], 'SDXL_Base': [5, 4, 5], 'SDXL_Turbo': [3, 3, 2]}"
823,A sitting puppy wearing star shaped glasses.,8,1,8,1,2,3,0,"{'DALLE_3': [5, 3, 5], 'DeepFloyd_I_XL_v1': [5, 3, 3], 'Midjourney_6': [5, 5, 5], 'SDXL_2_1': [5, 3, 3], 'SDXL_Base': [5, 3, 3], 'SDXL_Turbo': [5, 3, 3]}"
824,Two computers equipped with unique circular displays.,8,1,10,2,2,1,0,"{'DALLE_3': [3, 4, 5], 'DeepFloyd_I_XL_v1': [2, 4, 4], 'Midjourney_6': [2, 3, 4], 'SDXL_2_1': [3, 3, 3], 'SDXL_Base': [1, 2, 3], 'SDXL_Turbo': [2, 2, 4]}"
825,"A group of people, all wearing sunglasses, are taking separate selfies.",14,1,14,1,5,2,0,"{'DALLE_3': [5, 3, 3], 'DeepFloyd_I_XL_v1': [5, 3, 3], 'Midjourney_6': [5, 3, 3], 'SDXL_2_1': [5, 3, 3], 'SDXL_Base': [5, 3, 3], 'SDXL_Turbo': [4, 3, 3]}"
826,Two street performers in colorful costumes playing guitars.,9,1,9,1,4,1,0,"{'DALLE_3': [5, 5, 5], 'DeepFloyd_I_XL_v1': [5, 5, 4], 'Midjourney_6': [5, 5, 5], 'SDXL_2_1': [5, 5, 3], 'SDXL_Base': [5, 5, 5], 'SDXL_Turbo': [5, 5, 5]}"
827,A child with a balloon tied to his wrist watching a street magician.,14,1,14,0,5,2,0,"{'DALLE_3': [5, 4, 5], 'DeepFloyd_I_XL_v1': [3, 3, 2], 'Midjourney_6': [2, 3, 2], 'SDXL_2_1': [2, 2, 2], 'SDXL_Base': [4, 3, 3], 'SDXL_Turbo': [2, 3, 2]}"
828,Two orange kites flying high in the sky with long tails.,12,1,12,2,4,1,0,"{'DALLE_3': [5, 4, 5], 'DeepFloyd_I_XL_v1': [4, 4, 4], 'Midjourney_6': [5, 5, 5], 'SDXL_2_1': [5, 5, 5], 'SDXL_Base': [5, 5, 5], 'SDXL_Turbo': [4, 5, 4]}"
829,"A girl in pink boots splashing in a puddle, holding an umbrella.",14,1,15,1,4,2,0,"{'DALLE_3': [5, 3, 5], 'DeepFloyd_I_XL_v1': [4, 3, 5], 'Midjourney_6': [4, 3, 5], 'SDXL_2_1': [3, 2, 2], 'SDXL_Base': [5, 4, 5], 'SDXL_Turbo': [3, 3, 2]}"
830,A man wearing a black hat and holding two golden retrievers on leashes.,14,1,16,2,4,2,0,"{'DALLE_3': [5, 5, 5], 'DeepFloyd_I_XL_v1': [4, 5, 5], 'Midjourney_6': [5, 5, 4], 'SDXL_2_1': [4, 4, 4], 'SDXL_Base': [3, 3, 3], 'SDXL_Turbo': [3, 2, 3]}"
831,Four children in striped shirts playing soccer in the park.,11,1,11,1,4,1,0,"{'DALLE_3': [5, 5, 5], 'DeepFloyd_I_XL_v1': [5, 5, 5], 'Midjourney_6': [3, 4, 4], 'SDXL_2_1': [3, 4, 4], 'SDXL_Base': [4, 5, 5], 'SDXL_Turbo': [3, 4, 4]}"
832,A woman with three silver bracelets sitting on a bench.,11,1,11,0,4,1,0,"{'DALLE_3': [3, 4, 4], 'DeepFloyd_I_XL_v1': [3, 4, 4], 'Midjourney_6': [3, 4, 4], 'SDXL_2_1': [3, 4, 3], 'SDXL_Base': [3, 3, 4], 'SDXL_Turbo': [3, 3, 3]}"
833,Two boys in yellow raincoats jumping over a large puddle.,11,1,12,2,3,1,0,"{'DALLE_3': [5, 5, 5], 'DeepFloyd_I_XL_v1': [5, 5, 5], 'Midjourney_6': [5, 5, 5], 'SDXL_2_1': [5, 4, 5], 'SDXL_Base': [5, 5, 5], 'SDXL_Turbo': [5, 5, 5]}"
834,Two dogs in purple woolly hats playing in the snow.,11,1,11,1,3,1,1,"{'DALLE_3': [5, 5, 5], 'DeepFloyd_I_XL_v1': [5, 5, 5], 'Midjourney_6': [5, 5, 5], 'SDXL_2_1': [4, 4, 4], 'SDXL_Base': [5, 5, 5], 'SDXL_Turbo': [5, 5, 5]}"
835,"Three colorful lanterns hang from the branches of the tree, each one swaying gently in the wind.",19,1,20,1,5,1,1,"{'DALLE_3': [5, 4, 5], 'DeepFloyd_I_XL_v1': [5, 3, 4], 'Midjourney_6': [5, 4, 5], 'SDXL_2_1': [3, 3, 2], 'SDXL_Base': [3, 3, 2], 'SDXL_Turbo': [3, 3, 2]}"
836,An orange cat lies on a couch surrounded by three pillows that are all blue.,16,1,16,0,5,3,0,"{'DALLE_3': [3, 3, 3], 'DeepFloyd_I_XL_v1': [3, 3, 3], 'Midjourney_6': [4, 4, 2], 'SDXL_2_1': [3, 3, 2], 'SDXL_Base': [3, 3, 2], 'SDXL_Turbo': [5, 3, 2]}"
837,"Several tulips are dancing in the sun, and they are all purple.",14,1,14,1,3,3,0,"{'DALLE_3': [5, 4, 5], 'DeepFloyd_I_XL_v1': [5, 3, 3], 'Midjourney_6': [5, 5, 5], 'SDXL_2_1': [5, 3, 5], 'SDXL_Base': [5, 4, 5], 'SDXL_Turbo': [5, 3, 5]}"
838,Four differently colored bicycles are parked next to the school bike rack.,13,1,13,1,4,3,1,"{'DALLE_3': [3, 3, 4], 'DeepFloyd_I_XL_v1': [3, 2, 3], 'Midjourney_6': [3, 3, 4], 'SDXL_2_1': [3, 3, 5], 'SDXL_Base': [3, 3, 5], 'SDXL_Turbo': [3, 3, 3]}"
839,"In the autumn, a few kids are chasing leaves in the park, the shortest kid is wearing a red jacket, and everyone else is wearing a gray one.",32,1,32,4,7,6,1,"{'DALLE_3': [3, 3, 2], 'DeepFloyd_I_XL_v1': [4, 3, 5], 'Midjourney_6': [5, 2, 5], 'SDXL_2_1': [3, 2, 2], 'SDXL_Base': [3, 3, 2], 'SDXL_Turbo': [2, 2, 2]}"
840,A black cat wearing a pink bow tie sits on the windowsill and stares into the distance.,18,1,20,1,7,2,0,"{'DALLE_3': [4, 3, 4], 'DeepFloyd_I_XL_v1': [4, 3, 4], 'Midjourney_6': [5, 5, 5], 'SDXL_2_1': [5, 5, 4], 'SDXL_Base': [5, 5, 5], 'SDXL_Turbo': [4, 3, 4]}"
841,Two penguins in tiny shoes skating on the ice.,10,1,11,1,3,1,0,"{'DALLE_3': [5, 5, 5], 'DeepFloyd_I_XL_v1': [5, 5, 5], 'Midjourney_6': [5, 5, 5], 'SDXL_2_1': [4, 4, 4], 'SDXL_Base': [3, 4, 4], 'SDXL_Turbo': [4, 4, 4]}"
842,"Three beach houses are neatly lined up by the sea, arranged in a row from furthest to nearest: one is red, another one is green, and the last one is purple.",36,1,38,5,5,7,1,"{'DALLE_3': [4, 4, 5], 'DeepFloyd_I_XL_v1': [4, 2, 2], 'Midjourney_6': [3, 3, 2], 'SDXL_2_1': [4, 3, 3], 'SDXL_Base': [3, 2, 2], 'SDXL_Turbo': [3, 2, 2]}"
843,A colourful butterfly fluttering in the garden.,8,1,10,1,3,0,0,"{'DALLE_3': [5, 4, 5], 'DeepFloyd_I_XL_v1': [5, 3, 3], 'Midjourney_6': [5, 4, 5], 'SDXL_2_1': [5, 4, 5], 'SDXL_Base': [5, 4, 5], 'SDXL_Turbo': [5, 3, 5]}"
844,Two children in yellow raincoats playing in standing water.,10,1,11,1,3,2,0,"{'DALLE_3': [5, 5, 5], 'DeepFloyd_I_XL_v1': [5, 5, 5], 'Midjourney_6': [5, 5, 5], 'SDXL_2_1': [5, 5, 5], 'SDXL_Base': [3, 5, 4], 'SDXL_Turbo': [5, 5, 5]}"
845,A dog in a blue jumper sits next to a Christmas tree decorated with nine stars.,17,1,17,1,6,1,0,"{'DALLE_3': [4, 4, 3], 'DeepFloyd_I_XL_v1': [4, 3, 3], 'Midjourney_6': [4, 4, 3], 'SDXL_2_1': [3, 3, 2], 'SDXL_Base': [3, 3, 2], 'SDXL_Turbo': [3, 3, 3]}"
846,"Four kids are running down a park path, each holding a balloon.",14,1,14,1,3,3,0,"{'DALLE_3': [3, 3, 2], 'DeepFloyd_I_XL_v1': [3, 3, 2], 'Midjourney_6': [4, 4, 3], 'SDXL_2_1': [4, 3, 2], 'SDXL_Base': [4, 4, 3], 'SDXL_Turbo': [3, 3, 3]}"
847,A cat wearing ski goggles is exploring in the snow.,11,1,11,1,3,3,0,"{'DALLE_3': [5, 3, 5], 'DeepFloyd_I_XL_v1': [5, 3, 5], 'Midjourney_6': [5, 4, 5], 'SDXL_2_1': [5, 4, 5], 'SDXL_Base': [4, 4, 5], 'SDXL_Turbo': [5, 3, 5]}"
848,"A cat warrior confronts a dog warrior, with the cat's equipment looking more advanced than the dog's.",21,1,22,2,7,1,1,"{'DALLE_3': [2, 3, 2], 'DeepFloyd_I_XL_v1': [3, 2, 2], 'Midjourney_6': [3, 3, 2], 'SDXL_2_1': [2, 3, 2], 'SDXL_Base': [2, 2, 2], 'SDXL_Turbo': [2, 2, 2]}"
849,"Several blue birds perched on a branch, each with a red feather in their tails.",17,1,17,3,4,1,0,"{'DALLE_3': [5, 4, 5], 'DeepFloyd_I_XL_v1': [2, 3, 2], 'Midjourney_6': [3, 3, 3], 'SDXL_2_1': [2, 3, 2], 'SDXL_Base': [2, 3, 2], 'SDXL_Turbo': [3, 3, 2]}"
850,"A group of four children, two wearing hats and two holding balloons, stands near a fountain.",19,1,19,0,5,3,0,"{'DALLE_3': [2, 2, 2], 'DeepFloyd_I_XL_v1': [3, 2, 2], 'Midjourney_6': [2, 3, 2], 'SDXL_2_1': [3, 2, 2], 'SDXL_Base': [2, 3, 2], 'SDXL_Turbo': [3, 3, 2]}"
851,"Two cats with striped tails sitting side by side, one with a bow tie and the other without.",20,1,20,2,6,1,0,"{'DALLE_3': [3, 3, 3], 'DeepFloyd_I_XL_v1': [3, 3, 2], 'Midjourney_6': [3, 3, 2], 'SDXL_2_1': [3, 2, 2], 'SDXL_Base': [3, 3, 2], 'SDXL_Turbo': [3, 3, 2]}"
852,"Three vintage cars parked in a row, one in the center with a white roof, the other two with green roofs.",24,1,24,3,6,1,0,"{'DALLE_3': [4, 4, 5], 'DeepFloyd_I_XL_v1': [3, 3, 2], 'Midjourney_6': [3, 3, 3], 'SDXL_2_1': [2, 2, 2], 'SDXL_Base': [2, 2, 2], 'SDXL_Turbo': [2, 2, 2]}"
853,"Four people on a bench, one reading a book and three looking at a map.",17,1,17,0,4,2,0,"{'DALLE_3': [3, 3, 2], 'DeepFloyd_I_XL_v1': [3, 3, 2], 'Midjourney_6': [3, 4, 2], 'SDXL_2_1': [3, 2, 2], 'SDXL_Base': [4, 3, 3], 'SDXL_Turbo': [3, 3, 2]}"
854,A man wearing glasses and a blue jacket holding three different colored balloons.,14,1,14,2,4,3,0,"{'DALLE_3': [3, 3, 2], 'DeepFloyd_I_XL_v1': [5, 4, 3], 'Midjourney_6': [3, 3, 2], 'SDXL_2_1': [3, 3, 2], 'SDXL_Base': [3, 3, 2], 'SDXL_Turbo': [2, 2, 2]}"
855,"Five books on a shelf, each with a bookmark sticking out.",13,1,13,0,3,1,0,"{'DALLE_3': [3, 3, 3], 'DeepFloyd_I_XL_v1': [3, 2, 2], 'Midjourney_6': [3, 3, 2], 'SDXL_2_1': [3, 3, 2], 'SDXL_Base': [3, 3, 2], 'SDXL_Turbo': [3, 3, 2]}"
856,"Two parrots on a perch, one speaking into a miniature microphone.",13,1,14,0,5,0,0,"{'DALLE_3': [5, 4, 3], 'DeepFloyd_I_XL_v1': [3, 3, 2], 'Midjourney_6': [5, 4, 5], 'SDXL_2_1': [3, 3, 2], 'SDXL_Base': [5, 4, 3], 'SDXL_Turbo': [5, 3, 3]}"
857,"Seven pencils in a cup, each of a different color.",12,1,12,1,4,0,0,"{'DALLE_3': [3, 3, 2], 'DeepFloyd_I_XL_v1': [2, 2, 2], 'Midjourney_6': [5, 5, 5], 'SDXL_2_1': [2, 2, 2], 'SDXL_Base': [3, 3, 2], 'SDXL_Turbo': [3, 3, 2]}"
858,"A woman in a beige dress holding two puppies, one in each arm.",15,1,15,1,4,1,0,"{'DALLE_3': [5, 4, 5], 'DeepFloyd_I_XL_v1': [3, 3, 2], 'Midjourney_6': [5, 4, 5], 'SDXL_2_1': [4, 3, 2], 'SDXL_Base': [4, 3, 5], 'SDXL_Turbo': [4, 4, 3]}"
859,"Four pairs of shoes at the door, each of a different style.",14,1,14,1,4,0,0,"{'DALLE_3': [3, 3, 2], 'DeepFloyd_I_XL_v1': [4, 2, 2], 'Midjourney_6': [3, 3, 2], 'SDXL_2_1': [3, 2, 2], 'SDXL_Base': [3, 3, 2], 'SDXL_Turbo': [3, 3, 2]}"
860,"Three sailboats on the water, each with sails of a different color.",14,1,15,1,4,0,0,"{'DALLE_3': [4, 4, 5], 'DeepFloyd_I_XL_v1': [5, 3, 5], 'Midjourney_6': [3, 3, 2], 'SDXL_2_1': [3, 2, 2], 'SDXL_Base': [3, 3, 3], 'SDXL_Turbo': [4, 3, 3]}"
861,"Two children in a sandbox, one building a castle and the other digging a hole.",17,1,18,1,5,1,0,"{'DALLE_3': [5, 3, 3], 'DeepFloyd_I_XL_v1': [3, 2, 3], 'Midjourney_6': [3, 4, 3], 'SDXL_2_1': [3, 3, 2], 'SDXL_Base': [4, 3, 3], 'SDXL_Turbo': [3, 2, 2]}"
862,"Inside a tent, two maps lay on the ground with an oil lamp resting on top.",18,1,18,0,6,2,0,"{'DALLE_3': [5, 4, 5], 'DeepFloyd_I_XL_v1': [3, 3, 2], 'Midjourney_6': [4, 5, 5], 'SDXL_2_1': [4, 3, 2], 'SDXL_Base': [5, 3, 5], 'SDXL_Turbo': [4, 3, 3]}"
863,A baker without a white apron is holding a tray with six cupcakes.,14,1,14,1,4,2,0,"{'DALLE_3': [2, 3, 2], 'DeepFloyd_I_XL_v1': [2, 3, 2], 'Midjourney_6': [2, 3, 2], 'SDXL_2_1': [3, 4, 3], 'SDXL_Base': [2, 3, 2], 'SDXL_Turbo': [2, 3, 2]}"
864,A hot air balloon with no people in it flies higher than another hot air balloon with people in it.,21,1,21,3,6,1,0,"{'DALLE_3': [2, 2, 2], 'DeepFloyd_I_XL_v1': [3, 4, 3], 'Midjourney_6': [3, 4, 3], 'SDXL_2_1': [5, 3, 3], 'SDXL_Base': [2, 3, 2], 'SDXL_Turbo': [2, 3, 2]}"
865,A one-eyed Japanese samurai stares blankly at a scabbard without a sword.,13,1,17,2,4,1,0,"{'DALLE_3': [3, 3, 2], 'DeepFloyd_I_XL_v1': [2, 2, 2], 'Midjourney_6': [2, 3, 2], 'SDXL_2_1': [2, 2, 2], 'SDXL_Base': [2, 2, 2], 'SDXL_Turbo': [2, 2, 2]}"
866,Five people sit arm-in-arm in the audience and watch the film.,12,1,16,0,4,2,0,"{'DALLE_3': [4, 4, 2], 'DeepFloyd_I_XL_v1': [3, 3, 2], 'Midjourney_6': [3, 4, 2], 'SDXL_2_1': [3, 3, 2], 'SDXL_Base': [3, 3, 2], 'SDXL_Turbo': [4, 4, 2]}"
867,All the dance performers on stage are bowing to the audience.,12,1,12,0,4,2,0,"{'DALLE_3': [3, 4, 5], 'DeepFloyd_I_XL_v1': [2, 2, 2], 'Midjourney_6': [2, 3, 4], 'SDXL_2_1': [2, 3, 2], 'SDXL_Base': [2, 3, 2], 'SDXL_Turbo': [2, 3, 2]}"
868,A house cat lounges in the sunlight and a feral cat sits in the shadows where there is no sunlight.,21,1,22,1,7,2,0,"{'DALLE_3': [3, 3, 2], 'DeepFloyd_I_XL_v1': [3, 3, 2], 'Midjourney_6': [4, 3, 4], 'SDXL_2_1': [3, 3, 4], 'SDXL_Base': [4, 3, 5], 'SDXL_Turbo': [2, 2, 2]}"
869,A solitary African elephant walking across the savannah.,9,1,9,1,3,1,0,"{'DALLE_3': [5, 5, 5], 'DeepFloyd_I_XL_v1': [5, 4, 5], 'Midjourney_6': [5, 5, 5], 'SDXL_2_1': [5, 4, 5], 'SDXL_Base': [5, 4, 5], 'SDXL_Turbo': [5, 4, 5]}"
870,An army of ants armed with modern weapons surrounds a birthday cake without candles.,15,1,15,2,5,2,0,"{'DALLE_3': [3, 4, 3], 'DeepFloyd_I_XL_v1': [2, 2, 2], 'Midjourney_6': [3, 2, 2], 'SDXL_2_1': [4, 2, 2], 'SDXL_Base': [3, 2, 2], 'SDXL_Turbo': [4, 3, 2]}"
871,"In the 'Tom and Jerry' cartoon, Tom and Jerry are flying through the air using flying devices, with Tom looking more frightened than Jerry.",28,1,29,1,9,5,1,"{'DALLE_3': [5, 2, 3], 'DeepFloyd_I_XL_v1': [3, 2, 3], 'Midjourney_6': [4, 3, 4], 'SDXL_2_1': [2, 2, 1], 'SDXL_Base': [2, 2, 2], 'SDXL_Turbo': [3, 2, 2]}"
872,Two great white sharks circling a green fish.,9,1,9,3,2,1,0,"{'DALLE_3': [3, 4, 3], 'DeepFloyd_I_XL_v1': [3, 3, 2], 'Midjourney_6': [3, 3, 2], 'SDXL_2_1': [2, 3, 2], 'SDXL_Base': [2, 3, 2], 'SDXL_Turbo': [3, 3, 2]}"
873,A clothed grizzly bear is fishing and another one without clothes is swimming in the river.,17,1,18,1,4,4,0,"{'DALLE_3': [4, 4, 5], 'DeepFloyd_I_XL_v1': [4, 2, 3], 'Midjourney_6': [2, 2, 2], 'SDXL_2_1': [3, 2, 2], 'SDXL_Base': [3, 3, 3], 'SDXL_Turbo': [3, 2, 2]}"
874,"In the forest, there's a pack of wolves, all of them gray.",16,1,16,0,3,2,0,"{'DALLE_3': [5, 4, 5], 'DeepFloyd_I_XL_v1': [5, 3, 5], 'Midjourney_6': [5, 5, 5], 'SDXL_2_1': [5, 3, 5], 'SDXL_Base': [5, 4, 5], 'SDXL_Turbo': [5, 3, 3]}"
875,"In the zoo, all the animals in their cages are standing.",13,1,13,0,3,2,0,"{'DALLE_3': [5, 4, 5], 'DeepFloyd_I_XL_v1': [4, 4, 3], 'Midjourney_6': [5, 4, 4], 'SDXL_2_1': [3, 3, 3], 'SDXL_Base': [2, 2, 2], 'SDXL_Turbo': [2, 2, 2]}"
876,A Bengal tiger in the shade looks stronger than another Bengal tiger not in the shade.,17,1,17,1,6,1,1,"{'DALLE_3': [2, 3, 2], 'DeepFloyd_I_XL_v1': [2, 3, 2], 'Midjourney_6': [3, 4, 3], 'SDXL_2_1': [2, 3, 2], 'SDXL_Base': [2, 3, 2], 'SDXL_Turbo': [3, 4, 3]}"
877,All emperor penguins are huddling together for warmth.,9,1,10,0,3,2,1,"{'DALLE_3': [5, 4, 5], 'DeepFloyd_I_XL_v1': [4, 3, 4], 'Midjourney_6': [5, 3, 5], 'SDXL_2_1': [5, 4, 5], 'SDXL_Base': [3, 4, 5], 'SDXL_Turbo': [5, 3, 4]}"
878,"Several giraffes on the African savannah surrounded a tall green tree, and all the giraffes were eating the leaves.",21,1,23,3,6,3,0,"{'DALLE_3': [4, 4, 3], 'DeepFloyd_I_XL_v1': [3, 3, 2], 'Midjourney_6': [5, 4, 5], 'SDXL_2_1': [4, 3, 3], 'SDXL_Base': [4, 3, 3], 'SDXL_Turbo': [4, 3, 2]}"
879,A red fox sneaking up on two unsuspecting rabbits.,10,1,12,2,2,1,0,"{'DALLE_3': [5, 4, 5], 'DeepFloyd_I_XL_v1': [2, 2, 2], 'Midjourney_6': [5, 4, 5], 'SDXL_2_1': [2, 2, 2], 'SDXL_Base': [4, 3, 4], 'SDXL_Turbo': [3, 3, 3]}"
880,"Five dolphins jumped out of the water, and the one in the center jumped the highest.",18,1,18,1,4,2,0,"{'DALLE_3': [5, 5, 5], 'DeepFloyd_I_XL_v1': [3, 3, 3], 'Midjourney_6': [2, 4, 3], 'SDXL_2_1': [3, 2, 2], 'SDXL_Base': [3, 3, 2], 'SDXL_Turbo': [3, 3, 2]}"
881,"A herd of African bison walks on the Great Plains, with the largest one at the front.",19,1,19,1,8,0,0,"{'DALLE_3': [4, 4, 3], 'DeepFloyd_I_XL_v1': [3, 3, 3], 'Midjourney_6': [5, 5, 5], 'SDXL_2_1': [3, 3, 3], 'SDXL_Base': [5, 4, 5], 'SDXL_Turbo': [4, 3, 3]}"
882,Two koalas cuddling on a eucalyptus tree.,8,1,9,0,3,1,0,"{'DALLE_3': [5, 4, 5], 'DeepFloyd_I_XL_v1': [3, 3, 3], 'Midjourney_6': [5, 4, 5], 'SDXL_2_1': [4, 3, 3], 'SDXL_Base': [4, 3, 4], 'SDXL_Turbo': [4, 3, 5]}"
883,"In the garden, there is a butterfly beside every rose and a bee beside every daisy.",18,1,18,0,6,2,0,"{'DALLE_3': [3, 3, 2], 'DeepFloyd_I_XL_v1': [2, 2, 2], 'Midjourney_6': [2, 3, 2], 'SDXL_2_1': [2, 3, 2], 'SDXL_Base': [2, 3, 2], 'SDXL_Turbo': [2, 3, 2]}"
884,A family of four chimpanzees grooming each other.,9,1,12,1,2,1,0,"{'DALLE_3': [5, 4, 5], 'DeepFloyd_I_XL_v1': [3, 5, 3], 'Midjourney_6': [3, 5, 4], 'SDXL_2_1': [4, 4, 3], 'SDXL_Base': [3, 4, 3], 'SDXL_Turbo': [3, 4, 3]}"
885,Two peacocks displaying their magnificent tails.,7,1,8,0,3,1,0,"{'DALLE_3': [5, 4, 3], 'DeepFloyd_I_XL_v1': [3, 3, 4], 'Midjourney_6': [5, 5, 5], 'SDXL_2_1': [5, 5, 3], 'SDXL_Base': [3, 4, 4], 'SDXL_Turbo': [5, 5, 5]}"
886,Five zebras drinking from a waterhole at dusk.,9,1,11,0,3,1,0,"{'DALLE_3': [3, 4, 4], 'DeepFloyd_I_XL_v1': [5, 4, 5], 'Midjourney_6': [3, 3, 4], 'SDXL_2_1': [3, 4, 4], 'SDXL_Base': [5, 4, 5], 'SDXL_Turbo': [3, 4, 4]}"
887,A vase with five purple roses on a kitchen table.,11,1,11,1,4,0,0,"{'DALLE_3': [5, 5, 5], 'DeepFloyd_I_XL_v1': [3, 4, 4], 'Midjourney_6': [5, 5, 5], 'SDXL_2_1': [5, 5, 4], 'SDXL_Base': [3, 3, 4], 'SDXL_Turbo': [3, 4, 5]}"
888,Three metal rubbish bins stand to the left of a wooden table.,13,1,13,3,3,1,0,"{'DALLE_3': [5, 5, 5], 'DeepFloyd_I_XL_v1': [1, 4, 3], 'Midjourney_6': [3, 5, 3], 'SDXL_2_1': [3, 4, 4], 'SDXL_Base': [2, 4, 3], 'SDXL_Turbo': [2, 4, 3]}"
889,Three white seagulls flying over a blue lake.,9,1,9,2,2,1,0,"{'DALLE_3': [4, 5, 5], 'DeepFloyd_I_XL_v1': [5, 5, 5], 'Midjourney_6': [3, 4, 4], 'SDXL_2_1': [5, 5, 5], 'SDXL_Base': [5, 5, 5], 'SDXL_Turbo': [3, 4, 3]}"
890,Five colorful balloons floating against a clear blue sky.,10,1,10,2,3,1,0,"{'DALLE_3': [3, 3, 4], 'DeepFloyd_I_XL_v1': [5, 5, 4], 'Midjourney_6': [3, 4, 4], 'SDXL_2_1': [3, 4, 4], 'SDXL_Base': [3, 4, 4], 'SDXL_Turbo': [3, 3, 3]}"
891,Four red apples in a basket on the kitchen counter.,11,1,11,1,4,0,0,"{'DALLE_3': [3, 4, 4], 'DeepFloyd_I_XL_v1': [3, 4, 4], 'Midjourney_6': [5, 5, 5], 'SDXL_2_1': [5, 5, 5], 'SDXL_Base': [4, 4, 4], 'SDXL_Turbo': [3, 3, 4]}"
892,A room with all the potted succulents on a sunny windowsill.,12,1,15,1,4,0,0,"{'DALLE_3': [5, 4, 5], 'DeepFloyd_I_XL_v1': [5, 4, 5], 'Midjourney_6': [5, 3, 4], 'SDXL_2_1': [5, 4, 5], 'SDXL_Base': [5, 3, 5], 'SDXL_Turbo': [5, 4, 5]}"
893,Eight yellow rubber ducks lined up on the edge of a bathtub.,13,1,13,1,4,1,0,"{'DALLE_3': [3, 3, 2], 'DeepFloyd_I_XL_v1': [3, 3, 2], 'Midjourney_6': [3, 3, 3], 'SDXL_2_1': [2, 2, 2], 'SDXL_Base': [2, 2, 2], 'SDXL_Turbo': [2, 2, 2]}"
894,"On a cooling rack, a square cookie with frosting is doing a social dance with a triangle cookie without frosting.",22,1,22,2,7,3,0,"{'DALLE_3': [5, 5, 3], 'DeepFloyd_I_XL_v1': [3, 3, 2], 'Midjourney_6': [2, 2, 2], 'SDXL_2_1': [2, 2, 2], 'SDXL_Base': [2, 2, 2], 'SDXL_Turbo': [2, 2, 2]}"
895,"A group of paper airplanes are racing, and one of the paper airplanes with jets is flying faster than the others.",23,1,23,0,6,5,1,"{'DALLE_3': [3, 3, 5], 'DeepFloyd_I_XL_v1': [2, 2, 2], 'Midjourney_6': [3, 3, 3], 'SDXL_2_1': [2, 2, 1], 'SDXL_Base': [2, 2, 2], 'SDXL_Turbo': [2, 2, 1]}"
896,A few ants stood at the top of a two-tiered cake without cream and swore their sovereignty to a passing mouse.,22,1,26,2,7,2,0,"{'DALLE_3': [2, 2, 2], 'DeepFloyd_I_XL_v1': [2, 2, 2], 'Midjourney_6': [3, 3, 2], 'SDXL_2_1': [3, 2, 2], 'SDXL_Base': [3, 3, 2], 'SDXL_Turbo': [3, 3, 2]}"
897,"Five origami cranes hang from the ceiling, only one of which is red, and the others are all white.",22,1,22,3,4,2,1,"{'DALLE_3': [3, 5, 3], 'DeepFloyd_I_XL_v1': [2, 3, 2], 'Midjourney_6': [3, 3, 2], 'SDXL_2_1': [2, 2, 1], 'SDXL_Base': [2, 2, 2], 'SDXL_Turbo': [2, 2, 2]}"
898,"In the winter park, all the snowmen are wearing their adventure hats.",14,1,15,0,5,2,0,"{'DALLE_3': [5, 5, 5], 'DeepFloyd_I_XL_v1': [5, 5, 3], 'Midjourney_6': [5, 5, 5], 'SDXL_2_1': [5, 5, 3], 'SDXL_Base': [5, 5, 5], 'SDXL_Turbo': [5, 5, 5]}"
899,Three cameras lay on three different wooden tables.,9,1,9,2,2,1,0,"{'DALLE_3': [3, 3, 3], 'DeepFloyd_I_XL_v1': [3, 3, 3], 'Midjourney_6': [3, 3, 3], 'SDXL_2_1': [2, 2, 2], 'SDXL_Base': [2, 2, 2], 'SDXL_Turbo': [2, 2, 2]}"
900,"Several orange kittens in a basket, each one looking very happy.",13,1,13,2,3,1,1,"{'DALLE_3': [5, 4, 3], 'DeepFloyd_I_XL_v1': [5, 4, 4], 'Midjourney_6': [5, 4, 3], 'SDXL_2_1': [3, 3, 3], 'SDXL_Base': [4, 3, 3], 'SDXL_Turbo': [3, 3, 3]}"
901,"A silver laptop sits open on the floor, not on the table.",14,1,14,2,3,1,1,"{'DALLE_3': [5, 5, 5], 'DeepFloyd_I_XL_v1': [3, 2, 2], 'Midjourney_6': [5, 5, 5], 'SDXL_2_1': [5, 5, 5], 'SDXL_Base': [5, 5, 5], 'SDXL_Turbo': [5, 5, 5]}"
902,Nine red books stacked in a spiral.,8,1,8,1,3,1,0,"{'DALLE_3': [3, 3, 2], 'DeepFloyd_I_XL_v1': [3, 3, 2], 'Midjourney_6': [2, 2, 2], 'SDXL_2_1': [1, 1, 1], 'SDXL_Base': [2, 2, 2], 'SDXL_Turbo': [2, 2, 2]}"
903,A cactus in a green pot looks more vibrant than a cactus in a red pot.,17,1,17,3,4,1,1,"{'DALLE_3': [2, 2, 2], 'DeepFloyd_I_XL_v1': [3, 3, 2], 'Midjourney_6': [2, 2, 2], 'SDXL_2_1': [2, 2, 2], 'SDXL_Base': [2, 2, 2], 'SDXL_Turbo': [2, 3, 2]}"
904,Five purple umbrellas open in a line.,8,1,8,1,2,1,0,"{'DALLE_3': [1, 1, 1], 'DeepFloyd_I_XL_v1': [3, 2, 2], 'Midjourney_6': [3, 3, 3], 'SDXL_2_1': [3, 2, 2], 'SDXL_Base': [3, 3, 2], 'SDXL_Turbo': [3, 2, 3]}"
905,A striped towel on a beach.,7,1,7,1,2,0,0,"{'DALLE_3': [4, 4, 5], 'DeepFloyd_I_XL_v1': [5, 5, 3], 'Midjourney_6': [5, 5, 5], 'SDXL_2_1': [4, 4, 4], 'SDXL_Base': [5, 5, 5], 'SDXL_Turbo': [5, 4, 5]}"
906,"Under the bench, there are four pairs of sneakers: one pair is red, two pairs are green, and the last pair is white.",28,1,28,4,6,4,0,"{'DALLE_3': [3, 3, 2], 'DeepFloyd_I_XL_v1': [4, 3, 3], 'Midjourney_6': [3, 2, 2], 'SDXL_2_1': [3, 2, 2], 'SDXL_Base': [3, 2, 2], 'SDXL_Turbo': [3, 2, 2]}"
907,"Three ceramic mugs sit on the kitchen counter, one with a floral pattern on it, one with nothing on it, and one with a chevron pattern on it.",32,1,32,2,8,0,0,"{'DALLE_3': [3, 3, 3], 'DeepFloyd_I_XL_v1': [3, 3, 3], 'Midjourney_6': [3, 3, 3], 'SDXL_2_1': [2, 2, 2], 'SDXL_Base': [5, 5, 5], 'SDXL_Turbo': [3, 3, 3]}"
908,"Three spoons are in a ceramic pot: one is metal, one is wooden, and one is plastic.",21,1,21,2,4,4,0,"{'DALLE_3': [3, 3, 4], 'DeepFloyd_I_XL_v1': [2, 2, 2], 'Midjourney_6': [4, 5, 4], 'SDXL_2_1': [2, 2, 2], 'SDXL_Base': [2, 2, 2], 'SDXL_Turbo': [2, 2, 2]}"
909,"One round frame on the mantel has a photo in it, and one square frame has no photo in it.",22,1,23,0,7,2,0,"{'DALLE_3': [3, 3, 2], 'DeepFloyd_I_XL_v1': [3, 2, 2], 'Midjourney_6': [3, 3, 2], 'SDXL_2_1': [2, 3, 2], 'SDXL_Base': [2, 2, 2], 'SDXL_Turbo': [2, 2, 2]}"
910,The four water bottles on the gym floor are all blue.,12,1,12,0,5,1,0,"{'DALLE_3': [3, 3, 3], 'DeepFloyd_I_XL_v1': [3, 2, 2], 'Midjourney_6': [3, 3, 3], 'SDXL_2_1': [2, 1, 2], 'SDXL_Base': [3, 3, 2], 'SDXL_Turbo': [5, 5, 4]}"
911,three children are all sitting on a couch.,9,1,9,0,2,2,0,"{'DALLE_3': [5, 5, 5], 'DeepFloyd_I_XL_v1': [5, 4, 5], 'Midjourney_6': [5, 5, 5], 'SDXL_2_1': [4, 3, 3], 'SDXL_Base': [5, 4, 5], 'SDXL_Turbo': [5, 4, 5]}"
912,"In a gift shop, all the glass cups are green.",12,1,12,1,4,1,0,"{'DALLE_3': [5, 3, 3], 'DeepFloyd_I_XL_v1': [5, 3, 5], 'Midjourney_6': [5, 5, 5], 'SDXL_2_1': [5, 4, 5], 'SDXL_Base': [5, 4, 5], 'SDXL_Turbo': [5, 5, 5]}"
913,"A bottle with wine is standing upright on a table, and a bottle without wine is lying on the floor.",22,1,22,1,6,4,0,"{'DALLE_3': [3, 3, 2], 'DeepFloyd_I_XL_v1': [3, 2, 2], 'Midjourney_6': [5, 5, 4], 'SDXL_2_1': [3, 3, 2], 'SDXL_Base': [5, 5, 4], 'SDXL_Turbo': [2, 2, 2]}"
914,A little boy and a little girl each holding a baseball.,12,1,12,3,2,1,0,"{'DALLE_3': [3, 3, 3], 'DeepFloyd_I_XL_v1': [3, 3, 3], 'Midjourney_6': [5, 5, 5], 'SDXL_2_1': [5, 3, 5], 'SDXL_Base': [4, 3, 3], 'SDXL_Turbo': [5, 4, 3]}"
915,A frosted glass bottle is to the left of a smooth glass bottle.,14,1,14,2,5,1,0,"{'DALLE_3': [3, 3, 3], 'DeepFloyd_I_XL_v1': [5, 3, 3], 'Midjourney_6': [3, 3, 3], 'SDXL_2_1': [2, 2, 2], 'SDXL_Base': [2, 3, 2], 'SDXL_Turbo': [3, 3, 3]}"
916,The chairs around a metal table are all made of wood.,12,1,12,0,4,2,0,"{'DALLE_3': [3, 3, 2], 'DeepFloyd_I_XL_v1': [3, 3, 2], 'Midjourney_6': [5, 5, 4], 'SDXL_2_1': [3, 3, 2], 'SDXL_Base': [3, 3, 2], 'SDXL_Turbo': [3, 3, 2]}"
917,Peppers in a bamboo basket are all green.,9,1,9,1,3,1,0,"{'DALLE_3': [5, 5, 5], 'DeepFloyd_I_XL_v1': [5, 5, 5], 'Midjourney_6': [5, 5, 5], 'SDXL_2_1': [5, 5, 5], 'SDXL_Base': [5, 5, 5], 'SDXL_Turbo': [3, 3, 2]}"
918,A little piggy is standing on a green ball with a smaller red ball on top of its head.,20,1,20,4,5,2,0,"{'DALLE_3': [5, 5, 5], 'DeepFloyd_I_XL_v1': [4, 4, 3], 'Midjourney_6': [5, 5, 5], 'SDXL_2_1': [2, 2, 2], 'SDXL_Base': [3, 3, 2], 'SDXL_Turbo': [3, 3, 2]}"
919,"Three boys playing a computer game together, each with a headset.",13,1,14,0,4,1,1,"{'DALLE_3': [5, 4, 4], 'DeepFloyd_I_XL_v1': [5, 5, 3], 'Midjourney_6': [5, 5, 5], 'SDXL_2_1': [5, 4, 3], 'SDXL_Base': [5, 5, 5], 'SDXL_Turbo': [5, 4, 5]}"
920,Four opened cardboard boxes and one unopened plastic box.,10,1,11,1,4,1,0,"{'DALLE_3': [2, 3, 2], 'DeepFloyd_I_XL_v1': [2, 3, 2], 'Midjourney_6': [3, 3, 3], 'SDXL_2_1': [2, 2, 2], 'SDXL_Base': [2, 3, 2], 'SDXL_Turbo': [2, 2, 2]}"
921,All the figurines on the bookshelf are white.,9,1,10,1,2,1,0,"{'DALLE_3': [5, 5, 5], 'DeepFloyd_I_XL_v1': [5, 5, 5], 'Midjourney_6': [5, 4, 5], 'SDXL_2_1': [3, 2, 2], 'SDXL_Base': [5, 3, 5], 'SDXL_Turbo': [3, 2, 2]}"
922,All the boys on the platform are singing.,9,1,9,0,2,2,0,"{'DALLE_3': [5, 5, 5], 'DeepFloyd_I_XL_v1': [4, 4, 4], 'Midjourney_6': [5, 5, 5], 'SDXL_2_1': [5, 5, 4], 'SDXL_Base': [5, 4, 2], 'SDXL_Turbo': [5, 4, 4]}"
923,A little boy with a ping pong paddle looks more excited than a little girl without one.,18,1,18,5,3,1,1,"{'DALLE_3': [4, 3, 3], 'DeepFloyd_I_XL_v1': [2, 2, 2], 'Midjourney_6': [2, 2, 2], 'SDXL_2_1': [2, 2, 2], 'SDXL_Base': [3, 2, 2], 'SDXL_Turbo': [2, 2, 2]}"
924,A strange fox with two tails.,7,1,7,1,2,0,0,"{'DALLE_3': [3, 3, 3], 'DeepFloyd_I_XL_v1': [3, 2, 2], 'Midjourney_6': [5, 5, 5], 'SDXL_2_1': [3, 2, 2], 'SDXL_Base': [3, 2, 2], 'SDXL_Turbo': [5, 4, 5]}"
925,A vibrant blue rose blooming on a red lush rose bush.,12,1,12,2,3,3,0,"{'DALLE_3': [5, 5, 5], 'DeepFloyd_I_XL_v1': [5, 5, 5], 'Midjourney_6': [5, 4, 4], 'SDXL_2_1': [2, 2, 2], 'SDXL_Base': [3, 2, 2], 'SDXL_Turbo': [5, 2, 5]}"
926,A maple tree on each side of a country road.,11,1,11,1,4,0,0,"{'DALLE_3': [3, 3, 2], 'DeepFloyd_I_XL_v1': [3, 3, 2], 'Midjourney_6': [5, 4, 5], 'SDXL_2_1': [5, 5, 4], 'SDXL_Base': [3, 3, 2], 'SDXL_Turbo': [5, 3, 2]}"
927,"Two children blowing dandelion seeds, watched by two others.",11,1,11,0,4,2,0,"{'DALLE_3': [3, 3, 2], 'DeepFloyd_I_XL_v1': [3, 2, 3], 'Midjourney_6': [2, 2, 2], 'SDXL_2_1': [2, 2, 2], 'SDXL_Base': [3, 3, 2], 'SDXL_Turbo': [3, 2, 2]}"
928,Two flies resting near the window on a sunny afternoon.,11,1,11,1,3,1,0,"{'DALLE_3': [3, 3, 2], 'DeepFloyd_I_XL_v1': [5, 5, 3], 'Midjourney_6': [5, 5, 5], 'SDXL_2_1': [4, 3, 3], 'SDXL_Base': [5, 5, 5], 'SDXL_Turbo': [5, 5, 3]}"
929,Four squirrels playing around an ancient oak tree.,9,1,9,1,3,1,0,"{'DALLE_3': [3, 3, 3], 'DeepFloyd_I_XL_v1': [3, 3, 2], 'Midjourney_6': [5, 5, 5], 'SDXL_2_1': [3, 2, 2], 'SDXL_Base': [5, 5, 3], 'SDXL_Turbo': [4, 4, 3]}"
930,A small cactus with six bright pink flowers on a sunny windowsill.,13,1,15,2,4,0,0,"{'DALLE_3': [3, 3, 3], 'DeepFloyd_I_XL_v1': [3, 3, 2], 'Midjourney_6': [3, 3, 3], 'SDXL_2_1': [3, 3, 2], 'SDXL_Base': [2, 2, 2], 'SDXL_Turbo': [3, 3, 2]}"
931,A fluffy rabbit nibbling on one of three carrots laid out in front of it.,16,1,18,1,3,2,0,"{'DALLE_3': [3, 3, 3], 'DeepFloyd_I_XL_v1': [5, 4, 4], 'Midjourney_6': [3, 3, 3], 'SDXL_2_1': [2, 2, 2], 'SDXL_Base': [3, 3, 3], 'SDXL_Turbo': [3, 3, 3]}"
932,All the sunflowers bloom facing the morning sun in a vibrant garden.,13,1,13,1,4,2,0,"{'DALLE_3': [4, 4, 5], 'DeepFloyd_I_XL_v1': [5, 4, 5], 'Midjourney_6': [4, 4, 4], 'SDXL_2_1': [4, 3, 5], 'SDXL_Base': [4, 3, 5], 'SDXL_Turbo': [4, 3, 5]}"
933,A brown squirrel holding two acorns under a bushy oak tree.,12,1,14,2,4,1,0,"{'DALLE_3': [4, 4, 3], 'DeepFloyd_I_XL_v1': [3, 3, 2], 'Midjourney_6': [3, 3, 3], 'SDXL_2_1': [3, 3, 2], 'SDXL_Base': [3, 3, 2], 'SDXL_Turbo': [3, 3, 2]}"
934,There are two colors of pots in the flower garden; all green pots have tulips in them and all yellow pots have no flowers in them.,28,1,28,2,8,3,0,"{'DALLE_3': [3, 3, 2], 'DeepFloyd_I_XL_v1': [3, 3, 2], 'Midjourney_6': [3, 3, 2], 'SDXL_2_1': [2, 3, 2], 'SDXL_Base': [2, 2, 2], 'SDXL_Turbo': [3, 3, 2]}"
935,A canary stands beside a green book.,8,1,8,2,2,0,0,"{'DALLE_3': [5, 5, 5], 'DeepFloyd_I_XL_v1': [4, 3, 3], 'Midjourney_6': [4, 4, 5], 'SDXL_2_1': [4, 3, 3], 'SDXL_Base': [5, 5, 4], 'SDXL_Turbo': [5, 4, 4]}"
936,A room with two lamps that glow green and one that glows red.,14,1,14,2,2,2,0,"{'DALLE_3': [5, 4, 5], 'DeepFloyd_I_XL_v1': [2, 2, 2], 'Midjourney_6': [3, 3, 3], 'SDXL_2_1': [3, 2, 2], 'SDXL_Base': [3, 3, 2], 'SDXL_Turbo': [3, 2, 2]}"
937,"Three vintage cars parked in a row, each a different color.",13,1,13,1,4,1,0,"{'DALLE_3': [5, 5, 5], 'DeepFloyd_I_XL_v1': [5, 5, 5], 'Midjourney_6': [5, 4, 2], 'SDXL_2_1': [3, 3, 2], 'SDXL_Base': [3, 2, 2], 'SDXL_Turbo': [3, 2, 2]}"
938,"Three little boys are sitting on the grass, and the boy in the middle looks the strongest.",19,1,19,3,3,3,0,"{'DALLE_3': [5, 5, 5], 'DeepFloyd_I_XL_v1': [3, 3, 3], 'Midjourney_6': [3, 3, 3], 'SDXL_2_1': [3, 3, 3], 'SDXL_Base': [3, 3, 3], 'SDXL_Turbo': [2, 2, 2]}"
939,"Two pens, yet neither has a cap.",9,1,9,0,2,1,1,"{'DALLE_3': [3, 3, 2], 'DeepFloyd_I_XL_v1': [3, 4, 2], 'Midjourney_6': [3, 3, 2], 'SDXL_2_1': [3, 3, 2], 'SDXL_Base': [2, 3, 3], 'SDXL_Turbo': [2, 3, 3]}"
940,The little girl in the garden has roses in both hands.,12,1,12,1,3,2,0,"{'DALLE_3': [5, 5, 4], 'DeepFloyd_I_XL_v1': [4, 4, 5], 'Midjourney_6': [3, 3, 3], 'SDXL_2_1': [4, 5, 4], 'SDXL_Base': [4, 4, 4], 'SDXL_Turbo': [3, 3, 3]}"
941,A succulent plant with a rose pattern on its pot.,11,1,11,0,4,1,0,"{'DALLE_3': [5, 5, 5], 'DeepFloyd_I_XL_v1': [4, 4, 3], 'Midjourney_6': [5, 5, 5], 'SDXL_2_1': [2, 2, 2], 'SDXL_Base': [2, 3, 2], 'SDXL_Turbo': [3, 4, 2]}"
942,An alien holding a different telescope in each hand.,10,1,10,1,3,1,0,"{'DALLE_3': [5, 4, 3], 'DeepFloyd_I_XL_v1': [3, 3, 3], 'Midjourney_6': [5, 4, 5], 'SDXL_2_1': [5, 5, 2], 'SDXL_Base': [3, 2, 2], 'SDXL_Turbo': [3, 2, 2]}"
943,"A gorgeous vinyl record player sits next to a smaller, older vinyl record player.",16,1,16,4,6,1,0,"{'DALLE_3': [5, 4, 3], 'DeepFloyd_I_XL_v1': [3, 3, 2], 'Midjourney_6': [4, 4, 3], 'SDXL_2_1': [3, 3, 2], 'SDXL_Base': [5, 4, 5], 'SDXL_Turbo': [5, 5, 5]}"
944,"A cat curiously looks at a set of ceramic cups, all adorned with cat patterns.",17,1,18,1,5,2,1,"{'DALLE_3': [5, 5, 5], 'DeepFloyd_I_XL_v1': [5, 5, 4], 'Midjourney_6': [4, 3, 2], 'SDXL_2_1': [2, 2, 2], 'SDXL_Base': [3, 3, 2], 'SDXL_Turbo': [5, 5, 3]}"
945,"Two LED table lamps on a table, the illuminated one closer to the edge of the table than the one not illuminated.",24,1,24,1,7,1,1,"{'DALLE_3': [3, 3, 2], 'DeepFloyd_I_XL_v1': [3, 3, 2], 'Midjourney_6': [3, 3, 2], 'SDXL_2_1': [2, 2, 2], 'SDXL_Base': [3, 3, 2], 'SDXL_Turbo': [3, 3, 2]}"
946,"In the yoga room, all the mats are red.",11,1,11,1,3,1,0,"{'DALLE_3': [5, 5, 5], 'DeepFloyd_I_XL_v1': [5, 5, 5], 'Midjourney_6': [5, 5, 5], 'SDXL_2_1': [5, 5, 5], 'SDXL_Base': [5, 4, 5], 'SDXL_Turbo': [5, 4, 5]}"
947,A vandalized room with all the coffee machines cluttering the floor.,12,1,14,1,4,1,0,"{'DALLE_3': [3, 3, 3], 'DeepFloyd_I_XL_v1': [5, 4, 3], 'Midjourney_6': [3, 3, 3], 'SDXL_2_1': [5, 4, 3], 'SDXL_Base': [3, 3, 3], 'SDXL_Turbo': [5, 5, 3]}"
948,"A group of students gathered around a panda, all with digital cameras in their hands.",17,1,17,1,5,1,0,"{'DALLE_3': [5, 5, 5], 'DeepFloyd_I_XL_v1': [4, 3, 4], 'Midjourney_6': [5, 4, 5], 'SDXL_2_1': [3, 2, 2], 'SDXL_Base': [5, 3, 3], 'SDXL_Turbo': [5, 4, 3]}"
949,"A pile of skateboards is stacked together, with the only one not covered in graffiti placed on top.",20,1,21,1,4,4,2,"{'DALLE_3': [3, 3, 2], 'DeepFloyd_I_XL_v1': [5, 5, 3], 'Midjourney_6': [3, 3, 2], 'SDXL_2_1': [3, 3, 2], 'SDXL_Base': [3, 3, 2], 'SDXL_Turbo': [3, 3, 2]}"
950,Overhead view of a village with solar charging panels on each house.,13,1,13,1,5,1,0,"{'DALLE_3': [3, 3, 3], 'DeepFloyd_I_XL_v1': [5, 5, 3], 'Midjourney_6': [3, 3, 3], 'SDXL_2_1': [5, 5, 3], 'SDXL_Base': [5, 4, 3], 'SDXL_Turbo': [5, 5, 3]}"
951,A Bluetooth speaker.,4,1,4,0,2,0,0,"{'DALLE_3': [5, 5, 5], 'DeepFloyd_I_XL_v1': [5, 5, 5], 'Midjourney_6': [5, 5, 5], 'SDXL_2_1': [5, 5, 5], 'SDXL_Base': [5, 5, 5], 'SDXL_Turbo': [5, 5, 5]}"
952,A happy little girl holding a watercolour set in her hand and looking at her mother.,17,1,17,2,5,2,0,"{'DALLE_3': [4, 4, 3], 'DeepFloyd_I_XL_v1': [5, 5, 5], 'Midjourney_6': [3, 3, 3], 'SDXL_2_1': [3, 3, 3], 'SDXL_Base': [2, 2, 2], 'SDXL_Turbo': [2, 2, 3]}"
953,A mechanical keyboard with a clear protective pouch is newer than another without a clear pouch.,17,1,17,5,3,1,0,"{'DALLE_3': [3, 3, 3], 'DeepFloyd_I_XL_v1': [2, 2, 2], 'Midjourney_6': [2, 2, 2], 'SDXL_2_1': [3, 3, 2], 'SDXL_Base': [2, 2, 2], 'SDXL_Turbo': [2, 2, 2]}"
954,"A boy sits sullenly in his room, with his Bluetooth headphones and cell phone scattered on the floor.",20,1,22,0,7,2,1,"{'DALLE_3': [5, 5, 3], 'DeepFloyd_I_XL_v1': [3, 3, 2], 'Midjourney_6': [5, 5, 5], 'SDXL_2_1': [2, 2, 2], 'SDXL_Base': [4, 4, 3], 'SDXL_Turbo': [2, 3, 2]}"
955,"A little girl on the street is holding a few pocket watches for sale, all of which are worn and old.",23,1,23,4,5,3,0,"{'DALLE_3': [5, 5, 4], 'DeepFloyd_I_XL_v1': [4, 3, 2], 'Midjourney_6': [5, 5, 5], 'SDXL_2_1': [3, 3, 2], 'SDXL_Base': [5, 5, 5], 'SDXL_Turbo': [5, 5, 5]}"
956,"There are several silk scarves on a table, the longest one is green and the others are not.",20,1,20,4,4,3,1,"{'DALLE_3': [3, 3, 2], 'DeepFloyd_I_XL_v1': [4, 3, 2], 'Midjourney_6': [3, 3, 2], 'SDXL_2_1': [3, 2, 2], 'SDXL_Base': [3, 3, 2], 'SDXL_Turbo': [2, 2, 2]}"
957,A black-and-white checkered hammock is tied higher than a person.,11,1,16,3,2,2,0,"{'DALLE_3': [2, 3, 3], 'DeepFloyd_I_XL_v1': [3, 3, 3], 'Midjourney_6': [3, 3, 3], 'SDXL_2_1': [3, 3, 3], 'SDXL_Base': [2, 3, 3], 'SDXL_Turbo': [2, 2, 2]}"
958,A rabbit standing on a stump looks more nervous than another rabbit not on a stump.,17,1,17,1,4,2,2,"{'DALLE_3': [3, 3, 2], 'DeepFloyd_I_XL_v1': [2, 2, 2], 'Midjourney_6': [3, 3, 2], 'SDXL_2_1': [3, 3, 2], 'SDXL_Base': [3, 3, 2], 'SDXL_Turbo': [2, 2, 2]}"
959,A cartoon figurine is taller than a realistic-style cat figurine.,11,1,13,2,4,1,0,"{'DALLE_3': [3, 3, 4], 'DeepFloyd_I_XL_v1': [2, 2, 2], 'Midjourney_6': [3, 3, 3], 'SDXL_2_1': [3, 3, 3], 'SDXL_Base': [3, 3, 3], 'SDXL_Turbo': [3, 3, 3]}"
960,"A shorter man opens his umbrella in the rain, while a taller man does not open his umbrella in the rain.",23,1,23,1,7,3,1,"{'DALLE_3': [2, 2, 2], 'DeepFloyd_I_XL_v1': [1, 2, 2], 'Midjourney_6': [2, 2, 2], 'SDXL_2_1': [3, 3, 2], 'SDXL_Base': [2, 2, 2], 'SDXL_Turbo': [2, 2, 2]}"
961,"A caravan in the desert, with a person on each camel.",13,1,13,0,4,0,0,"{'DALLE_3': [5, 5, 5], 'DeepFloyd_I_XL_v1': [4, 4, 5], 'Midjourney_6': [5, 5, 5], 'SDXL_2_1': [3, 3, 2], 'SDXL_Base': [3, 3, 5], 'SDXL_Turbo': [2, 2, 2]}"
962,An electric toothbrush with a cartoon design is cleaner than another without a cartoon design.,16,1,16,2,5,1,0,"{'DALLE_3': [2, 3, 2], 'DeepFloyd_I_XL_v1': [3, 3, 2], 'Midjourney_6': [2, 2, 2], 'SDXL_2_1': [2, 2, 2], 'SDXL_Base': [2, 3, 2], 'SDXL_Turbo': [3, 3, 2]}"
963,There is more bread in the open oven than on the table.,13,1,13,2,3,1,0,"{'DALLE_3': [2, 3, 2], 'DeepFloyd_I_XL_v1': [2, 3, 2], 'Midjourney_6': [5, 5, 2], 'SDXL_2_1': [2, 2, 2], 'SDXL_Base': [5, 5, 5], 'SDXL_Turbo': [3, 3, 2]}"
964,"At a dance party, three girls in long dresses are sitting at a dining table, with three men beside them inviting them to dance.",27,1,27,1,7,4,0,"{'DALLE_3': [3, 3, 2], 'DeepFloyd_I_XL_v1': [3, 2, 2], 'Midjourney_6': [3, 2, 2], 'SDXL_2_1': [3, 2, 2], 'SDXL_Base': [3, 2, 2], 'SDXL_Turbo': [4, 3, 3]}"
965,The coffee table in the shabby living room is littered with books and candles.,15,1,16,0,7,2,0,"{'DALLE_3': [5, 4, 5], 'DeepFloyd_I_XL_v1': [4, 2, 2], 'Midjourney_6': [5, 4, 5], 'SDXL_2_1': [4, 2, 2], 'SDXL_Base': [5, 4, 5], 'SDXL_Turbo': [3, 2, 5]}"
966,"There are several sleek laptops on a table, all of which are closed",14,1,14,2,2,3,0,"{'DALLE_3': [2, 2, 2], 'DeepFloyd_I_XL_v1': [2, 2, 2], 'Midjourney_6': [2, 2, 2], 'SDXL_2_1': [2, 2, 2], 'SDXL_Base': [3, 3, 3], 'SDXL_Turbo': [2, 2, 2]}"
967,Five colorful magnets decorating the door of a white refrigerator.,11,1,11,2,3,1,0,"{'DALLE_3': [3, 3, 2], 'DeepFloyd_I_XL_v1': [3, 3, 2], 'Midjourney_6': [3, 3, 2], 'SDXL_2_1': [3, 3, 2], 'SDXL_Base': [5, 5, 5], 'SDXL_Turbo': [3, 3, 2]}"
968,"There is a shell and a coin on the beach, the coin is bigger than the shell.",19,1,19,1,5,2,0,"{'DALLE_3': [3, 2, 2], 'DeepFloyd_I_XL_v1': [3, 3, 2], 'Midjourney_6': [4, 3, 2], 'SDXL_2_1': [4, 3, 3], 'SDXL_Base': [4, 3, 3], 'SDXL_Turbo': [3, 2, 1]}"
969,"Several watches are displayed on the wooden shelves, all of which are vintage in style.",17,1,17,2,4,3,0,"{'DALLE_3': [5, 5, 5], 'DeepFloyd_I_XL_v1': [5, 5, 5], 'Midjourney_6': [5, 5, 5], 'SDXL_2_1': [5, 5, 5], 'SDXL_Base': [5, 5, 5], 'SDXL_Turbo': [5, 5, 5]}"
970,Several umbrellas of varying colors leaned against stands in the hallway.,12,1,13,1,4,2,0,"{'DALLE_3': [5, 4, 4], 'DeepFloyd_I_XL_v1': [4, 4, 1], 'Midjourney_6': [5, 5, 4], 'SDXL_2_1': [2, 2, 2], 'SDXL_Base': [2, 2, 3], 'SDXL_Turbo': [2, 2, 2]}"
971,A leather wallet containing three credit cards and some cash on a coffee table.,15,1,15,1,6,1,0,"{'DALLE_3': [3, 3, 2], 'DeepFloyd_I_XL_v1': [3, 2, 2], 'Midjourney_6': [3, 2, 2], 'SDXL_2_1': [2, 2, 2], 'SDXL_Base': [3, 2, 2], 'SDXL_Turbo': [3, 2, 2]}"
972,Two handmade blankets folded at the foot of a neatly made bed.,13,1,14,1,3,2,1,"{'DALLE_3': [4, 3, 3], 'DeepFloyd_I_XL_v1': [3, 2, 2], 'Midjourney_6': [5, 5, 5], 'SDXL_2_1': [3, 2, 2], 'SDXL_Base': [3, 3, 2], 'SDXL_Turbo': [3, 2, 2]}"
973,"In the sunlit bathroom, three fluffy towels hang in a row; from left to right, they are pink, green, and purple.",27,1,28,2,6,4,0,"{'DALLE_3': [3, 3, 2], 'DeepFloyd_I_XL_v1': [4, 4, 2], 'Midjourney_6': [4, 4, 2], 'SDXL_2_1': [3, 3, 3], 'SDXL_Base': [2, 2, 2], 'SDXL_Turbo': [2, 2, 2]}"
974,"An ornate clock showing 10:10, mounted on a living room wall.",13,1,17,0,5,2,0,"{'DALLE_3': [4, 3, 5], 'DeepFloyd_I_XL_v1': [4, 3, 2], 'Midjourney_6': [5, 5, 3], 'SDXL_2_1': [4, 3, 2], 'SDXL_Base': [4, 3, 2], 'SDXL_Turbo': [5, 5, 5]}"
975,"Some bees gathered around a blooming sunflower, each with a small hat.",14,1,14,1,4,1,0,"{'DALLE_3': [3, 4, 2], 'DeepFloyd_I_XL_v1': [3, 3, 2], 'Midjourney_6': [3, 3, 2], 'SDXL_2_1': [2, 2, 2], 'SDXL_Base': [3, 3, 2], 'SDXL_Turbo': [3, 2, 2]}"
976,"A tomato vine with several tomatoes on it, all yellow except the largest which is red.",18,1,18,5,2,1,0,"{'DALLE_3': [3, 3, 2], 'DeepFloyd_I_XL_v1': [4, 4, 5], 'Midjourney_6': [3, 3, 2], 'SDXL_2_1': [2, 2, 2], 'SDXL_Base': [3, 3, 2], 'SDXL_Turbo': [3, 3, 2]}"
977,A frog with a baseball cap is crouching on a lotus leaf and another frog without a cap is crouching on a bigger lotus leaf.,26,1,28,1,9,4,0,"{'DALLE_3': [5, 5, 3], 'DeepFloyd_I_XL_v1': [2, 2, 2], 'Midjourney_6': [4, 4, 3], 'SDXL_2_1': [2, 2, 2], 'SDXL_Base': [3, 3, 2], 'SDXL_Turbo': [3, 2, 2]}"
978,"A row of houses down the street, each with a key hanging on the door except the foremost house.",21,1,21,1,7,0,0,"{'DALLE_3': [3, 3, 3], 'DeepFloyd_I_XL_v1': [2, 2, 2], 'Midjourney_6': [2, 2, 2], 'SDXL_2_1': [2, 2, 2], 'SDXL_Base': [2, 2, 2], 'SDXL_Turbo': [2, 2, 2]}"
979,"A mouse pad has two pencils on it, the shorter pencil is green and the longer one is not.",21,1,21,2,5,3,1,"{'DALLE_3': [2, 2, 2], 'DeepFloyd_I_XL_v1': [4, 4, 3], 'Midjourney_6': [3, 3, 3], 'SDXL_2_1': [2, 2, 2], 'SDXL_Base': [3, 3, 2], 'SDXL_Turbo': [2, 2, 2]}"
980,A metal trash can with a single piece of paper crumpled at the top.,15,1,17,1,5,1,0,"{'DALLE_3': [5, 5, 5], 'DeepFloyd_I_XL_v1': [5, 5, 5], 'Midjourney_6': [5, 5, 5], 'SDXL_2_1': [4, 4, 5], 'SDXL_Base': [3, 3, 2], 'SDXL_Turbo': [4, 4, 3]}"
981,"Three magazines are neatly stacked on the glass coffee table, and an earth design is on the cover of the topmost magazine.",24,1,26,0,9,3,1,"{'DALLE_3': [5, 4, 5], 'DeepFloyd_I_XL_v1': [2, 3, 3], 'Midjourney_6': [4, 3, 3], 'SDXL_2_1': [3, 3, 3], 'SDXL_Base': [2, 2, 2], 'SDXL_Turbo': [3, 2, 2]}"
982,"A pair of sandals left beside the door, with four footprints leading away.",15,1,15,0,4,2,2,"{'DALLE_3': [3, 3, 3], 'DeepFloyd_I_XL_v1': [2, 2, 2], 'Midjourney_6': [3, 3, 3], 'SDXL_2_1': [2, 2, 1], 'SDXL_Base': [3, 3, 3], 'SDXL_Turbo': [2, 2, 2]}"
983,A bamboo cutting board with three slices of fresh bread on top.,13,1,13,1,5,1,0,"{'DALLE_3': [4, 3, 2], 'DeepFloyd_I_XL_v1': [5, 5, 5], 'Midjourney_6': [3, 3, 3], 'SDXL_2_1': [3, 3, 3], 'SDXL_Base': [3, 2, 2], 'SDXL_Turbo': [3, 3, 2]}"
984,A sad sloth sits beside a gray book.,9,1,9,2,3,0,0,"{'DALLE_3': [5, 5, 5], 'DeepFloyd_I_XL_v1': [4, 3, 5], 'Midjourney_6': [5, 5, 5], 'SDXL_2_1': [3, 2, 2], 'SDXL_Base': [4, 3, 3], 'SDXL_Turbo': [4, 4, 5]}"
985,a cream colored labradoodle is on the right of a black cat with white ears.,16,1,17,2,5,2,0,"{'DALLE_3': [4, 3, 3], 'DeepFloyd_I_XL_v1': [3, 2, 2], 'Midjourney_6': [4, 3, 3], 'SDXL_2_1': [3, 2, 2], 'SDXL_Base': [3, 2, 2], 'SDXL_Turbo': [2, 2, 2]}"
986,"Two Ming vases on the table, the larger one is more colorful than the other.",17,1,18,3,2,2,1,"{'DALLE_3': [4, 4, 3], 'DeepFloyd_I_XL_v1': [5, 5, 5], 'Midjourney_6': [4, 4, 3], 'SDXL_2_1': [3, 3, 2], 'SDXL_Base': [4, 4, 3], 'SDXL_Turbo': [2, 2, 2]}"
987,"A table full of dishes includes two plates of rice, two plates of sushi, and a pizza.",20,1,20,2,6,1,0,"{'DALLE_3': [4, 3, 3], 'DeepFloyd_I_XL_v1': [4, 3, 3], 'Midjourney_6': [2, 3, 3], 'SDXL_2_1': [2, 3, 3], 'SDXL_Base': [3, 3, 3], 'SDXL_Turbo': [2, 3, 3]}"
988,A map of the United States spread out on a desk.,12,1,12,0,4,1,0,"{'DALLE_3': [5, 5, 5], 'DeepFloyd_I_XL_v1': [5, 4, 5], 'Midjourney_6': [5, 5, 5], 'SDXL_2_1': [5, 5, 5], 'SDXL_Base': [5, 5, 5], 'SDXL_Turbo': [5, 5, 5]}"
989,a metallic owl statue is holding a small globe of the Earth above its head.,16,1,16,2,5,2,0,"{'DALLE_3': [4, 4, 3], 'DeepFloyd_I_XL_v1': [3, 3, 2], 'Midjourney_6': [2, 3, 2], 'SDXL_2_1': [3, 3, 2], 'SDXL_Base': [3, 3, 2], 'SDXL_Turbo': [3, 2, 2]}"
990,a photograph of the Mona Lisa working out.,9,1,9,0,3,1,0,"{'DALLE_3': [5, 4, 5], 'DeepFloyd_I_XL_v1': [3, 3, 2], 'Midjourney_6': [4, 4, 2], 'SDXL_2_1': [2, 3, 2], 'SDXL_Base': [3, 3, 2], 'SDXL_Turbo': [3, 3, 2]}"
991,the Mona Lisa wearing a blue hat and watching the smartphone.,12,1,12,0,5,2,0,"{'DALLE_3': [4, 2, 4], 'DeepFloyd_I_XL_v1': [3, 3, 3], 'Midjourney_6': [5, 3, 5], 'SDXL_2_1': [2, 2, 2], 'SDXL_Base': [3, 3, 3], 'SDXL_Turbo': [5, 5, 5]}"
992,a young badger delicately sniffing a golden rose.,9,1,11,2,1,2,1,"{'DALLE_3': [5, 5, 5], 'DeepFloyd_I_XL_v1': [5, 5, 5], 'Midjourney_6': [5, 5, 5], 'SDXL_2_1': [4, 3, 3], 'SDXL_Base': [4, 3, 3], 'SDXL_Turbo': [4, 3, 3]}"
993,Brown-and-white and black-and-white guinea pigs are eating fruits.,9,1,17,2,3,2,0,"{'DALLE_3': [3, 3, 5], 'DeepFloyd_I_XL_v1': [5, 5, 5], 'Midjourney_6': [4, 4, 5], 'SDXL_2_1': [3, 4, 5], 'SDXL_Base': [3, 3, 2], 'SDXL_Turbo': [3, 3, 4]}"
994,"The Rosetta Stone lies on the ground, covered with flowers.",12,1,12,0,4,2,0,"{'DALLE_3': [5, 4, 2], 'DeepFloyd_I_XL_v1': [5, 4, 3], 'Midjourney_6': [5, 4, 3], 'SDXL_2_1': [2, 2, 2], 'SDXL_Base': [5, 5, 3], 'SDXL_Turbo': [4, 4, 3]}"
995,a photograph of an armadillo jumping on one leg.,10,1,11,1,3,0,0,"{'DALLE_3': [3, 3, 2], 'DeepFloyd_I_XL_v1': [5, 5, 2], 'Midjourney_6': [3, 3, 2], 'SDXL_2_1': [3, 3, 3], 'SDXL_Base': [5, 5, 5], 'SDXL_Turbo': [5, 4, 5]}"
996,a black robot is painting as graffiti on a black brick wall.,13,1,13,2,4,2,0,"{'DALLE_3': [5, 4, 5], 'DeepFloyd_I_XL_v1': [3, 3, 3], 'Midjourney_6': [4, 4, 3], 'SDXL_2_1': [3, 2, 2], 'SDXL_Base': [5, 5, 3], 'SDXL_Turbo': [4, 4, 3]}"
997,A bear plays ping pong with a red paddle against a panda bear using a blue paddle.,18,1,18,2,5,3,1,"{'DALLE_3': [3, 3, 3], 'DeepFloyd_I_XL_v1': [2, 2, 2], 'Midjourney_6': [3, 4, 3], 'SDXL_2_1': [2, 2, 2], 'SDXL_Base': [3, 2, 2], 'SDXL_Turbo': [3, 4, 3]}"
998,A pig wearing sunglasses and sitting astride a motorcycle.,10,1,11,0,4,1,0,"{'DALLE_3': [5, 5, 5], 'DeepFloyd_I_XL_v1': [5, 5, 5], 'Midjourney_6': [5, 5, 5], 'SDXL_2_1': [5, 3, 4], 'SDXL_Base': [5, 5, 5], 'SDXL_Turbo': [5, 5, 5]}"
999,"Two koalas with beanies and scarves, sipping warm drinks by the campfire.",14,1,16,1,5,1,0,"{'DALLE_3': [5, 5, 5], 'DeepFloyd_I_XL_v1': [5, 5, 3], 'Midjourney_6': [4, 3, 3], 'SDXL_2_1': [3, 3, 2], 'SDXL_Base': [5, 5, 5], 'SDXL_Turbo': [5, 5, 5]}"
1000,"A lion in a majestic suit, ruling over a peaceful animal kingdom meeting with three tigers.",18,1,18,3,5,1,0,"{'DALLE_3': [5, 5, 4], 'DeepFloyd_I_XL_v1': [3, 2, 2], 'Midjourney_6': [5, 5, 5], 'SDXL_2_1': [2, 2, 2], 'SDXL_Base': [4, 3, 3], 'SDXL_Turbo': [5, 3, 3]}"
1001,"Three monkeys in shorts and caps, swinging playfully from tree to tree.",14,1,15,0,4,2,1,"{'DALLE_3': [5, 5, 5], 'DeepFloyd_I_XL_v1': [3, 3, 2], 'Midjourney_6': [5, 5, 5], 'SDXL_2_1': [2, 2, 2], 'SDXL_Base': [5, 4, 5], 'SDXL_Turbo': [3, 3, 2]}"
1002,Four parrots wearing earrings and necklaces perched on a branch.,11,1,12,0,4,2,0,"{'DALLE_3': [4, 4, 5], 'DeepFloyd_I_XL_v1': [2, 2, 2], 'Midjourney_6': [3, 4, 3], 'SDXL_2_1': [3, 3, 2], 'SDXL_Base': [3, 3, 2], 'SDXL_Turbo': [3, 3, 2]}"
1003,"Two pandas in fluffy slippers and bathrobes, lazily munching on bamboo.",13,1,16,1,4,1,1,"{'DALLE_3': [4, 4, 3], 'DeepFloyd_I_XL_v1': [4, 3, 2], 'Midjourney_6': [4, 4, 3], 'SDXL_2_1': [3, 3, 2], 'SDXL_Base': [3, 4, 3], 'SDXL_Turbo': [4, 4, 2]}"
1004,"Two squirrels in tiny jackets, collecting acorns in a bustling city park.",14,1,16,2,5,1,0,"{'DALLE_3': [5, 5, 5], 'DeepFloyd_I_XL_v1': [5, 5, 3], 'Midjourney_6': [5, 4, 4], 'SDXL_2_1': [3, 2, 2], 'SDXL_Base': [5, 5, 4], 'SDXL_Turbo': [3, 3, 3]}"
1005,"Two deers with glittering necklaces, gracefully walk through a misty forest.",13,1,16,1,3,2,1,"{'DALLE_3': [3, 3, 3], 'DeepFloyd_I_XL_v1': [3, 3, 3], 'Midjourney_6': [5, 5, 5], 'SDXL_2_1': [2, 2, 2], 'SDXL_Base': [4, 3, 3], 'SDXL_Turbo': [3, 3, 3]}"
1006,Three turtles in sandals slowly strolling along a sandy beach at sunset.,13,1,13,1,4,1,1,"{'DALLE_3': [3, 3, 3], 'DeepFloyd_I_XL_v1': [3, 3, 3], 'Midjourney_6': [3, 3, 3], 'SDXL_2_1': [2, 2, 2], 'SDXL_Base': [2, 2, 2], 'SDXL_Turbo': [2, 2, 2]}"
1007,A kangaroo in sporty t-shirts and shorts.,8,1,10,1,3,0,0,"{'DALLE_3': [5, 5, 5], 'DeepFloyd_I_XL_v1': [5, 5, 3], 'Midjourney_6': [5, 5, 5], 'SDXL_2_1': [1, 1, 1], 'SDXL_Base': [5, 4, 5], 'SDXL_Turbo': [3, 3, 2]}"
1008,Two sheep wearing cozy scarves and mittens knitting in the warm autumn sun.,14,1,15,2,5,2,0,"{'DALLE_3': [5, 5, 5], 'DeepFloyd_I_XL_v1': [5, 4, 3], 'Midjourney_6': [4, 4, 3], 'SDXL_2_1': [3, 3, 3], 'SDXL_Base': [3, 3, 3], 'SDXL_Turbo': [4, 3, 3]}"
1009,"A sleek, metallic mouse gliding smoothly across a wooden desk.",12,1,13,3,2,1,1,"{'DALLE_3': [5, 5, 3], 'DeepFloyd_I_XL_v1': [5, 5, 3], 'Midjourney_6': [5, 5, 3], 'SDXL_2_1': [5, 5, 3], 'SDXL_Base': [5, 5, 3], 'SDXL_Turbo': [5, 5, 3]}"
1010,"Sunlight filtering through the linen curtains, casting a warm glow on the ceramic coffee mug.",17,1,17,2,6,2,0,"{'DALLE_3': [5, 5, 5], 'DeepFloyd_I_XL_v1': [5, 5, 5], 'Midjourney_6': [5, 5, 5], 'SDXL_2_1': [4, 3, 5], 'SDXL_Base': [5, 5, 5], 'SDXL_Turbo': [5, 5, 5]}"
1011,"A leather couch positioned invitingly in front of a large, glass television screen.",15,1,16,2,5,1,1,"{'DALLE_3': [5, 5, 5], 'DeepFloyd_I_XL_v1': [4, 4, 5], 'Midjourney_6': [4, 4, 3], 'SDXL_2_1': [5, 4, 3], 'SDXL_Base': [3, 3, 2], 'SDXL_Turbo': [5, 5, 5]}"
1012,"The soft, woolen blanket draped over a plush, velvet couch.",13,1,14,2,4,1,0,"{'DALLE_3': [5, 5, 5], 'DeepFloyd_I_XL_v1': [5, 5, 5], 'Midjourney_6': [5, 5, 5], 'SDXL_2_1': [5, 3, 3], 'SDXL_Base': [4, 3, 3], 'SDXL_Turbo': [5, 3, 3]}"
1013,"A robust, steel ladder leaning against the rough, concrete wall of a modern house.",17,1,17,4,4,1,0,"{'DALLE_3': [5, 5, 5], 'DeepFloyd_I_XL_v1': [5, 5, 3], 'Midjourney_6': [5, 5, 5], 'SDXL_2_1': [5, 5, 5], 'SDXL_Base': [5, 4, 4], 'SDXL_Turbo': [5, 5, 3]}"
1014,"Glistening, silver utensils neatly arranged beside a porcelain plate on a granite countertop.",15,1,19,1,5,2,1,"{'DALLE_3': [4, 3, 2], 'DeepFloyd_I_XL_v1': [5, 5, 5], 'Midjourney_6': [5, 5, 4], 'SDXL_2_1': [3, 3, 3], 'SDXL_Base': [3, 2, 3], 'SDXL_Turbo': [3, 3, 2]}"
1015,"A vintage, brass lamp illuminating a stack of hardcover books on a wooden nightstand.",16,1,17,1,7,1,0,"{'DALLE_3': [5, 5, 3], 'DeepFloyd_I_XL_v1': [5, 4, 3], 'Midjourney_6': [5, 5, 5], 'SDXL_2_1': [5, 5, 2], 'SDXL_Base': [3, 3, 3], 'SDXL_Turbo': [4, 4, 5]}"
1016,"A copper kettle sits next to a glass jar filled with fresh, green tea leaves.",17,1,17,3,6,2,0,"{'DALLE_3': [5, 4, 5], 'DeepFloyd_I_XL_v1': [5, 5, 5], 'Midjourney_6': [5, 3, 3], 'SDXL_2_1': [5, 4, 3], 'SDXL_Base': [3, 3, 3], 'SDXL_Turbo': [2, 2, 2]}"
1017,A denim backpack hanging on the back of a wooden chair.,12,1,12,2,3,1,0,"{'DALLE_3': [3, 3, 2], 'DeepFloyd_I_XL_v1': [3, 3, 2], 'Midjourney_6': [3, 3, 2], 'SDXL_2_1': [3, 3, 2], 'SDXL_Base': [3, 3, 2], 'SDXL_Turbo': [3, 3, 2]}"
1018,"A soft, cotton shirt drying on a silk line in the gentle breeze of a sunny backyard.",19,1,19,3,6,1,0,"{'DALLE_3': [5, 5, 4], 'DeepFloyd_I_XL_v1': [5, 4, 4], 'Midjourney_6': [5, 5, 5], 'SDXL_2_1': [5, 4, 4], 'SDXL_Base': [5, 5, 5], 'SDXL_Turbo': [3, 3, 3]}"
1019,"Velvet gloves resting on the polished, wooden surface of a grand piano.",14,1,14,2,3,3,0,"{'DALLE_3': [5, 5, 5], 'DeepFloyd_I_XL_v1': [3, 3, 2], 'Midjourney_6': [5, 5, 5], 'SDXL_2_1': [5, 5, 5], 'SDXL_Base': [5, 5, 5], 'SDXL_Turbo': [5, 4, 5]}"
1020,"A shiny, ceramic vase holding a bouquet of wildflowers on a wooden dining table.",16,1,16,3,5,1,0,"{'DALLE_3': [3, 3, 3], 'DeepFloyd_I_XL_v1': [3, 3, 3], 'Midjourney_6': [5, 5, 5], 'SDXL_2_1': [3, 3, 3], 'SDXL_Base': [5, 5, 5], 'SDXL_Turbo': [5, 5, 5]}"
1021,"A leather-bound notebook lying on a linen tablecloth, accompanied by a brass pen.",15,1,19,1,5,2,0,"{'DALLE_3': [4, 4, 4], 'DeepFloyd_I_XL_v1': [5, 5, 3], 'Midjourney_6': [4, 3, 4], 'SDXL_2_1': [5, 5, 5], 'SDXL_Base': [3, 3, 3], 'SDXL_Turbo': [4, 2, 3]}"
1022,"The morning light reflecting off the smooth, granite surface of a kitchen island.",15,1,15,2,5,1,0,"{'DALLE_3': [5, 5, 5], 'DeepFloyd_I_XL_v1': [5, 5, 5], 'Midjourney_6': [5, 5, 5], 'SDXL_2_1': [5, 5, 5], 'SDXL_Base': [5, 5, 5], 'SDXL_Turbo': [5, 5, 5]}"
1023,"A wooden dresser adorned with brass handles, filled with soft, linen clothes.",15,1,15,3,4,2,0,"{'DALLE_3': [4, 3, 3], 'DeepFloyd_I_XL_v1': [4, 3, 3], 'Midjourney_6': [4, 3, 3], 'SDXL_2_1': [5, 5, 3], 'SDXL_Base': [4, 3, 3], 'SDXL_Turbo': [4, 3, 3]}"
1024,A glass blender filled with vibrant fruits.,8,1,8,1,3,1,0,"{'DALLE_3': [5, 5, 3], 'DeepFloyd_I_XL_v1': [5, 5, 5], 'Midjourney_6': [5, 5, 3], 'SDXL_2_1': [4, 3, 3], 'SDXL_Base': [5, 5, 5], 'SDXL_Turbo': [5, 5, 5]}"
1025,"A soft, woolen hat sitting atop a rustic, wooden coat rack by the door.",17,1,18,3,3,1,0,"{'DALLE_3': [5, 5, 5], 'DeepFloyd_I_XL_v1': [5, 5, 3], 'Midjourney_6': [5, 5, 5], 'SDXL_2_1': [5, 5, 5], 'SDXL_Base': [4, 4, 3], 'SDXL_Turbo': [4, 5, 5]}"
1026,"A smooth, ceramic plate holding a freshly baked croissant, beside a glass cup of steaming coffee.",19,1,19,2,5,3,1,"{'DALLE_3': [5, 5, 5], 'DeepFloyd_I_XL_v1': [5, 4, 4], 'Midjourney_6': [5, 5, 5], 'SDXL_2_1': [5, 4, 4], 'SDXL_Base': [4, 4, 5], 'SDXL_Turbo': [4, 4, 3]}"
1027,A bronze statue of a dancer is positioned on a marble pedestal in the garden.,16,1,17,2,4,2,0,"{'DALLE_3': [5, 5, 5], 'DeepFloyd_I_XL_v1': [5, 4, 5], 'Midjourney_6': [5, 5, 5], 'SDXL_2_1': [5, 5, 5], 'SDXL_Base': [5, 5, 5], 'SDXL_Turbo': [5, 5, 5]}"
1028,"Raindrops sliding off the smooth, rubber surface of a brightly colored umbrella.",14,1,15,0,4,3,1,"{'DALLE_3': [5, 5, 3], 'DeepFloyd_I_XL_v1': [3, 3, 2], 'Midjourney_6': [5, 5, 3], 'SDXL_2_1': [2, 2, 2], 'SDXL_Base': [4, 3, 2], 'SDXL_Turbo': [5, 4, 2]}"
1029,"The morning sun casts shadows through the leaves of a potted, green fern on a wooden windowsill.",19,1,21,3,6,1,0,"{'DALLE_3': [5, 5, 5], 'DeepFloyd_I_XL_v1': [5, 5, 4], 'Midjourney_6': [5, 5, 5], 'SDXL_2_1': [5, 5, 5], 'SDXL_Base': [5, 5, 5], 'SDXL_Turbo': [5, 4, 3]}"
1030,"A pair of shiny, leather shoes neatly placed beside the soft, woolen rug at the entrance.",19,1,21,2,6,1,1,"{'DALLE_3': [4, 3, 3], 'DeepFloyd_I_XL_v1': [5, 4, 4], 'Midjourney_6': [4, 4, 4], 'SDXL_2_1': [4, 3, 3], 'SDXL_Base': [3, 2, 2], 'SDXL_Turbo': [3, 2, 2]}"
1031,"A sparkling glass chandelier is hanging above the polished, wooden dining table set.",15,1,15,3,5,2,0,"{'DALLE_3': [5, 5, 5], 'DeepFloyd_I_XL_v1': [5, 5, 5], 'Midjourney_6': [5, 5, 5], 'SDXL_2_1': [5, 5, 5], 'SDXL_Base': [5, 3, 2], 'SDXL_Turbo': [5, 5, 3]}"
1032,"A soft, velvet pillow perched on a hard, leather armchair.",13,1,13,3,2,1,1,"{'DALLE_3': [5, 5, 5], 'DeepFloyd_I_XL_v1': [5, 5, 5], 'Midjourney_6': [5, 5, 5], 'SDXL_2_1': [5, 3, 5], 'SDXL_Base': [2, 2, 3], 'SDXL_Turbo': [3, 5, 3]}"
1033,A glass bottle of vintage wine resting on a metallic rack in the dim light of the cellar.,19,1,19,1,8,1,0,"{'DALLE_3': [5, 5, 5], 'DeepFloyd_I_XL_v1': [3, 3, 2], 'Midjourney_6': [2, 2, 3], 'SDXL_2_1': [3, 3, 2], 'SDXL_Base': [3, 3, 3], 'SDXL_Turbo': [5, 5, 5]}"
1034,A cotton canvas bag is lying on a wooden kitchen counter.,12,1,12,1,5,2,0,"{'DALLE_3': [5, 5, 5], 'DeepFloyd_I_XL_v1': [5, 5, 5], 'Midjourney_6': [5, 5, 5], 'SDXL_2_1': [5, 5, 5], 'SDXL_Base': [5, 5, 5], 'SDXL_Turbo': [5, 5, 5]}"
1035,"A pair of gold earrings resting on a velvet cloth inside a polished, wooden jewelry box.",18,1,18,3,6,1,0,"{'DALLE_3': [5, 5, 5], 'DeepFloyd_I_XL_v1': [4, 4, 5], 'Midjourney_6': [5, 5, 3], 'SDXL_2_1': [5, 5, 3], 'SDXL_Base': [5, 5, 5], 'SDXL_Turbo': [5, 5, 5]}"
1036,"A metallic toaster reflecting the morning light, beside a ceramic jar of jam.",15,1,15,2,5,1,0,"{'DALLE_3': [5, 4, 3], 'DeepFloyd_I_XL_v1': [4, 3, 3], 'Midjourney_6': [5, 4, 3], 'SDXL_2_1': [5, 3, 2], 'SDXL_Base': [5, 4, 3], 'SDXL_Turbo': [3, 3, 3]}"
1037,Four paper lanterns.,4,1,4,0,2,0,0,"{'DALLE_3': [3, 3, 2], 'DeepFloyd_I_XL_v1': [3, 3, 2], 'Midjourney_6': [5, 5, 5], 'SDXL_2_1': [3, 3, 2], 'SDXL_Base': [3, 3, 2], 'SDXL_Turbo': [3, 3, 2]}"
1038,"A stone pathway leading through a lush garden, lined with bronze sculptures and marble benches.",17,1,17,2,6,2,0,"{'DALLE_3': [5, 4, 3], 'DeepFloyd_I_XL_v1': [5, 3, 3], 'Midjourney_6': [5, 5, 3], 'SDXL_2_1': [3, 3, 3], 'SDXL_Base': [5, 3, 3], 'SDXL_Turbo': [4, 3, 3]}"
1039,"A leather wallet, containing a brass key and a handful of copper coins, lying on a denim jacket.",21,1,21,0,9,2,0,"{'DALLE_3': [5, 5, 4], 'DeepFloyd_I_XL_v1': [3, 3, 2], 'Midjourney_6': [5, 5, 3], 'SDXL_2_1': [3, 3, 2], 'SDXL_Base': [3, 3, 2], 'SDXL_Turbo': [2, 2, 1]}"
1040,A silk scarf draped over a marble statue in the foyer.,12,1,12,1,4,1,0,"{'DALLE_3': [5, 5, 5], 'DeepFloyd_I_XL_v1': [5, 5, 5], 'Midjourney_6': [5, 5, 5], 'SDXL_2_1': [5, 5, 5], 'SDXL_Base': [3, 3, 2], 'SDXL_Turbo': [3, 3, 2]}"
1041,A rubber-soled shoe stepping onto the smooth surface of a skateboard.,12,1,15,2,3,1,0,"{'DALLE_3': [5, 5, 5], 'DeepFloyd_I_XL_v1': [5, 5, 5], 'Midjourney_6': [5, 5, 2], 'SDXL_2_1': [2, 2, 2], 'SDXL_Base': [3, 3, 3], 'SDXL_Turbo': [5, 5, 5]}"
1042,"A woolen sweater drying on a wooden rack in the sun, next to a linen shirt and denim jeans.",21,1,22,4,6,1,0,"{'DALLE_3': [5, 5, 4], 'DeepFloyd_I_XL_v1': [3, 3, 2], 'Midjourney_6': [3, 3, 3], 'SDXL_2_1': [2, 2, 2], 'SDXL_Base': [3, 3, 3], 'SDXL_Turbo': [2, 2, 2]}"
1043,"A pair of sunglasses with shiny, metallic frames sitting on a glass table by the pool.",18,1,18,1,7,1,0,"{'DALLE_3': [5, 5, 5], 'DeepFloyd_I_XL_v1': [5, 5, 5], 'Midjourney_6': [5, 5, 3], 'SDXL_2_1': [3, 3, 2], 'SDXL_Base': [5, 5, 3], 'SDXL_Turbo': [5, 5, 5]}"
1044,"A soft, fabric teddy bear sitting on a child's wooden chair, under the warm glow of a brass lamp.",23,1,23,5,6,1,0,"{'DALLE_3': [5, 5, 5], 'DeepFloyd_I_XL_v1': [4, 3, 3], 'Midjourney_6': [4, 3, 3], 'SDXL_2_1': [3, 3, 3], 'SDXL_Base': [5, 5, 5], 'SDXL_Turbo': [5, 4, 5]}"
1045,"A sleepy kitten curls up on a soft cotton pillow, basking in the sunshine.",16,1,16,1,5,2,0,"{'DALLE_3': [5, 5, 5], 'DeepFloyd_I_XL_v1': [5, 4, 5], 'Midjourney_6': [5, 4, 5], 'SDXL_2_1': [5, 5, 3], 'SDXL_Base': [5, 5, 5], 'SDXL_Turbo': [5, 4, 3]}"
1046,"A leather-bound journal resting on the desk, its pages filled with sketches of birds.",16,1,18,1,6,1,0,"{'DALLE_3': [4, 3, 3], 'DeepFloyd_I_XL_v1': [5, 5, 3], 'Midjourney_6': [4, 3, 3], 'SDXL_2_1': [4, 3, 3], 'SDXL_Base': [5, 5, 3], 'SDXL_Turbo': [4, 5, 3]}"
1047,The golden light of dawn casts shadows across a woolen rug where a loyal dog patiently waits for its owner.,21,1,22,2,7,2,1,"{'DALLE_3': [5, 5, 5], 'DeepFloyd_I_XL_v1': [3, 3, 3], 'Midjourney_6': [5, 5, 5], 'SDXL_2_1': [4, 3, 3], 'SDXL_Base': [5, 5, 5], 'SDXL_Turbo': [5, 5, 3]}"
1048,A silver necklace gleaming beside a glass bowl filled with colorful fish.,13,1,14,2,4,2,0,"{'DALLE_3': [5, 5, 5], 'DeepFloyd_I_XL_v1': [5, 5, 3], 'Midjourney_6': [4, 3, 3], 'SDXL_2_1': [3, 3, 3], 'SDXL_Base': [4, 3, 3], 'SDXL_Turbo': [3, 3, 3]}"
1049,"A group of children in denim jeans plays catch with a frisbee in the park, under the watchful eye of a vigilant parent.",25,1,26,2,9,1,0,"{'DALLE_3': [4, 4, 3], 'DeepFloyd_I_XL_v1': [3, 3, 3], 'Midjourney_6': [3, 3, 2], 'SDXL_2_1': [3, 3, 2], 'SDXL_Base': [3, 3, 3], 'SDXL_Turbo': [2, 2, 2]}"
1050,"A smooth, ceramic pot housing a vibrant plant, guarded by a small, terracotta rabbit on the kitchen counter.",22,1,22,4,7,1,0,"{'DALLE_3': [5, 5, 5], 'DeepFloyd_I_XL_v1': [3, 4, 5], 'Midjourney_6': [5, 5, 5], 'SDXL_2_1': [2, 2, 3], 'SDXL_Base': [2, 3, 2], 'SDXL_Turbo': [3, 3, 2]}"
1051,A bronze statue of a horse in the town square.,11,1,11,1,4,0,0,"{'DALLE_3': [5, 5, 5], 'DeepFloyd_I_XL_v1': [5, 5, 5], 'Midjourney_6': [5, 4, 5], 'SDXL_2_1': [5, 5, 5], 'SDXL_Base': [5, 5, 5], 'SDXL_Turbo': [5, 5, 5]}"
1052,A wooden bookshelf filled with leather-spined classics.,8,1,11,2,2,1,0,"{'DALLE_3': [5, 5, 5], 'DeepFloyd_I_XL_v1': [5, 5, 5], 'Midjourney_6': [5, 5, 5], 'SDXL_2_1': [5, 5, 5], 'SDXL_Base': [5, 5, 5], 'SDXL_Turbo': [5, 5, 5]}"
1053,"In the garden, a man watches a family of ducks waddle past a rough-textured granite bench.",18,1,21,1,6,2,0,"{'DALLE_3': [4, 3, 2], 'DeepFloyd_I_XL_v1': [4, 4, 3], 'Midjourney_6': [3, 3, 2], 'SDXL_2_1': [2, 2, 2], 'SDXL_Base': [2, 2, 2], 'SDXL_Turbo': [3, 3, 2]}"
1054,"A glass terrarium on a wooden desk provides a home for a tiny, green lizard, curiously observed by a group of students.",25,1,27,3,7,2,1,"{'DALLE_3': [5, 5, 5], 'DeepFloyd_I_XL_v1': [4, 4, 3], 'Midjourney_6': [3, 3, 2], 'SDXL_2_1': [2, 2, 2], 'SDXL_Base': [2, 3, 2], 'SDXL_Turbo': [2, 2, 2]}"
1055,"A polished, copper kettle steams on the stove, catching the attention of a curious cat perched on a nearby chair.",23,1,24,4,6,2,0,"{'DALLE_3': [5, 4, 3], 'DeepFloyd_I_XL_v1': [2, 2, 2], 'Midjourney_6': [3, 4, 3], 'SDXL_2_1': [3, 3, 2], 'SDXL_Base': [2, 2, 2], 'SDXL_Turbo': [3, 3, 3]}"
1056,A leather saddle resting on the back of a horse.,11,1,11,0,4,1,0,"{'DALLE_3': [5, 5, 5], 'DeepFloyd_I_XL_v1': [5, 5, 5], 'Midjourney_6': [5, 5, 5], 'SDXL_2_1': [5, 5, 5], 'SDXL_Base': [5, 5, 5], 'SDXL_Turbo': [5, 5, 5]}"
1057,A ceramic bowl filled with water sits next to a steel door that leads to the garden.,18,1,18,1,6,2,0,"{'DALLE_3': [4, 4, 4], 'DeepFloyd_I_XL_v1': [5, 5, 5], 'Midjourney_6': [5, 5, 3], 'SDXL_2_1': [3, 3, 4], 'SDXL_Base': [3, 3, 4], 'SDXL_Turbo': [4, 3, 4]}"
1058,"A group of firefighters taking a break, sitting on concrete steps.",13,1,13,1,4,2,0,"{'DALLE_3': [5, 5, 5], 'DeepFloyd_I_XL_v1': [5, 5, 5], 'Midjourney_6': [5, 5, 5], 'SDXL_2_1': [5, 5, 5], 'SDXL_Base': [5, 5, 5], 'SDXL_Turbo': [5, 5, 5]}"
1059,An oil painting of a majestic lion hanging above the fireplace.,12,1,12,1,4,1,0,"{'DALLE_3': [5, 5, 5], 'DeepFloyd_I_XL_v1': [5, 5, 5], 'Midjourney_6': [5, 5, 5], 'SDXL_2_1': [3, 3, 2], 'SDXL_Base': [3, 3, 3], 'SDXL_Turbo': [4, 4, 3]}"
1060," A marble countertop in the bakery, where a chocolate cake awaits decoration, is observed by a curious mouse. ",21,1,22,2,7,2,0,"{'DALLE_3': [5, 5, 5], 'DeepFloyd_I_XL_v1': [4, 3, 3], 'Midjourney_6': [4, 4, 3], 'SDXL_2_1': [3, 3, 2], 'SDXL_Base': [3, 2, 2], 'SDXL_Turbo': [3, 3, 2]}"
1061,"A smooth, ceramic mug of coffee sits on the bedside table, next to a sleeping cat curled up in a linen blanket.",25,1,25,3,8,2,0,"{'DALLE_3': [3, 3, 2], 'DeepFloyd_I_XL_v1': [4, 3, 3], 'Midjourney_6': [4, 3, 2], 'SDXL_2_1': [4, 3, 2], 'SDXL_Base': [5, 5, 3], 'SDXL_Turbo': [4, 3, 2]}"
1062,A group of sheep grazing peacefully in the field beneath the steel gray sky.,15,1,15,2,4,2,1,"{'DALLE_3': [5, 5, 5], 'DeepFloyd_I_XL_v1': [5, 5, 5], 'Midjourney_6': [5, 5, 5], 'SDXL_2_1': [4, 4, 3], 'SDXL_Base': [4, 4, 3], 'SDXL_Turbo': [5, 4, 3]}"
1063,"A soft coat was draped over the back of a wooden chair, and a frog sang from the seat.",21,1,21,2,6,2,0,"{'DALLE_3': [5, 5, 5], 'DeepFloyd_I_XL_v1': [3, 3, 2], 'Midjourney_6': [4, 3, 3], 'SDXL_2_1': [2, 2, 1], 'SDXL_Base': [3, 2, 2], 'SDXL_Turbo': [3, 3, 2]}"
1064, A curious child picks up a lost wallet in a park and spots a suspicious squirrel scurrying away from the scene.,22,1,23,3,5,3,1,"{'DALLE_3': [4, 4, 3], 'DeepFloyd_I_XL_v1': [4, 4, 3], 'Midjourney_6': [4, 4, 3], 'SDXL_2_1': [2, 2, 2], 'SDXL_Base': [3, 3, 3], 'SDXL_Turbo': [2, 2, 2]}"
1065, A colorful parrot flies out of an open window with a silk-textured scarf in its beak.,17,1,19,3,4,1,0,"{'DALLE_3': [5, 5, 2], 'DeepFloyd_I_XL_v1': [2, 2, 2], 'Midjourney_6': [3, 3, 3], 'SDXL_2_1': [3, 2, 2], 'SDXL_Base': [3, 2, 2], 'SDXL_Turbo': [4, 3, 2]}"
1066, A panda in red socks comforts a disappointed student.,10,1,10,2,3,1,0,"{'DALLE_3': [5, 5, 5], 'DeepFloyd_I_XL_v1': [3, 3, 2], 'Midjourney_6': [3, 3, 3], 'SDXL_2_1': [4, 3, 3], 'SDXL_Base': [2, 2, 2], 'SDXL_Turbo': [3, 2, 2]}"
1067," A dog chases a mouse from behind, and the mouse hits a round table leg.",17,1,17,0,6,2,0,"{'DALLE_3': [4, 3, 3], 'DeepFloyd_I_XL_v1': [2, 3, 2], 'Midjourney_6': [3, 3, 3], 'SDXL_2_1': [2, 2, 2], 'SDXL_Base': [2, 2, 2], 'SDXL_Turbo': [2, 2, 2]}"
1068,A woolen hat left on a park bench under the moonlight.,12,1,13,0,5,1,0,"{'DALLE_3': [5, 5, 5], 'DeepFloyd_I_XL_v1': [5, 4, 5], 'Midjourney_6': [5, 5, 4], 'SDXL_2_1': [5, 4, 4], 'SDXL_Base': [5, 5, 5], 'SDXL_Turbo': [5, 5, 5]}"
1069,A girl with a star necklace holds an earth-colored lizard in her hand.,14,1,16,1,5,1,0,"{'DALLE_3': [5, 5, 5], 'DeepFloyd_I_XL_v1': [3, 3, 2], 'Midjourney_6': [5, 5, 5], 'SDXL_2_1': [2, 2, 1], 'SDXL_Base': [4, 3, 2], 'SDXL_Turbo': [3, 3, 3]}"
1070,A kangaroo lifts a terrified turkey over its head.,10,1,10,1,3,1,0,"{'DALLE_3': [5, 4, 4], 'DeepFloyd_I_XL_v1': [3, 2, 2], 'Midjourney_6': [4, 3, 3], 'SDXL_2_1': [2, 2, 1], 'SDXL_Base': [3, 3, 3], 'SDXL_Turbo': [3, 3, 2]}"
1071,A cat in jeans and a t-shirt lounging on a sunny window sill.,14,1,16,2,5,0,0,"{'DALLE_3': [5, 4, 5], 'DeepFloyd_I_XL_v1': [3, 3, 3], 'Midjourney_6': [4, 4, 3], 'SDXL_2_1': [4, 2, 2], 'SDXL_Base': [3, 3, 2], 'SDXL_Turbo': [3, 2, 2]}"
1072,A bear wearing a sweater and reading a book by the fireplace.,13,1,13,1,3,2,0,"{'DALLE_3': [5, 4, 3], 'DeepFloyd_I_XL_v1': [5, 3, 5], 'Midjourney_6': [5, 5, 5], 'SDXL_2_1': [4, 2, 3], 'SDXL_Base': [4, 3, 3], 'SDXL_Turbo': [5, 4, 5]}"
1073,"A horse dressed in a suit and tie, presenting at a business conference.",15,1,15,0,5,2,0,"{'DALLE_3': [5, 4, 5], 'DeepFloyd_I_XL_v1': [1, 2, 2], 'Midjourney_6': [3, 3, 3], 'SDXL_2_1': [2, 2, 2], 'SDXL_Base': [2, 3, 2], 'SDXL_Turbo': [2, 3, 2]}"
1074,A fox in a sleek red jacket is darting through the snowy woods.,14,1,15,2,4,2,0,"{'DALLE_3': [5, 4, 5], 'DeepFloyd_I_XL_v1': [5, 3, 4], 'Midjourney_6': [5, 4, 5], 'SDXL_2_1': [1, 2, 1], 'SDXL_Base': [3, 3, 2], 'SDXL_Turbo': [3, 3, 2]}"
1075,A rabbit in a fluffy dress is hopping through a garden of flowers.,14,1,14,1,4,2,0,"{'DALLE_3': [4, 3, 4], 'DeepFloyd_I_XL_v1': [2, 2, 1], 'Midjourney_6': [5, 4, 5], 'SDXL_2_1': [5, 3, 5], 'SDXL_Base': [5, 4, 5], 'SDXL_Turbo': [5, 4, 5]}"
1076,"A dog wearing sneakers and a hoodie, skateboarding down the street.",13,1,13,0,4,2,0,"{'DALLE_3': [5, 4, 5], 'DeepFloyd_I_XL_v1': [5, 3, 3], 'Midjourney_6': [3, 3, 3], 'SDXL_2_1': [3, 3, 2], 'SDXL_Base': [3, 3, 3], 'SDXL_Turbo': [3, 3, 3]}"
1077,An elephant with a colorful scarf and a beanie painting on a large canvas.,15,1,15,2,5,0,0,"{'DALLE_3': [5, 4, 5], 'DeepFloyd_I_XL_v1': [2, 2, 2], 'Midjourney_6': [3, 3, 3], 'SDXL_2_1': [2, 2, 2], 'SDXL_Base': [2, 2, 2], 'SDXL_Turbo': [3, 3, 3]}"
1078,A giraffe in a long coat gazing at the stars through a telescope.,14,1,14,1,5,0,0,"{'DALLE_3': [5, 4, 5], 'DeepFloyd_I_XL_v1': [3, 2, 3], 'Midjourney_6': [5, 4, 3], 'SDXL_2_1': [2, 2, 2], 'SDXL_Base': [3, 3, 2], 'SDXL_Turbo': [2, 2, 1]}"
1079,"A happy girl holds a balloon, with a curious cat peering up beside her feet.",17,1,18,2,4,2,0,"{'DALLE_3': [5, 4, 5], 'DeepFloyd_I_XL_v1': [4, 3, 2], 'Midjourney_6': [5, 4, 5], 'SDXL_2_1': [2, 2, 2], 'SDXL_Base': [5, 4, 5], 'SDXL_Turbo': [3, 3, 2]}"
1080,"An anxious boy peers out of the window on a stormy day, with his loyal dog waiting to his right.",22,1,22,3,6,1,0,"{'DALLE_3': [3, 3, 3], 'DeepFloyd_I_XL_v1': [3, 3, 3], 'Midjourney_6': [5, 4, 5], 'SDXL_2_1': [2, 2, 2], 'SDXL_Base': [5, 4, 5], 'SDXL_Turbo': [2, 2, 1]}"
1081,"A proud teacher standing in front of a classroom, with drawings of animals like lions and tigers on the wall behind her.",24,1,24,1,8,1,0,"{'DALLE_3': [5, 4, 5], 'DeepFloyd_I_XL_v1': [5, 5, 5], 'Midjourney_6': [5, 5, 5], 'SDXL_2_1': [4, 4, 4], 'SDXL_Base': [5, 5, 5], 'SDXL_Turbo': [3, 3, 3]}"
1082,A relieved parent watching their child take their first steps towards a gentle rabbit.,15,1,15,3,4,2,0,"{'DALLE_3': [3, 3, 4], 'DeepFloyd_I_XL_v1': [5, 4, 5], 'Midjourney_6': [2, 3, 2], 'SDXL_2_1': [2, 2, 2], 'SDXL_Base': [5, 4, 5], 'SDXL_Turbo': [2, 3, 2]}"
1083,A bored squirrel looking out from its tree hole at a group of excited children playing below.,18,1,18,3,5,2,0,"{'DALLE_3': [5, 4, 5], 'DeepFloyd_I_XL_v1': [2, 3, 2], 'Midjourney_6': [4, 3, 2], 'SDXL_2_1': [3, 2, 2], 'SDXL_Base': [3, 2, 2], 'SDXL_Turbo': [3, 2, 2]}"
1084,"A surprised woman finding a mouse hiding in her cupboard, next to a cheese block.",17,1,17,3,5,1,0,"{'DALLE_3': [5, 5, 5], 'DeepFloyd_I_XL_v1': [3, 3, 4], 'Midjourney_6': [3, 3, 4], 'SDXL_2_1': [2, 2, 2], 'SDXL_Base': [2, 3, 3], 'SDXL_Turbo': [3, 2, 2]}"
1085,An angry cat hitting a nervous dog who accidentally stepped on its tail.,14,1,14,2,3,2,1,"{'DALLE_3': [5, 4, 4], 'DeepFloyd_I_XL_v1': [3, 2, 3], 'Midjourney_6': [3, 3, 2], 'SDXL_2_1': [2, 2, 2], 'SDXL_Base': [3, 2, 2], 'SDXL_Turbo': [2, 2, 2]}"
1086,"A firefighter, covered in soot, looking tired but hopeful after rescuing a scared kitten from a tree.",20,1,21,2,4,4,0,"{'DALLE_3': [5, 4, 5], 'DeepFloyd_I_XL_v1': [5, 3, 5], 'Midjourney_6': [5, 4, 5], 'SDXL_2_1': [4, 3, 2], 'SDXL_Base': [5, 4, 4], 'SDXL_Turbo': [5, 3, 3]}"
1087,A doctor comforting a worried child with a teddy bear.,11,1,11,2,3,1,0,"{'DALLE_3': [5, 5, 5], 'DeepFloyd_I_XL_v1': [4, 3, 2], 'Midjourney_6': [3, 3, 2], 'SDXL_2_1': [3, 2, 2], 'SDXL_Base': [2, 2, 2], 'SDXL_Turbo': [3, 3, 2]}"
1088,A curious monkey watching a group of tourists with an excited child pointing back at it.,17,1,17,2,4,2,1,"{'DALLE_3': [5, 3, 5], 'DeepFloyd_I_XL_v1': [4, 2, 3], 'Midjourney_6': [3, 2, 5], 'SDXL_2_1': [4, 3, 3], 'SDXL_Base': [2, 2, 3], 'SDXL_Turbo': [3, 2, 3]}"
1089,"A disappointed artist staring at a blank canvas, with a curious parrot perched on his head.",18,1,18,3,4,2,0,"{'DALLE_3': [4, 3, 3], 'DeepFloyd_I_XL_v1': [4, 3, 2], 'Midjourney_6': [4, 3, 3], 'SDXL_2_1': [2, 2, 1], 'SDXL_Base': [3, 3, 3], 'SDXL_Turbo': [2, 2, 1]}"
1090,An embarrassed owl caught in the act of stealing a hat from a scarecrow.,15,1,15,1,5,1,0,"{'DALLE_3': [4, 3, 3], 'DeepFloyd_I_XL_v1': [2, 2, 2], 'Midjourney_6': [5, 4, 3], 'SDXL_2_1': [2, 2, 2], 'SDXL_Base': [2, 2, 2], 'SDXL_Turbo': [2, 2, 2]}"
1091,"A frustrated fisherman sitting beside a peaceful lake, with a happy fish jumping in the background.",18,1,18,3,5,1,0,"{'DALLE_3': [3, 3, 3], 'DeepFloyd_I_XL_v1': [4, 2, 2], 'Midjourney_6': [5, 3, 3], 'SDXL_2_1': [3, 2, 2], 'SDXL_Base': [4, 3, 3], 'SDXL_Turbo': [4, 2, 2]}"
1092,An anxious deer watching from the bushes as a group of hikers passes by.,15,1,15,1,5,1,0,"{'DALLE_3': [4, 3, 3], 'DeepFloyd_I_XL_v1': [3, 2, 2], 'Midjourney_6': [3, 3, 4], 'SDXL_2_1': [3, 2, 2], 'SDXL_Base': [3, 2, 2], 'SDXL_Turbo': [3, 2, 2]}"
1093,A calm turtle sitting on a log.,8,1,8,1,2,1,0,"{'DALLE_3': [5, 4, 5], 'DeepFloyd_I_XL_v1': [5, 3, 5], 'Midjourney_6': [5, 4, 5], 'SDXL_2_1': [5, 3, 5], 'SDXL_Base': [5, 4, 5], 'SDXL_Turbo': [4, 3, 3]}"
1094,"A bored lion yawning under the shade of a tree, with a nervous zebra watching from a distance.",20,1,21,2,5,2,0,"{'DALLE_3': [3, 3, 2], 'DeepFloyd_I_XL_v1': [3, 3, 2], 'Midjourney_6': [3, 3, 2], 'SDXL_2_1': [3, 2, 2], 'SDXL_Base': [2, 2, 1], 'SDXL_Turbo': [2, 2, 2]}"
1095,"A tired nurse taking a moment to rest on a bench, with a hopeful dove perched on the window sill.",22,1,22,2,6,3,0,"{'DALLE_3': [5, 4, 5], 'DeepFloyd_I_XL_v1': [2, 2, 2], 'Midjourney_6': [5, 4, 4], 'SDXL_2_1': [4, 2, 3], 'SDXL_Base': [3, 3, 3], 'SDXL_Turbo': [4, 3, 2]}"
1096,An excited kangaroo hopping alongside a surprised tourist who is trying to take a photo.,16,1,16,2,3,4,0,"{'DALLE_3': [5, 3, 4], 'DeepFloyd_I_XL_v1': [5, 3, 4], 'Midjourney_6': [5, 4, 5], 'SDXL_2_1': [3, 2, 3], 'SDXL_Base': [3, 3, 3], 'SDXL_Turbo': [4, 3, 3]}"
1097,A spherical balloon floating above a square table.,9,1,10,1,3,1,0,"{'DALLE_3': [3, 3, 3], 'DeepFloyd_I_XL_v1': [3, 3, 3], 'Midjourney_6': [3, 3, 3], 'SDXL_2_1': [4, 4, 5], 'SDXL_Base': [5, 4, 5], 'SDXL_Turbo': [5, 3, 5]}"
1098,A cylindrical vase sitting on a rectangular shelf.,9,1,11,2,2,1,0,"{'DALLE_3': [3, 3, 2], 'DeepFloyd_I_XL_v1': [4, 2, 3], 'Midjourney_6': [5, 3, 5], 'SDXL_2_1': [5, 2, 5], 'SDXL_Base': [5, 3, 5], 'SDXL_Turbo': [4, 3, 5]}"
1099,A circular clock hanging on a curved wall.,9,1,9,1,2,2,0,"{'DALLE_3': [4, 3, 4], 'DeepFloyd_I_XL_v1': [3, 3, 4], 'Midjourney_6': [4, 3, 3], 'SDXL_2_1': [3, 3, 3], 'SDXL_Base': [3, 3, 3], 'SDXL_Turbo': [3, 3, 3]}"
1100,An oval mirror leaning against a flat door.,9,1,9,2,2,1,0,"{'DALLE_3': [5, 3, 3], 'DeepFloyd_I_XL_v1': [3, 2, 3], 'Midjourney_6': [3, 2, 3], 'SDXL_2_1': [3, 2, 3], 'SDXL_Base': [3, 3, 3], 'SDXL_Turbo': [5, 3, 5]}"
1101,A cubic puzzle next to a triangular pyramid.,9,1,10,3,2,0,0,"{'DALLE_3': [5, 3, 3], 'DeepFloyd_I_XL_v1': [4, 2, 3], 'Midjourney_6': [4, 4, 3], 'SDXL_2_1': [2, 2, 2], 'SDXL_Base': [4, 4, 4], 'SDXL_Turbo': [3, 2, 3]}"
1102,A diamond-shaped kite flying above a hexagonal sandbox.,9,1,14,2,2,1,0,"{'DALLE_3': [5, 3, 3], 'DeepFloyd_I_XL_v1': [3, 2, 2], 'Midjourney_6': [5, 4, 2], 'SDXL_2_1': [2, 2, 2], 'SDXL_Base': [3, 3, 2], 'SDXL_Turbo': [2, 2, 2]}"
1103,An octagonal window framing a spherical ornament.,8,1,10,2,2,1,0,"{'DALLE_3': [5, 4, 5], 'DeepFloyd_I_XL_v1': [5, 3, 3], 'Midjourney_6': [5, 4, 5], 'SDXL_2_1': [3, 3, 2], 'SDXL_Base': [3, 3, 2], 'SDXL_Turbo': [2, 2, 2]}"
1104,A conical lampshade hanging above a circular rug.,9,1,11,2,2,1,0,"{'DALLE_3': [5, 4, 5], 'DeepFloyd_I_XL_v1': [3, 3, 3], 'Midjourney_6': [5, 4, 5], 'SDXL_2_1': [4, 3, 4], 'SDXL_Base': [5, 5, 5], 'SDXL_Turbo': [3, 4, 3]}"
1105,A spiral staircase winding beside a cubic bookcase.,9,1,10,2,2,1,0,"{'DALLE_3': [5, 4, 3], 'DeepFloyd_I_XL_v1': [3, 3, 3], 'Midjourney_6': [5, 4, 5], 'SDXL_2_1': [2, 2, 3], 'SDXL_Base': [5, 4, 5], 'SDXL_Turbo': [5, 3, 5]}"
1106,A zigzag patterned pillow on a round couch.,9,1,10,0,4,1,0,"{'DALLE_3': [3, 4, 3], 'DeepFloyd_I_XL_v1': [2, 2, 2], 'Midjourney_6': [5, 3, 3], 'SDXL_2_1': [5, 3, 3], 'SDXL_Base': [5, 3, 3], 'SDXL_Turbo': [5, 3, 3]}"
1107,A pointed pencil resting on a square notebook.,9,1,9,2,2,1,0,"{'DALLE_3': [5, 4, 5], 'DeepFloyd_I_XL_v1': [5, 2, 3], 'Midjourney_6': [5, 3, 5], 'SDXL_2_1': [3, 2, 1], 'SDXL_Base': [5, 3, 5], 'SDXL_Turbo': [3, 2, 2]}"
1108,A flat screen mounted above a rectangular fireplace.,9,1,9,2,2,1,0,"{'DALLE_3': [5, 4, 5], 'DeepFloyd_I_XL_v1': [5, 3, 5], 'Midjourney_6': [5, 3, 5], 'SDXL_2_1': [5, 3, 5], 'SDXL_Base': [5, 3, 5], 'SDXL_Turbo': [5, 3, 5]}"
1109,A spherical fruit bowl on an oval dining table.,10,1,11,2,4,0,0,"{'DALLE_3': [3, 2, 3], 'DeepFloyd_I_XL_v1': [3, 2, 2], 'Midjourney_6': [3, 3, 3], 'SDXL_2_1': [3, 2, 3], 'SDXL_Base': [3, 3, 3], 'SDXL_Turbo': [2, 3, 3]}"
1110,A hexagonal clock above a diamond-shaped photo frame.,9,1,13,2,3,0,0,"{'DALLE_3': [3, 3, 3], 'DeepFloyd_I_XL_v1': [3, 2, 3], 'Midjourney_6': [2, 2, 2], 'SDXL_2_1': [2, 2, 2], 'SDXL_Base': [3, 3, 2], 'SDXL_Turbo': [2, 2, 2]}"
1111,An octagonal planter beside a conical tree.,8,1,10,2,2,0,0,"{'DALLE_3': [2, 3, 5], 'DeepFloyd_I_XL_v1': [3, 3, 2], 'Midjourney_6': [5, 4, 5], 'SDXL_2_1': [2, 2, 1], 'SDXL_Base': [2, 3, 2], 'SDXL_Turbo': [2, 3, 2]}"
1112,A zigzag path leading to a circular fountain.,9,1,10,2,2,1,0,"{'DALLE_3': [3, 3, 3], 'DeepFloyd_I_XL_v1': [3, 2, 3], 'Midjourney_6': [3, 3, 3], 'SDXL_2_1': [3, 3, 3], 'SDXL_Base': [3, 2, 3], 'SDXL_Turbo': [3, 2, 3]}"
1113,"A neon sign flickering above a diner, spelling out 'EAT HERE NOW' in vibrant pink.",18,1,20,2,5,2,0,"{'DALLE_3': [5, 4, 5], 'DeepFloyd_I_XL_v1': [4, 3, 2], 'Midjourney_6': [5, 4, 3], 'SDXL_2_1': [3, 3, 2], 'SDXL_Base': [3, 3, 2], 'SDXL_Turbo': [3, 3, 2]}"
1114,A dusty chalkboard in a vintage classroom with 'The future is ours to create' neatly written.,18,1,21,2,4,4,1,"{'DALLE_3': [4, 4, 3], 'DeepFloyd_I_XL_v1': [4, 3, 3], 'Midjourney_6': [3, 4, 3], 'SDXL_2_1': [3, 3, 3], 'SDXL_Base': [4, 3, 3], 'SDXL_Turbo': [3, 4, 2]}"
1115,A sleek sports car with 'SPEED DEMON' airbrushed in flaming letters along its side.,16,1,18,1,6,2,0,"{'DALLE_3': [4, 4, 3], 'DeepFloyd_I_XL_v1': [2, 2, 2], 'Midjourney_6': [3, 4, 3], 'SDXL_2_1': [2, 3, 2], 'SDXL_Base': [2, 3, 2], 'SDXL_Turbo': [2, 3, 2]}"
1116,"A weathered road sign at a crossroad, pointing towards 'Adventure' in one direction and 'Home' in the other.",22,1,26,2,7,1,0,"{'DALLE_3': [4, 4, 3], 'DeepFloyd_I_XL_v1': [5, 3, 5], 'Midjourney_6': [3, 3, 2], 'SDXL_2_1': [2, 2, 2], 'SDXL_Base': [3, 3, 2], 'SDXL_Turbo': [3, 3, 2]}"
1117,A bakery window displaying a cake with 'SWEETER DAYS AHEAD' piped in elegant frosting.,16,1,19,2,7,1,0,"{'DALLE_3': [4, 4, 3], 'DeepFloyd_I_XL_v1': [4, 3, 3], 'Midjourney_6': [2, 2, 2], 'SDXL_2_1': [2, 2, 2], 'SDXL_Base': [4, 3, 3], 'SDXL_Turbo': [2, 2, 2]}"
1118,"A pair of sneakers, one with 'LEFT' and the other with 'RIGHT' marked on them.",19,1,21,1,4,1,0,"{'DALLE_3': [4, 3, 3], 'DeepFloyd_I_XL_v1': [4, 3, 2], 'Midjourney_6': [2, 3, 2], 'SDXL_2_1': [3, 2, 2], 'SDXL_Base': [2, 2, 2], 'SDXL_Turbo': [2, 2, 2]}"
1119,"A billboard under a clear blue sky, advertising 'Breathe Deep, Live Fully' with an image of mountain peaks.",22,1,23,1,9,1,0,"{'DALLE_3': [4, 4, 3], 'DeepFloyd_I_XL_v1': [4, 3, 3], 'Midjourney_6': [2, 2, 2], 'SDXL_2_1': [2, 4, 2], 'SDXL_Base': [3, 4, 3], 'SDXL_Turbo': [3, 3, 3]}"
1120,A library wall with a mural quoting 'Explore Worlds Within Pages.',13,1,13,2,6,0,0,"{'DALLE_3': [4, 4, 3], 'DeepFloyd_I_XL_v1': [3, 3, 3], 'Midjourney_6': [3, 2, 2], 'SDXL_2_1': [3, 3, 2], 'SDXL_Base': [2, 2, 2], 'SDXL_Turbo': [4, 4, 3]}"
1121,A frosty beer mug with 'CHEERS TO US' engraved on the side.,14,1,15,1,5,2,0,"{'DALLE_3': [4, 4, 5], 'DeepFloyd_I_XL_v1': [4, 4, 3], 'Midjourney_6': [4, 4, 3], 'SDXL_2_1': [3, 3, 3], 'SDXL_Base': [3, 3, 3], 'SDXL_Turbo': [3, 3, 3]}"
1122,"A park bench with a small plaque reading 'Sit, Rest, Wonder.'",15,1,15,1,5,1,0,"{'DALLE_3': [5, 5, 5], 'DeepFloyd_I_XL_v1': [3, 4, 3], 'Midjourney_6': [2, 3, 2], 'SDXL_2_1': [2, 2, 3], 'SDXL_Base': [2, 2, 2], 'SDXL_Turbo': [2, 2, 2]}"
1123,A vibrant sunset sky with clouds that oddly resemble the words 'DREAM BIG.',15,1,15,1,5,1,1,"{'DALLE_3': [3, 2, 4], 'DeepFloyd_I_XL_v1': [3, 2, 3], 'Midjourney_6': [3, 2, 3], 'SDXL_2_1': [2, 2, 2], 'SDXL_Base': [3, 2, 2], 'SDXL_Turbo': [3, 2, 3]}"
1124,An old typewriter with a sheet of paper that has 'Once upon a time...' typed out.,19,1,19,1,4,3,0,"{'DALLE_3': [5, 5, 5], 'DeepFloyd_I_XL_v1': [4, 4, 3], 'Midjourney_6': [3, 2, 3], 'SDXL_2_1': [2, 2, 2], 'SDXL_Base': [2, 2, 2], 'SDXL_Turbo': [2, 2, 2]}"
1125,"A hand-drawn map in an old book, marking a trail labeled 'Path to Hidden Treasures.'",18,1,20,2,5,2,0,"{'DALLE_3': [5, 5, 5], 'DeepFloyd_I_XL_v1': [2, 2, 3], 'Midjourney_6': [2, 2, 3], 'SDXL_2_1': [2, 2, 3], 'SDXL_Base': [3, 3, 3], 'SDXL_Turbo': [2, 2, 2]}"
1126,"A cozy fireplace with 'Warm Hearts, Warm Hearth' etched into the wooden mantle.",16,1,18,3,5,1,0,"{'DALLE_3': [4, 4, 5], 'DeepFloyd_I_XL_v1': [2, 3, 3], 'Midjourney_6': [2, 2, 2], 'SDXL_2_1': [2, 2, 2], 'SDXL_Base': [2, 3, 2], 'SDXL_Turbo': [2, 2, 3]}"
1127,An elegant doorway with 'Welcome to Paradise' painted above it.,12,1,13,2,2,1,0,"{'DALLE_3': [5, 5, 5], 'DeepFloyd_I_XL_v1': [3, 3, 3], 'Midjourney_6': [3, 3, 3], 'SDXL_2_1': [4, 3, 3], 'SDXL_Base': [4, 4, 3], 'SDXL_Turbo': [3, 3, 3]}"
1128,"A graffiti mural on a city street depicting a phoenix, with 'RISE AGAIN' boldly written.",18,1,19,1,6,2,1,"{'DALLE_3': [4, 4, 3], 'DeepFloyd_I_XL_v1': [4, 4, 3], 'Midjourney_6': [4, 4, 3], 'SDXL_2_1': [2, 2, 1], 'SDXL_Base': [2, 2, 3], 'SDXL_Turbo': [3, 3, 3]}"
1129,"A rustic wooden sign hanging in a garden, pointing to 'Secret Garden, Shhh...'",17,1,18,1,5,3,0,"{'DALLE_3': [4, 5, 4], 'DeepFloyd_I_XL_v1': [4, 4, 3], 'Midjourney_6': [3, 2, 2], 'SDXL_2_1': [3, 2, 2], 'SDXL_Base': [3, 3, 3], 'SDXL_Turbo': [3, 3, 3]}"
1130,"A laptop sticker that humorously states, 'This Machine Fights Zombies.'",13,1,14,1,4,1,1,"{'DALLE_3': [4, 4, 3], 'DeepFloyd_I_XL_v1': [3, 4, 3], 'Midjourney_6': [2, 2, 2], 'SDXL_2_1': [2, 3, 2], 'SDXL_Base': [2, 3, 2], 'SDXL_Turbo': [3, 3, 2]}"
1131,A sandy beach where 'Love Lives Here' is written with seashells and driftwood.,15,1,19,1,4,3,1,"{'DALLE_3': [4, 4, 2], 'DeepFloyd_I_XL_v1': [3, 3, 2], 'Midjourney_6': [3, 3, 2], 'SDXL_2_1': [3, 3, 2], 'SDXL_Base': [3, 3, 3], 'SDXL_Turbo': [3, 3, 2]}"
1132,"A mountain summit sign, declaring 'Top of the World.'",12,1,12,0,4,1,0,"{'DALLE_3': [5, 5, 5], 'DeepFloyd_I_XL_v1': [4, 4, 3], 'Midjourney_6': [3, 3, 3], 'SDXL_2_1': [3, 3, 2], 'SDXL_Base': [2, 2, 2], 'SDXL_Turbo': [2, 2, 2]}"
1133,A coffee mug with 'Morning Magic Brew' written in a whimsical font.,14,1,16,1,5,2,0,"{'DALLE_3': [4, 4, 4], 'DeepFloyd_I_XL_v1': [4, 4, 3], 'Midjourney_6': [4, 3, 3], 'SDXL_2_1': [3, 3, 3], 'SDXL_Base': [4, 3, 3], 'SDXL_Turbo': [4, 3, 3]}"
1134,A vintage motorcycle with 'Rebel Soul' embossed on the leather seat.,13,1,15,1,5,1,0,"{'DALLE_3': [4, 4, 3], 'DeepFloyd_I_XL_v1': [3, 4, 3], 'Midjourney_6': [2, 2, 2], 'SDXL_2_1': [2, 2, 3], 'SDXL_Base': [2, 2, 3], 'SDXL_Turbo': [2, 2, 3]}"
1135,An antique door knocker with 'Fortune Favors the Bold' inscribed around it.,14,1,16,2,5,0,0,"{'DALLE_3': [4, 4, 3], 'DeepFloyd_I_XL_v1': [2, 2, 2], 'Midjourney_6': [3, 2, 2], 'SDXL_2_1': [2, 2, 2], 'SDXL_Base': [3, 3, 2], 'SDXL_Turbo': [2, 2, 2]}"
1136,A concert poster featuring 'Echoes of Tomorrow' as the headline band.,13,1,14,1,5,1,0,"{'DALLE_3': [4, 4, 4], 'DeepFloyd_I_XL_v1': [4, 4, 3], 'Midjourney_6': [2, 2, 2], 'SDXL_2_1': [4, 3, 3], 'SDXL_Base': [4, 3, 3], 'SDXL_Turbo': [4, 4, 3]}"
1137,A pair of gardening gloves with 'Grow with Love' stitched on the cuffs.,15,1,16,0,5,2,0,"{'DALLE_3': [4, 3, 3], 'DeepFloyd_I_XL_v1': [4, 3, 3], 'Midjourney_6': [3, 2, 3], 'SDXL_2_1': [3, 2, 2], 'SDXL_Base': [4, 2, 3], 'SDXL_Turbo': [3, 2, 3]}"
1138,A bright blue sky where planes have drawn 'Sky's the Limit' with contrails.,16,1,18,1,5,3,0,"{'DALLE_3': [4, 4, 3], 'DeepFloyd_I_XL_v1': [3, 3, 2], 'Midjourney_6': [2, 2, 2], 'SDXL_2_1': [2, 2, 2], 'SDXL_Base': [2, 2, 2], 'SDXL_Turbo': [2, 2, 2]}"
1139,A pastry shop window displaying eclairs with 'Sweet Serendipity' piped in chocolate.,14,1,17,0,8,1,0,"{'DALLE_3': [4, 4, 3], 'DeepFloyd_I_XL_v1': [4, 4, 4], 'Midjourney_6': [2, 2, 2], 'SDXL_2_1': [3, 3, 2], 'SDXL_Base': [2, 2, 2], 'SDXL_Turbo': [2, 2, 2]}"
1140,An old stone well with 'Make a Wish' carved into its rim.,14,1,15,1,3,2,1,"{'DALLE_3': [4, 4, 3], 'DeepFloyd_I_XL_v1': [2, 2, 2], 'Midjourney_6': [3, 3, 2], 'SDXL_2_1': [3, 3, 2], 'SDXL_Base': [2, 2, 2], 'SDXL_Turbo': [2, 2, 2]}"
1141,A dog's collar tag reading 'Adventurer at Heart.',11,1,11,1,5,0,0,"{'DALLE_3': [4, 4, 4], 'DeepFloyd_I_XL_v1': [2, 3, 2], 'Midjourney_6': [3, 3, 3], 'SDXL_2_1': [3, 3, 3], 'SDXL_Base': [4, 3, 3], 'SDXL_Turbo': [2, 2, 2]}"
1142,A pair of old boots with 'Miles to Go' written on the soles.,15,1,16,1,5,1,0,"{'DALLE_3': [3, 3, 2], 'DeepFloyd_I_XL_v1': [2, 2, 2], 'Midjourney_6': [3, 3, 2], 'SDXL_2_1': [2, 2, 2], 'SDXL_Base': [2, 2, 2], 'SDXL_Turbo': [2, 2, 2]}"
1143,A trail sign in a forest indicating 'Whispering Woods' ahead.,12,1,14,1,3,2,1,"{'DALLE_3': [4, 4, 4], 'DeepFloyd_I_XL_v1': [5, 5, 5], 'Midjourney_6': [3, 3, 3], 'SDXL_2_1': [3, 3, 3], 'SDXL_Base': [4, 4, 3], 'SDXL_Turbo': [3, 3, 2]}"
1144,A book cover with 'Untold Stories' embossed in gold lettering.,12,1,14,1,5,1,0,"{'DALLE_3': [4, 4, 3], 'DeepFloyd_I_XL_v1': [5, 4, 4], 'Midjourney_6': [3, 3, 3], 'SDXL_2_1': [3, 3, 3], 'SDXL_Base': [5, 5, 5], 'SDXL_Turbo': [4, 4, 3]}"
1145,A homemade jam jar with 'Spread the Love' on its label.,13,1,15,0,5,0,0,"{'DALLE_3': [5, 5, 5], 'DeepFloyd_I_XL_v1': [4, 4, 3], 'Midjourney_6': [4, 4, 3], 'SDXL_2_1': [3, 3, 3], 'SDXL_Base': [5, 3, 3], 'SDXL_Turbo': [4, 3, 2]}"
1146,A cozy blanket with 'Snuggle Up' woven into the corner.,12,1,14,0,6,0,0,"{'DALLE_3': [3, 3, 3], 'DeepFloyd_I_XL_v1': [2, 2, 3], 'Midjourney_6': [2, 2, 2], 'SDXL_2_1': [2, 2, 2], 'SDXL_Base': [2, 2, 2], 'SDXL_Turbo': [2, 2, 2]}"
1147,"A smartphone wallpaper saying 'Capture Moments, Not Things.'",11,1,11,1,4,1,1,"{'DALLE_3': [5, 5, 5], 'DeepFloyd_I_XL_v1': [1, 1, 2], 'Midjourney_6': [2, 2, 2], 'SDXL_2_1': [2, 2, 1], 'SDXL_Base': [3, 3, 3], 'SDXL_Turbo': [3, 2, 2]}"
1148,A puzzle box with 'Piece Together Your Dreams' printed on the side.,14,1,15,0,5,1,1,"{'DALLE_3': [4, 4, 4], 'DeepFloyd_I_XL_v1': [3, 3, 2], 'Midjourney_6': [3, 3, 2], 'SDXL_2_1': [3, 3, 2], 'SDXL_Base': [2, 2, 2], 'SDXL_Turbo': [2, 2, 2]}"
1149,A yoga mat with 'Find Your Balance' along its edge.,12,1,13,1,3,0,0,"{'DALLE_3': [4, 4, 3], 'DeepFloyd_I_XL_v1': [2, 2, 2], 'Midjourney_6': [2, 2, 2], 'SDXL_2_1': [2, 2, 1], 'SDXL_Base': [3, 3, 2], 'SDXL_Turbo': [2, 2, 2]}"
1150,A bicycle bell engraved with 'Ring for Joy.',10,1,10,0,3,2,0,"{'DALLE_3': [5, 4, 3], 'DeepFloyd_I_XL_v1': [5, 5, 5], 'Midjourney_6': [3, 3, 2], 'SDXL_2_1': [3, 3, 2], 'SDXL_Base': [2, 2, 1], 'SDXL_Turbo': [3, 3, 1]}"
1151,A vintage suitcase with travel stickers spelling out 'Wanderlust.',11,1,11,0,4,1,1,"{'DALLE_3': [4, 4, 3], 'DeepFloyd_I_XL_v1': [2, 3, 2], 'Midjourney_6': [3, 3, 3], 'SDXL_2_1': [4, 3, 3], 'SDXL_Base': [2, 2, 2], 'SDXL_Turbo': [2, 2, 2]}"
1152,A birdhouse in the garden with 'Tweet Retreat' painted above the entrance.,14,1,16,1,4,1,0,"{'DALLE_3': [4, 4, 4], 'DeepFloyd_I_XL_v1': [4, 4, 3], 'Midjourney_6': [3, 3, 3], 'SDXL_2_1': [2, 2, 2], 'SDXL_Base': [2, 2, 2], 'SDXL_Turbo': [3, 2, 2]}"
1153,A lantern by a camping site glowing with 'Light the Way' etched on its side.,17,1,18,1,3,3,0,"{'DALLE_3': [5, 4, 4], 'DeepFloyd_I_XL_v1': [2, 2, 2], 'Midjourney_6': [3, 3, 3], 'SDXL_2_1': [2, 2, 2], 'SDXL_Base': [2, 2, 2], 'SDXL_Turbo': [2, 2, 2]}"
1154,A hiking trail marker with 'Journey Begins Here.',10,1,10,0,5,0,1,"{'DALLE_3': [4, 3, 3], 'DeepFloyd_I_XL_v1': [3, 2, 2], 'Midjourney_6': [3, 3, 3], 'SDXL_2_1': [3, 3, 2], 'SDXL_Base': [3, 3, 3], 'SDXL_Turbo': [3, 3, 2]}"
1155,An ice cream shop menu boasting a flavor named 'Blissful Bites.',13,1,15,1,6,2,0,"{'DALLE_3': [4, 4, 3], 'DeepFloyd_I_XL_v1': [4, 4, 2], 'Midjourney_6': [2, 2, 1], 'SDXL_2_1': [3, 3, 2], 'SDXL_Base': [4, 4, 3], 'SDXL_Turbo': [3, 3, 2]}"
1156,A handmade quilt with 'Woven with Memories' stitched in a corner.,13,1,14,0,4,2,0,"{'DALLE_3': [5, 5, 5], 'DeepFloyd_I_XL_v1': [4, 4, 3], 'Midjourney_6': [2, 2, 2], 'SDXL_2_1': [2, 2, 2], 'SDXL_Base': [2, 2, 2], 'SDXL_Turbo': [2, 2, 2]}"
1157,A telescope with 'Stars in Your Eyes' inscribed on the tube.,13,1,15,0,5,0,0,"{'DALLE_3': [4, 4, 3], 'DeepFloyd_I_XL_v1': [3, 2, 2], 'Midjourney_6': [2, 2, 2], 'SDXL_2_1': [3, 3, 2], 'SDXL_Base': [2, 2, 2], 'SDXL_Turbo': [3, 2, 2]}"
1158,A bakery's bread loaf with 'Knead Love' stamped on the crust.,14,1,16,2,4,1,0,"{'DALLE_3': [4, 4, 5], 'DeepFloyd_I_XL_v1': [3, 3, 2], 'Midjourney_6': [3, 3, 2], 'SDXL_2_1': [2, 2, 2], 'SDXL_Base': [3, 3, 2], 'SDXL_Turbo': [3, 4, 3]}"
1159,"A garden stone engraved with 'Grow, Bloom, Thrive.'",12,1,12,0,5,1,0,"{'DALLE_3': [4, 4, 5], 'DeepFloyd_I_XL_v1': [5, 5, 5], 'Midjourney_6': [2, 3, 2], 'SDXL_2_1': [3, 3, 2], 'SDXL_Base': [4, 4, 2], 'SDXL_Turbo': [3, 3, 3]}"
1160,A keychain with 'Unlock Happiness' written on it.,10,1,11,0,3,1,0,"{'DALLE_3': [5, 5, 5], 'DeepFloyd_I_XL_v1': [4, 4, 5], 'Midjourney_6': [3, 3, 3], 'SDXL_2_1': [3, 3, 3], 'SDXL_Base': [4, 4, 3], 'SDXL_Turbo': [3, 2, 3]}"
1161,A vinyl record with 'Soundtrack of Life' as the album title.,13,1,15,0,6,0,0,"{'DALLE_3': [4, 4, 3], 'DeepFloyd_I_XL_v1': [3, 2, 2], 'Midjourney_6': [2, 2, 1], 'SDXL_2_1': [2, 2, 2], 'SDXL_Base': [3, 3, 3], 'SDXL_Turbo': [3, 3, 3]}"
1162,A wristwatch with 'Time for Dreams' inscribed on the back.,12,1,14,0,5,0,0,"{'DALLE_3': [5, 5, 4], 'DeepFloyd_I_XL_v1': [5, 4, 4], 'Midjourney_6': [3, 3, 2], 'SDXL_2_1': [2, 2, 2], 'SDXL_Base': [2, 2, 2], 'SDXL_Turbo': [2, 2, 2]}"
1163,A serene stream winding through a lush meadow at sunrise.,11,1,11,2,3,1,0,"{'DALLE_3': [5, 5, 5], 'DeepFloyd_I_XL_v1': [5, 5, 5], 'Midjourney_6': [5, 5, 5], 'SDXL_2_1': [2, 3, 5], 'SDXL_Base': [5, 5, 5], 'SDXL_Turbo': [5, 5, 5]}"
1164,A quaint cottage nestled in a vibrant flower-filled meadow.,10,1,12,2,3,1,0,"{'DALLE_3': [5, 5, 5], 'DeepFloyd_I_XL_v1': [5, 5, 5], 'Midjourney_6': [5, 5, 5], 'SDXL_2_1': [5, 5, 5], 'SDXL_Base': [5, 5, 5], 'SDXL_Turbo': [5, 5, 5]}"
1165,A towering skyscraper reflecting the early morning sun.,9,1,11,1,3,2,0,"{'DALLE_3': [5, 5, 5], 'DeepFloyd_I_XL_v1': [3, 4, 3], 'Midjourney_6': [5, 5, 3], 'SDXL_2_1': [5, 4, 5], 'SDXL_Base': [5, 4, 5], 'SDXL_Turbo': [5, 4, 5]}"
1166,A narrow alley lit by the soft glow of hanging lanterns at night.,14,1,14,2,5,1,0,"{'DALLE_3': [5, 5, 4], 'DeepFloyd_I_XL_v1': [5, 5, 5], 'Midjourney_6': [5, 5, 5], 'SDXL_2_1': [5, 5, 5], 'SDXL_Base': [5, 5, 5], 'SDXL_Turbo': [5, 5, 5]}"
1167,A bustling avenue lined with towering trees and busy cafes.,11,1,12,1,4,2,0,"{'DALLE_3': [5, 5, 5], 'DeepFloyd_I_XL_v1': [5, 4, 5], 'Midjourney_6': [5, 5, 5], 'SDXL_2_1': [5, 4, 3], 'SDXL_Base': [5, 4, 5], 'SDXL_Turbo': [5, 4, 5]}"
1168,An ancient square surrounded by historic buildings under a clear blue sky.,13,1,13,3,4,1,0,"{'DALLE_3': [5, 5, 5], 'DeepFloyd_I_XL_v1': [5, 4, 5], 'Midjourney_6': [5, 5, 5], 'SDXL_2_1': [5, 4, 4], 'SDXL_Base': [5, 5, 5], 'SDXL_Turbo': [5, 4, 5]}"
1169,"A majestic fountain in the center of a bustling plaza, children playing around.",15,1,16,1,5,1,1,"{'DALLE_3': [5, 5, 5], 'DeepFloyd_I_XL_v1': [5, 4, 5], 'Midjourney_6': [5, 5, 5], 'SDXL_2_1': [5, 4, 5], 'SDXL_Base': [5, 5, 5], 'SDXL_Turbo': [4, 4, 5]}"
1170,"A statue of a historic figure, standing tall in a quiet park.",14,1,14,2,4,1,0,"{'DALLE_3': [5, 5, 5], 'DeepFloyd_I_XL_v1': [5, 4, 5], 'Midjourney_6': [5, 5, 5], 'SDXL_2_1': [5, 5, 3], 'SDXL_Base': [5, 5, 5], 'SDXL_Turbo': [5, 5, 5]}"
1171,"A monument commemorating heroes, with flowers laid at its base.",12,1,12,0,5,1,0,"{'DALLE_3': [5, 5, 5], 'DeepFloyd_I_XL_v1': [5, 4, 5], 'Midjourney_6': [5, 4, 5], 'SDXL_2_1': [3, 4, 3], 'SDXL_Base': [5, 5, 5], 'SDXL_Turbo': [5, 4, 5]}"
1172,"A tranquil harbor at sunset, boats gently rocking in the water.",13,1,13,1,4,1,1,"{'DALLE_3': [5, 5, 5], 'DeepFloyd_I_XL_v1': [5, 5, 5], 'Midjourney_6': [5, 5, 5], 'SDXL_2_1': [5, 5, 5], 'SDXL_Base': [5, 5, 5], 'SDXL_Turbo': [5, 5, 4]}"
1173,A busy quay with fishermen unloading their daily catch.,10,1,11,2,3,1,0,"{'DALLE_3': [5, 5, 5], 'DeepFloyd_I_XL_v1': [4, 4, 3], 'Midjourney_6': [5, 5, 4], 'SDXL_2_1': [5, 4, 3], 'SDXL_Base': [5, 4, 3], 'SDXL_Turbo': [5, 4, 5]}"
1174,"A dock at dawn, seagulls flying above waves.",10,1,10,0,4,1,0,"{'DALLE_3': [5, 5, 5], 'DeepFloyd_I_XL_v1': [5, 5, 5], 'Midjourney_6': [5, 5, 5], 'SDXL_2_1': [5, 5, 3], 'SDXL_Base': [5, 5, 5], 'SDXL_Turbo': [5, 5, 3]}"
1175,A lighthouse standing guard at the edge of a rocky coastline.,12,1,12,1,4,1,0,"{'DALLE_3': [5, 5, 5], 'DeepFloyd_I_XL_v1': [5, 5, 5], 'Midjourney_6': [5, 5, 5], 'SDXL_2_1': [5, 5, 3], 'SDXL_Base': [5, 5, 5], 'SDXL_Turbo': [5, 5, 5]}"
1176,An old windmill overlooking a field of blooming flowers.,10,1,10,1,3,2,0,"{'DALLE_3': [5, 5, 5], 'DeepFloyd_I_XL_v1': [5, 5, 5], 'Midjourney_6': [5, 5, 5], 'SDXL_2_1': [5, 5, 5], 'SDXL_Base': [5, 5, 5], 'SDXL_Turbo': [5, 5, 5]}"
1177,"A rustic barn amid a snow-covered landscape, smoke rising from the chimney.",14,1,16,2,3,2,0,"{'DALLE_3': [5, 5, 5], 'DeepFloyd_I_XL_v1': [3, 4, 3], 'Midjourney_6': [5, 4, 5], 'SDXL_2_1': [4, 4, 4], 'SDXL_Base': [4, 4, 5], 'SDXL_Turbo': [5, 4, 5]}"
1178,An orchard in full bloom.,6,1,6,1,2,0,0,"{'DALLE_3': [5, 5, 5], 'DeepFloyd_I_XL_v1': [5, 5, 5], 'Midjourney_6': [5, 5, 5], 'SDXL_2_1': [5, 5, 5], 'SDXL_Base': [5, 5, 5], 'SDXL_Turbo': [5, 5, 5]}"
1179,"A farm with fields of green, a tractor working in the distance.",14,1,14,1,4,1,0,"{'DALLE_3': [2, 2, 1], 'DeepFloyd_I_XL_v1': [5, 4, 5], 'Midjourney_6': [5, 5, 5], 'SDXL_2_1': [3, 3, 3], 'SDXL_Base': [5, 5, 5], 'SDXL_Turbo': [3, 3, 2]}"
1180,A sprawling ranch with herds of cattle grazing under a vast sky.,13,1,15,2,4,1,0,"{'DALLE_3': [5, 5, 5], 'DeepFloyd_I_XL_v1': [5, 5, 5], 'Midjourney_6': [5, 5, 5], 'SDXL_2_1': [5, 5, 5], 'SDXL_Base': [5, 5, 5], 'SDXL_Turbo': [5, 5, 5]}"
1181,"A scenic trail through a dense, mysterious forest.",10,1,10,2,3,0,0,"{'DALLE_3': [5, 5, 5], 'DeepFloyd_I_XL_v1': [5, 5, 5], 'Midjourney_6': [5, 5, 5], 'SDXL_2_1': [5, 4, 5], 'SDXL_Base': [5, 5, 5], 'SDXL_Turbo': [5, 5, 5]}"
1182,A peaceful pathway lined with blooming flowers leading to a hidden garden.,13,1,13,2,3,3,0,"{'DALLE_3': [5, 5, 5], 'DeepFloyd_I_XL_v1': [5, 5, 3], 'Midjourney_6': [5, 5, 5], 'SDXL_2_1': [5, 4, 5], 'SDXL_Base': [5, 5, 5], 'SDXL_Turbo': [5, 5, 5]}"
1183,"A busy highway at night, the city lights twinkling in the distance.",14,1,16,1,5,1,0,"{'DALLE_3': [5, 5, 4], 'DeepFloyd_I_XL_v1': [5, 5, 2], 'Midjourney_6': [5, 5, 5], 'SDXL_2_1': [5, 5, 5], 'SDXL_Base': [5, 5, 5], 'SDXL_Turbo': [5, 5, 2]}"
1184,A crossroad in a quaint village.,7,1,8,0,3,0,0,"{'DALLE_3': [4, 4, 4], 'DeepFloyd_I_XL_v1': [4, 4, 3], 'Midjourney_6': [4, 3, 3], 'SDXL_2_1': [3, 3, 2], 'SDXL_Base': [3, 3, 3], 'SDXL_Turbo': [3, 3, 2]}"
1185,"A bridge arching over a sparkling river, connecting two bustling districts.",13,1,15,2,4,1,0,"{'DALLE_3': [4, 4, 2], 'DeepFloyd_I_XL_v1': [4, 4, 3], 'Midjourney_6': [5, 5, 5], 'SDXL_2_1': [5, 5, 4], 'SDXL_Base': [5, 5, 4], 'SDXL_Turbo': [5, 5, 4]}"
1186,An ancient arch standing as a gateway to old city ruins.,12,1,12,2,5,0,0,"{'DALLE_3': [5, 5, 5], 'DeepFloyd_I_XL_v1': [5, 5, 3], 'Midjourney_6': [5, 5, 5], 'SDXL_2_1': [5, 5, 5], 'SDXL_Base': [5, 5, 5], 'SDXL_Turbo': [5, 5, 5]}"
1187,"A grand gateway leading into a luxurious estate, flanked by towering trees.",14,1,15,2,3,3,0,"{'DALLE_3': [5, 5, 5], 'DeepFloyd_I_XL_v1': [4, 4, 4], 'Midjourney_6': [5, 5, 5], 'SDXL_2_1': [5, 4, 3], 'SDXL_Base': [5, 5, 5], 'SDXL_Turbo': [5, 4, 5]}"
1188,"A lively plaza in the heart of the city, filled with artists and performers.",16,1,16,1,5,1,0,"{'DALLE_3': [5, 5, 4], 'DeepFloyd_I_XL_v1': [5, 5, 3], 'Midjourney_6': [5, 5, 3], 'SDXL_2_1': [5, 4, 5], 'SDXL_Base': [5, 5, 5], 'SDXL_Turbo': [5, 4, 3]}"
1189,A terrace overlooking a breathtaking mountain range.,8,1,8,0,4,1,0,"{'DALLE_3': [5, 5, 5], 'DeepFloyd_I_XL_v1': [5, 5, 5], 'Midjourney_6': [5, 5, 5], 'SDXL_2_1': [5, 5, 5], 'SDXL_Base': [5, 5, 5], 'SDXL_Turbo': [5, 5, 5]}"
1190,A stream gently flowing under a wooden bridge in a secluded forest.,13,1,14,2,3,1,1,"{'DALLE_3': [5, 5, 5], 'DeepFloyd_I_XL_v1': [5, 4, 3], 'Midjourney_6': [5, 5, 5], 'SDXL_2_1': [5, 5, 5], 'SDXL_Base': [5, 5, 5], 'SDXL_Turbo': [5, 5, 5]}"
1191,A meadow aglow with fireflies under a starry sky.,10,1,12,0,5,0,0,"{'DALLE_3': [5, 5, 5], 'DeepFloyd_I_XL_v1': [5, 4, 5], 'Midjourney_6': [5, 5, 5], 'SDXL_2_1': [5, 4, 5], 'SDXL_Base': [5, 5, 5], 'SDXL_Turbo': [5, 4, 5]}"
1192,"A cottage covered in snow, with smoke rising from the chimney.",13,1,13,0,4,2,0,"{'DALLE_3': [5, 5, 5], 'DeepFloyd_I_XL_v1': [4, 4, 5], 'Midjourney_6': [5, 5, 5], 'SDXL_2_1': [4, 4, 5], 'SDXL_Base': [4, 4, 3], 'SDXL_Turbo': [4, 5, 4]}"
1193,"A skyscraper at dawn, the sky painted in shades of pink and orange.",15,1,17,0,6,1,0,"{'DALLE_3': [5, 5, 5], 'DeepFloyd_I_XL_v1': [5, 5, 5], 'Midjourney_6': [5, 5, 5], 'SDXL_2_1': [5, 4, 4], 'SDXL_Base': [5, 4, 5], 'SDXL_Turbo': [5, 5, 5]}"
1194,An alley decorated with vibrant murals.,7,1,7,1,2,1,0,"{'DALLE_3': [5, 5, 5], 'DeepFloyd_I_XL_v1': [5, 5, 5], 'Midjourney_6': [5, 5, 5], 'SDXL_2_1': [5, 5, 5], 'SDXL_Base': [5, 5, 5], 'SDXL_Turbo': [5, 5, 5]}"
1195,"An avenue during autumn, the ground covered with fallen leaves.",12,1,12,0,4,2,0,"{'DALLE_3': [5, 5, 5], 'DeepFloyd_I_XL_v1': [5, 5, 5], 'Midjourney_6': [5, 5, 5], 'SDXL_2_1': [5, 5, 5], 'SDXL_Base': [5, 5, 5], 'SDXL_Turbo': [5, 5, 5]}"
1196,"A statue covered in snow, standing silently in a deserted park.",13,1,13,1,3,2,1,"{'DALLE_3': [5, 5, 5], 'DeepFloyd_I_XL_v1': [5, 5, 5], 'Midjourney_6': [4, 4, 4], 'SDXL_2_1': [5, 5, 5], 'SDXL_Base': [5, 5, 5], 'SDXL_Turbo': [5, 5, 5]}"
1197,"A monument under the glow of the setting sun, casting long shadows.",14,1,14,1,5,1,0,"{'DALLE_3': [5, 4, 5], 'DeepFloyd_I_XL_v1': [5, 5, 5], 'Midjourney_6': [5, 4, 4], 'SDXL_2_1': [5, 4, 2], 'SDXL_Base': [5, 5, 4], 'SDXL_Turbo': [5, 5, 5]}"
1198,"A harbor filled with lights, reflecting on the calm water at night.",14,1,14,1,4,2,0,"{'DALLE_3': [5, 5, 5], 'DeepFloyd_I_XL_v1': [5, 4, 3], 'Midjourney_6': [5, 5, 5], 'SDXL_2_1': [5, 5, 5], 'SDXL_Base': [5, 5, 5], 'SDXL_Turbo': [5, 5, 5]}"
1199,On the left is a metal fork and on the right is a wooden spoon.,16,1,16,1,5,2,0,"{'DALLE_3': [5, 5, 5], 'DeepFloyd_I_XL_v1': [5, 5, 5], 'Midjourney_6': [5, 5, 5], 'SDXL_2_1': [2, 3, 2], 'SDXL_Base': [3, 2, 2], 'SDXL_Turbo': [2, 2, 2]}"
1200,On the left is a wooden spoon and on the right is a metal fork.,16,1,16,1,5,2,0,"{'DALLE_3': [3, 3, 2], 'DeepFloyd_I_XL_v1': [5, 5, 5], 'Midjourney_6': [4, 4, 3], 'SDXL_2_1': [3, 2, 2], 'SDXL_Base': [5, 5, 5], 'SDXL_Turbo': [2, 2, 2]}"
1201,A spider is on the left of a crystal ball.,11,1,11,1,3,1,0,"{'DALLE_3': [3, 2, 2], 'DeepFloyd_I_XL_v1': [3, 2, 2], 'Midjourney_6': [5, 5, 5], 'SDXL_2_1': [3, 3, 2], 'SDXL_Base': [3, 3, 2], 'SDXL_Turbo': [3, 2, 2]}"
1202,A spider is on the right of a crystal ball.,11,1,11,1,3,1,0,"{'DALLE_3': [3, 2, 2], 'DeepFloyd_I_XL_v1': [5, 5, 5], 'Midjourney_6': [3, 4, 5], 'SDXL_2_1': [3, 3, 2], 'SDXL_Base': [3, 3, 2], 'SDXL_Turbo': [3, 2, 2]}"
1203,There's a spider in the hovering crystal ball.,10,1,10,1,3,1,0,"{'DALLE_3': [5, 5, 5], 'DeepFloyd_I_XL_v1': [5, 3, 5], 'Midjourney_6': [5, 5, 5], 'SDXL_2_1': [3, 3, 2], 'SDXL_Base': [5, 5, 5], 'SDXL_Turbo': [5, 5, 5]}"
1204,A man stands in front of a small dog and blocks a flying football.,15,1,15,1,4,3,0,"{'DALLE_3': [3, 4, 2], 'DeepFloyd_I_XL_v1': [3, 4, 3], 'Midjourney_6': [3, 4, 2], 'SDXL_2_1': [2, 2, 2], 'SDXL_Base': [3, 3, 3], 'SDXL_Turbo': [3, 3, 2]}"
1205,A man stands on the left of a timid dog and blocks a flying football.,16,1,17,1,4,3,0,"{'DALLE_3': [3, 3, 2], 'DeepFloyd_I_XL_v1': [4, 3, 3], 'Midjourney_6': [4, 3, 3], 'SDXL_2_1': [3, 2, 2], 'SDXL_Base': [4, 3, 3], 'SDXL_Turbo': [2, 2, 1]}"
1206,A man stands on the right of a crying dog and blocks a flying football.,16,1,16,0,5,3,0,"{'DALLE_3': [3, 3, 2], 'DeepFloyd_I_XL_v1': [4, 3, 3], 'Midjourney_6': [4, 3, 2], 'SDXL_2_1': [4, 2, 2], 'SDXL_Base': [3, 2, 2], 'SDXL_Turbo': [3, 2, 2]}"
1207,A person typing furiously on a laptop in a dimly lit room.,13,1,15,1,4,1,1,"{'DALLE_3': [5, 5, 5], 'DeepFloyd_I_XL_v1': [5, 4, 5], 'Midjourney_6': [5, 5, 5], 'SDXL_2_1': [5, 4, 3], 'SDXL_Base': [5, 4, 5], 'SDXL_Turbo': [5, 5, 5]}"
1208,A man teaching a young boy how to ride a bike in a sunny park.,16,1,16,2,4,2,0,"{'DALLE_3': [5, 5, 5], 'DeepFloyd_I_XL_v1': [5, 4, 5], 'Midjourney_6': [3, 3, 5], 'SDXL_2_1': [3, 3, 3], 'SDXL_Base': [3, 3, 3], 'SDXL_Turbo': [2, 2, 3]}"
1209,A girl feeding a group of eager ducks at the edge of a serene pond.,16,1,16,2,5,1,0,"{'DALLE_3': [5, 5, 5], 'DeepFloyd_I_XL_v1': [5, 4, 5], 'Midjourney_6': [5, 5, 5], 'SDXL_2_1': [4, 3, 3], 'SDXL_Base': [5, 5, 5], 'SDXL_Turbo': [5, 4, 3]}"
1210,A boy climbing a tall tree.,7,1,7,1,2,1,0,"{'DALLE_3': [5, 5, 5], 'DeepFloyd_I_XL_v1': [5, 5, 3], 'Midjourney_6': [5, 5, 5], 'SDXL_2_1': [5, 4, 4], 'SDXL_Base': [2, 2, 2], 'SDXL_Turbo': [4, 3, 3]}"
1211,A nurse bandaging a child's scraped knee.,9,1,11,2,2,1,0,"{'DALLE_3': [5, 5, 5], 'DeepFloyd_I_XL_v1': [3, 3, 2], 'Midjourney_6': [4, 3, 3], 'SDXL_2_1': [2, 2, 2], 'SDXL_Base': [2, 2, 3], 'SDXL_Turbo': [3, 2, 2]}"
1212,A female police officer directing traffic at a busy intersection.,11,1,11,2,4,1,0,"{'DALLE_3': [5, 5, 5], 'DeepFloyd_I_XL_v1': [4, 4, 3], 'Midjourney_6': [5, 5, 5], 'SDXL_2_1': [4, 4, 3], 'SDXL_Base': [5, 4, 4], 'SDXL_Turbo': [4, 4, 3]}"
1213,"A bird soaring high above the clouds, wings spread wide.",12,1,12,2,3,2,0,"{'DALLE_3': [5, 5, 5], 'DeepFloyd_I_XL_v1': [5, 5, 5], 'Midjourney_6': [5, 5, 5], 'SDXL_2_1': [4, 4, 5], 'SDXL_Base': [5, 5, 5], 'SDXL_Turbo': [5, 5, 5]}"
1214,A rabbit nibbling on a watermelon.,7,1,9,0,2,1,0,"{'DALLE_3': [5, 5, 5], 'DeepFloyd_I_XL_v1': [5, 5, 5], 'Midjourney_6': [5, 4, 3], 'SDXL_2_1': [5, 4, 5], 'SDXL_Base': [5, 4, 5], 'SDXL_Turbo': [4, 3, 3]}"
1215,A remote lying forgotten between couch cushions.,8,1,8,2,2,1,0,"{'DALLE_3': [4, 3, 3], 'DeepFloyd_I_XL_v1': [4, 3, 3], 'Midjourney_6': [5, 4, 5], 'SDXL_2_1': [4, 4, 3], 'SDXL_Base': [4, 4, 3], 'SDXL_Turbo': [4, 4, 5]}"
1216,Headphones resting on a desk.,6,1,6,0,2,1,0,"{'DALLE_3': [5, 5, 5], 'DeepFloyd_I_XL_v1': [5, 5, 3], 'Midjourney_6': [5, 5, 5], 'SDXL_2_1': [5, 5, 3], 'SDXL_Base': [5, 4, 5], 'SDXL_Turbo': [5, 5, 5]}"
1217,A kangaroo without an apple looks more angry than a kangaroo that is eating an apple.,17,1,17,2,4,3,0,"{'DALLE_3': [2, 2, 3], 'DeepFloyd_I_XL_v1': [2, 2, 2], 'Midjourney_6': [2, 2, 2], 'SDXL_2_1': [2, 2, 2], 'SDXL_Base': [3, 3, 3], 'SDXL_Turbo': [2, 2, 2]}"
1218,"In a small den, all the foxes look anxious.",11,1,11,2,2,1,0,"{'DALLE_3': [5, 5, 3], 'DeepFloyd_I_XL_v1': [5, 5, 3], 'Midjourney_6': [5, 5, 3], 'SDXL_2_1': [5, 4, 3], 'SDXL_Base': [5, 5, 3], 'SDXL_Turbo': [5, 5, 3]}"
1219,Three nervous lizards.,4,1,4,1,1,0,0,"{'DALLE_3': [5, 4, 5], 'DeepFloyd_I_XL_v1': [5, 5, 3], 'Midjourney_6': [5, 5, 5], 'SDXL_2_1': [3, 2, 3], 'SDXL_Base': [5, 5, 5], 'SDXL_Turbo': [3, 4, 4]}"
1220,Five curious birds.,4,1,4,1,1,0,0,"{'DALLE_3': [3, 3, 3], 'DeepFloyd_I_XL_v1': [3, 2, 2], 'Midjourney_6': [3, 3, 2], 'SDXL_2_1': [4, 4, 3], 'SDXL_Base': [3, 3, 2], 'SDXL_Turbo': [3, 2, 2]}"
1221,Three bored squirrels.,4,1,4,1,1,0,0,"{'DALLE_3': [5, 5, 5], 'DeepFloyd_I_XL_v1': [5, 5, 5], 'Midjourney_6': [5, 5, 5], 'SDXL_2_1': [5, 5, 5], 'SDXL_Base': [5, 5, 5], 'SDXL_Turbo': [5, 5, 5]}"
1222,Five nervous deer.,4,1,4,1,1,0,0,"{'DALLE_3': [5, 5, 5], 'DeepFloyd_I_XL_v1': [3, 4, 4], 'Midjourney_6': [3, 4, 4], 'SDXL_2_1': [3, 3, 3], 'SDXL_Base': [3, 3, 3], 'SDXL_Turbo': [3, 5, 4]}"
1223,Three worried owls.,4,1,4,1,1,0,0,"{'DALLE_3': [5, 5, 5], 'DeepFloyd_I_XL_v1': [5, 5, 4], 'Midjourney_6': [5, 5, 5], 'SDXL_2_1': [5, 5, 5], 'SDXL_Base': [3, 4, 4], 'SDXL_Turbo': [3, 5, 3]}"
1224,Two frustrated pandas.,4,1,4,1,1,0,0,"{'DALLE_3': [5, 5, 4], 'DeepFloyd_I_XL_v1': [4, 4, 4], 'Midjourney_6': [5, 5, 5], 'SDXL_2_1': [5, 4, 4], 'SDXL_Base': [5, 5, 5], 'SDXL_Turbo': [5, 5, 5]}"
1225,"A sad squirrel hides behind a tree with no leaves, only one head leaking out.",17,1,17,1,5,1,1,"{'DALLE_3': [5, 5, 4], 'DeepFloyd_I_XL_v1': [4, 4, 4], 'Midjourney_6': [4, 3, 3], 'SDXL_2_1': [5, 5, 5], 'SDXL_Base': [4, 3, 3], 'SDXL_Turbo': [3, 3, 3]}"
1226,Three curious monkeys.,4,1,4,1,1,0,0,"{'DALLE_3': [5, 5, 5], 'DeepFloyd_I_XL_v1': [5, 4, 5], 'Midjourney_6': [5, 5, 5], 'SDXL_2_1': [3, 3, 4], 'SDXL_Base': [5, 5, 5], 'SDXL_Turbo': [5, 5, 5]}"
1227,Five frustrated horses.,4,1,4,1,1,0,0,"{'DALLE_3': [5, 4, 4], 'DeepFloyd_I_XL_v1': [3, 3, 4], 'Midjourney_6': [3, 3, 4], 'SDXL_2_1': [3, 3, 4], 'SDXL_Base': [3, 3, 4], 'SDXL_Turbo': [5, 4, 5]}"
1228,Two excited elephants to the right of a lost giraffe.,11,1,11,2,3,0,0,"{'DALLE_3': [2, 2, 2], 'DeepFloyd_I_XL_v1': [3, 3, 2], 'Midjourney_6': [3, 2, 2], 'SDXL_2_1': [2, 2, 2], 'SDXL_Base': [3, 3, 3], 'SDXL_Turbo': [2, 2, 3]}"
1229,Five relieved turtles.,4,1,4,1,1,0,0,"{'DALLE_3': [2, 3, 3], 'DeepFloyd_I_XL_v1': [3, 3, 4], 'Midjourney_6': [5, 3, 5], 'SDXL_2_1': [3, 3, 3], 'SDXL_Base': [5, 3, 5], 'SDXL_Turbo': [3, 2, 4]}"
1230,Two excited pandas.,4,1,4,1,1,0,0,"{'DALLE_3': [5, 5, 5], 'DeepFloyd_I_XL_v1': [5, 5, 5], 'Midjourney_6': [5, 5, 5], 'SDXL_2_1': [5, 5, 5], 'SDXL_Base': [5, 5, 5], 'SDXL_Turbo': [5, 5, 5]}"
1231,Four bored boys.,4,1,4,0,1,1,0,"{'DALLE_3': [5, 5, 5], 'DeepFloyd_I_XL_v1': [5, 4, 3], 'Midjourney_6': [3, 3, 2], 'SDXL_2_1': [3, 3, 2], 'SDXL_Base': [3, 3, 2], 'SDXL_Turbo': [5, 4, 5]}"
1232,Four embarrassed zebras.,4,1,5,1,1,0,0,"{'DALLE_3': [5, 5, 5], 'DeepFloyd_I_XL_v1': [3, 3, 3], 'Midjourney_6': [5, 3, 5], 'SDXL_2_1': [3, 3, 3], 'SDXL_Base': [3, 2, 4], 'SDXL_Turbo': [5, 3, 4]}"
1233,Three jealous teachers.,4,1,4,1,1,0,0,"{'DALLE_3': [5, 4, 4], 'DeepFloyd_I_XL_v1': [5, 3, 4], 'Midjourney_6': [5, 2, 4], 'SDXL_2_1': [3, 2, 3], 'SDXL_Base': [3, 3, 4], 'SDXL_Turbo': [5, 3, 5]}"
1234,Five scared monkeys.,4,1,4,1,1,0,0,"{'DALLE_3': [3, 4, 4], 'DeepFloyd_I_XL_v1': [4, 3, 3], 'Midjourney_6': [3, 4, 4], 'SDXL_2_1': [3, 3, 4], 'SDXL_Base': [3, 3, 3], 'SDXL_Turbo': [3, 2, 3]}"
1235,Three scared artists.,4,1,4,1,1,0,0,"{'DALLE_3': [5, 5, 5], 'DeepFloyd_I_XL_v1': [4, 3, 3], 'Midjourney_6': [3, 3, 3], 'SDXL_2_1': [4, 3, 3], 'SDXL_Base': [5, 3, 4], 'SDXL_Turbo': [5, 4, 4]}"
1236,Two anxious pigs.,4,1,4,1,1,0,0,"{'DALLE_3': [5, 5, 5], 'DeepFloyd_I_XL_v1': [5, 4, 5], 'Midjourney_6': [5, 4, 5], 'SDXL_2_1': [5, 3, 5], 'SDXL_Base': [5, 5, 5], 'SDXL_Turbo': [5, 4, 5]}"
1237,Four glass chairs.,4,1,4,0,2,0,0,"{'DALLE_3': [3, 3, 4], 'DeepFloyd_I_XL_v1': [5, 5, 5], 'Midjourney_6': [3, 3, 3], 'SDXL_2_1': [3, 3, 3], 'SDXL_Base': [3, 3, 4], 'SDXL_Turbo': [3, 4, 4]}"
1238,Two glass shampoos.,4,1,6,0,2,0,0,"{'DALLE_3': [5, 5, 5], 'DeepFloyd_I_XL_v1': [5, 5, 5], 'Midjourney_6': [5, 4, 5], 'SDXL_2_1': [5, 5, 5], 'SDXL_Base': [5, 5, 5], 'SDXL_Turbo': [5, 5, 5]}"
1239,Two metal towers.,4,1,4,0,2,0,0,"{'DALLE_3': [5, 5, 5], 'DeepFloyd_I_XL_v1': [3, 4, 4], 'Midjourney_6': [5, 5, 5], 'SDXL_2_1': [5, 5, 5], 'SDXL_Base': [5, 5, 5], 'SDXL_Turbo': [5, 5, 5]}"
1240,Five wooden forks.,4,1,4,1,1,0,0,"{'DALLE_3': [5, 4, 4], 'DeepFloyd_I_XL_v1': [5, 4, 4], 'Midjourney_6': [5, 5, 5], 'SDXL_2_1': [5, 5, 5], 'SDXL_Base': [3, 3, 4], 'SDXL_Turbo': [3, 4, 4]}"
1241,Four rubber shoes.,4,1,4,0,2,0,0,"{'DALLE_3': [5, 3, 3], 'DeepFloyd_I_XL_v1': [3, 3, 4], 'Midjourney_6': [5, 5, 5], 'SDXL_2_1': [3, 4, 3], 'SDXL_Base': [2, 3, 3], 'SDXL_Turbo': [2, 2, 3]}"
1242,Three brick houses.,4,1,4,0,2,0,0,"{'DALLE_3': [5, 5, 5], 'DeepFloyd_I_XL_v1': [5, 5, 5], 'Midjourney_6': [5, 5, 5], 'SDXL_2_1': [3, 3, 3], 'SDXL_Base': [3, 4, 4], 'SDXL_Turbo': [3, 3, 4]}"
1243,Three leather sneakers.,4,1,4,1,1,0,0,"{'DALLE_3': [5, 3, 4], 'DeepFloyd_I_XL_v1': [4, 4, 4], 'Midjourney_6': [5, 4, 4], 'SDXL_2_1': [3, 3, 3], 'SDXL_Base': [3, 3, 4], 'SDXL_Turbo': [3, 3, 3]}"
1244,Two porcelain plates.,4,1,4,0,2,0,0,"{'DALLE_3': [3, 4, 4], 'DeepFloyd_I_XL_v1': [5, 5, 5], 'Midjourney_6': [5, 5, 5], 'SDXL_2_1': [5, 5, 5], 'SDXL_Base': [5, 5, 5], 'SDXL_Turbo': [3, 4, 4]}"
1245,Five wooden forks to the left of two ceramic knives.,11,1,11,2,3,0,0,"{'DALLE_3': [5, 5, 3], 'DeepFloyd_I_XL_v1': [3, 2, 2], 'Midjourney_6': [3, 3, 2], 'SDXL_2_1': [2, 2, 2], 'SDXL_Base': [2, 2, 2], 'SDXL_Turbo': [2, 2, 2]}"
1246,Four stainless steel forks.,5,1,5,0,3,0,0,"{'DALLE_3': [5, 5, 5], 'DeepFloyd_I_XL_v1': [5, 5, 5], 'Midjourney_6': [3, 4, 4], 'SDXL_2_1': [3, 4, 4], 'SDXL_Base': [2, 3, 3], 'SDXL_Turbo': [3, 4, 3]}"
1247,Five canvas bags sit to the right of three woolen hats.,12,1,13,1,4,1,0,"{'DALLE_3': [2, 2, 2], 'DeepFloyd_I_XL_v1': [2, 2, 2], 'Midjourney_6': [2, 2, 2], 'SDXL_2_1': [2, 2, 2], 'SDXL_Base': [2, 2, 2], 'SDXL_Turbo': [2, 2, 2]}"
1248,Three ceramic cups sit to the right of a wooden fork.,12,1,12,2,4,0,0,"{'DALLE_3': [3, 3, 3], 'DeepFloyd_I_XL_v1': [4, 3, 4], 'Midjourney_6': [2, 2, 2], 'SDXL_2_1': [2, 2, 2], 'SDXL_Base': [2, 2, 2], 'SDXL_Turbo': [3, 3, 2]}"
1249,Two wooden statues and three bronze statues.,8,1,8,1,3,0,0,"{'DALLE_3': [3, 2, 2], 'DeepFloyd_I_XL_v1': [3, 2, 3], 'Midjourney_6': [3, 3, 2], 'SDXL_2_1': [3, 2, 3], 'SDXL_Base': [3, 3, 3], 'SDXL_Turbo': [2, 2, 2]}"
1250,An elegant cat with a long tail throws a ball at a cute cat without a long tail.,19,1,19,4,5,1,0,"{'DALLE_3': [5, 5, 3], 'DeepFloyd_I_XL_v1': [4, 2, 2], 'Midjourney_6': [4, 3, 3], 'SDXL_2_1': [4, 2, 2], 'SDXL_Base': [4, 3, 2], 'SDXL_Turbo': [2, 2, 2]}"
1251,"Three kids, all wearing glasses, are reading a big book together in a library.",17,1,17,1,5,2,1,"{'DALLE_3': [5, 5, 5], 'DeepFloyd_I_XL_v1': [5, 4, 5], 'Midjourney_6': [5, 5, 5], 'SDXL_2_1': [5, 4, 4], 'SDXL_Base': [3, 3, 2], 'SDXL_Turbo': [3, 3, 2]}"
1252,Five monkeys swinging energetically from tree to tree in the jungle.,12,1,14,0,3,2,1,"{'DALLE_3': [3, 3, 2], 'DeepFloyd_I_XL_v1': [5, 4, 3], 'Midjourney_6': [3, 3, 2], 'SDXL_2_1': [3, 3, 2], 'SDXL_Base': [3, 3, 2], 'SDXL_Turbo': [5, 4, 3]}"
1253,"Four dogs running through a field, chasing after a frisbee.",12,1,12,0,3,2,0,"{'DALLE_3': [5, 5, 5], 'DeepFloyd_I_XL_v1': [4, 3, 3], 'Midjourney_6': [5, 5, 5], 'SDXL_2_1': [4, 3, 3], 'SDXL_Base': [5, 5, 5], 'SDXL_Turbo': [4, 3, 3]}"
1254,A pair of elephants walking trunk to tail along a dusty path.,13,1,13,1,4,2,0,"{'DALLE_3': [4, 5, 5], 'DeepFloyd_I_XL_v1': [4, 4, 4], 'Midjourney_6': [4, 4, 5], 'SDXL_2_1': [4, 4, 5], 'SDXL_Base': [5, 5, 5], 'SDXL_Turbo': [3, 3, 4]}"
1255,Three policemen working together to direct traffic at a busy intersection.,12,1,12,1,3,2,1,"{'DALLE_3': [3, 4, 4], 'DeepFloyd_I_XL_v1': [4, 5, 5], 'Midjourney_6': [5, 5, 5], 'SDXL_2_1': [2, 4, 4], 'SDXL_Base': [3, 5, 4], 'SDXL_Turbo': [2, 4, 4]}"
1256,Two friends laughing heartily over coffee at a local cafe.,11,1,12,1,3,1,1,"{'DALLE_3': [5, 5, 5], 'DeepFloyd_I_XL_v1': [5, 4, 5], 'Midjourney_6': [5, 5, 5], 'SDXL_2_1': [5, 4, 3], 'SDXL_Base': [4, 4, 5], 'SDXL_Turbo': [5, 4, 3]}"
1257,Three nurses taking care of patients in a busy hospital ward.,12,1,12,1,5,1,0,"{'DALLE_3': [3, 4, 3], 'DeepFloyd_I_XL_v1': [4, 4, 4], 'Midjourney_6': [5, 5, 5], 'SDXL_2_1': [5, 5, 4], 'SDXL_Base': [3, 4, 4], 'SDXL_Turbo': [5, 3, 5]}"
1258,A group of sheep being led by two shepherds across a green field.,14,1,14,1,4,2,0,"{'DALLE_3': [5, 5, 5], 'DeepFloyd_I_XL_v1': [5, 5, 5], 'Midjourney_6': [5, 5, 5], 'SDXL_2_1': [3, 3, 3], 'SDXL_Base': [3, 3, 3], 'SDXL_Turbo': [5, 4, 5]}"
1259,A monkey with a backpack is jumping from one smaller tree to another larger tree.,16,1,16,2,4,2,0,"{'DALLE_3': [5, 5, 5], 'DeepFloyd_I_XL_v1': [4, 3, 2], 'Midjourney_6': [3, 4, 3], 'SDXL_2_1': [3, 3, 2], 'SDXL_Base': [2, 2, 2], 'SDXL_Turbo': [3, 3, 2]}"
1260,"In the middle of the cluttered room, a coat rack with nothing on it is in the middle of the room.",23,1,24,1,7,1,0,"{'DALLE_3': [2, 3, 3], 'DeepFloyd_I_XL_v1': [2, 2, 2], 'Midjourney_6': [2, 2, 2], 'SDXL_2_1': [2, 3, 2], 'SDXL_Base': [2, 3, 2], 'SDXL_Turbo': [2, 3, 2]}"
1261,"On a large stone platform, there are two camel statues but no horse statues.",16,1,16,2,5,1,0,"{'DALLE_3': [3, 3, 3], 'DeepFloyd_I_XL_v1': [5, 4, 5], 'Midjourney_6': [5, 5, 5], 'SDXL_2_1': [5, 5, 3], 'SDXL_Base': [3, 3, 2], 'SDXL_Turbo': [5, 5, 5]}"
1262,"A sky full of stars, but no moon in sight.",12,1,12,2,3,0,0,"{'DALLE_3': [2, 3, 2], 'DeepFloyd_I_XL_v1': [5, 4, 5], 'Midjourney_6': [5, 5, 5], 'SDXL_2_1': [5, 5, 5], 'SDXL_Base': [5, 4, 5], 'SDXL_Turbo': [5, 5, 5]}"
1263,A hippopotamus in the water is bigger than a baby elephant by the river.,15,1,17,1,5,1,0,"{'DALLE_3': [4, 3, 5], 'DeepFloyd_I_XL_v1': [3, 3, 2], 'Midjourney_6': [2, 2, 2], 'SDXL_2_1': [2, 2, 2], 'SDXL_Base': [2, 2, 2], 'SDXL_Turbo': [2, 2, 2]}"
1264,"There are two bananas in the basket, but no apples.",12,1,12,0,3,1,0,"{'DALLE_3': [2, 3, 2], 'DeepFloyd_I_XL_v1': [3, 3, 3], 'Midjourney_6': [2, 3, 2], 'SDXL_2_1': [3, 3, 3], 'SDXL_Base': [2, 3, 3], 'SDXL_Turbo': [3, 2, 3]}"
1265,"In a room, there is only a table, but no chairs.",14,1,14,0,3,1,1,"{'DALLE_3': [2, 2, 2], 'DeepFloyd_I_XL_v1': [2, 3, 3], 'Midjourney_6': [3, 3, 3], 'SDXL_2_1': [2, 2, 2], 'SDXL_Base': [2, 3, 3], 'SDXL_Turbo': [2, 3, 2]}"
1266,A squirrel's nest with lots of pine cones but not a squirrel in sight.,16,1,16,2,5,0,1,"{'DALLE_3': [2, 2, 2], 'DeepFloyd_I_XL_v1': [5, 4, 5], 'Midjourney_6': [5, 5, 5], 'SDXL_2_1': [5, 5, 5], 'SDXL_Base': [4, 4, 4], 'SDXL_Turbo': [2, 2, 2]}"
1267,"A bookshelf full of novels, none of which have a parrot on the cover.",16,1,16,1,4,1,0,"{'DALLE_3': [2, 2, 3], 'DeepFloyd_I_XL_v1': [2, 3, 2], 'Midjourney_6': [2, 3, 2], 'SDXL_2_1': [3, 3, 5], 'SDXL_Base': [2, 2, 3], 'SDXL_Turbo': [2, 2, 3]}"
1268,"In a classroom without a teacher, the students quietly study on their own.",15,1,15,1,3,1,1,"{'DALLE_3': [2, 2, 2], 'DeepFloyd_I_XL_v1': [5, 4, 5], 'Midjourney_6': [5, 5, 5], 'SDXL_2_1': [5, 3, 3], 'SDXL_Base': [5, 3, 5], 'SDXL_Turbo': [4, 3, 3]}"
1269,"There are a few cows in the post-harvest farmland, all of which are tired.",16,1,18,2,2,3,0,"{'DALLE_3': [5, 4, 5], 'DeepFloyd_I_XL_v1': [5, 4, 4], 'Midjourney_6': [4, 3, 4], 'SDXL_2_1': [5, 4, 4], 'SDXL_Base': [5, 4, 4], 'SDXL_Turbo': [5, 5, 4]}"
1270,A kitchen scene with a child trying to reach a cookie jar that doesn't contain any cookies.,19,1,19,1,5,4,1,"{'DALLE_3': [2, 2, 2], 'DeepFloyd_I_XL_v1': [2, 2, 2], 'Midjourney_6': [2, 3, 2], 'SDXL_2_1': [2, 2, 2], 'SDXL_Base': [2, 2, 2], 'SDXL_Turbo': [2, 2, 2]}"
1271,A red and green frog is jumping from one lotus leaf to another bigger one.,16,1,16,3,3,2,0,"{'DALLE_3': [4, 2, 3], 'DeepFloyd_I_XL_v1': [3, 2, 2], 'Midjourney_6': [2, 2, 2], 'SDXL_2_1': [3, 2, 2], 'SDXL_Base': [2, 2, 2], 'SDXL_Turbo': [2, 3, 2]}"
1272,A police station's lost and found box that doesn't have any lost dogs or cats.,18,1,18,1,6,3,1,"{'DALLE_3': [2, 2, 2], 'DeepFloyd_I_XL_v1': [2, 2, 2], 'Midjourney_6': [2, 2, 1], 'SDXL_2_1': [5, 3, 2], 'SDXL_Base': [2, 2, 2], 'SDXL_Turbo': [2, 2, 2]}"
1273,A pet store where all the hamster cages are empty.,11,1,11,1,4,1,0,"{'DALLE_3': [2, 3, 2], 'DeepFloyd_I_XL_v1': [2, 2, 2], 'Midjourney_6': [2, 3, 5], 'SDXL_2_1': [5, 4, 5], 'SDXL_Base': [2, 3, 3], 'SDXL_Turbo': [2, 2, 3]}"
1274,An artist's studio with canvases that don't depict any birds or wildlife.,15,1,17,0,5,2,1,"{'DALLE_3': [2, 2, 2], 'DeepFloyd_I_XL_v1': [4, 4, 4], 'Midjourney_6': [2, 3, 2], 'SDXL_2_1': [2, 2, 2], 'SDXL_Base': [2, 2, 2], 'SDXL_Turbo': [2, 3, 2]}"
1275,"A wildlife scene that doesn't feature any lions or tigers, just serene landscapes.",16,1,16,2,4,2,2,"{'DALLE_3': [2, 2, 2], 'DeepFloyd_I_XL_v1': [3, 2, 2], 'Midjourney_6': [2, 3, 2], 'SDXL_2_1': [2, 3, 2], 'SDXL_Base': [2, 3, 2], 'SDXL_Turbo': [2, 3, 2]}"
1276,"A mountain path where no horses or riders have passed today, only fallen leaves.",16,1,16,0,6,3,1,"{'DALLE_3': [5, 3, 5], 'DeepFloyd_I_XL_v1': [5, 2, 5], 'Midjourney_6': [5, 4, 5], 'SDXL_2_1': [5, 3, 5], 'SDXL_Base': [5, 4, 5], 'SDXL_Turbo': [5, 4, 5]}"
1277,A playground where no children are playing.,8,1,8,0,2,2,0,"{'DALLE_3': [5, 4, 5], 'DeepFloyd_I_XL_v1': [3, 2, 2], 'Midjourney_6': [5, 4, 5], 'SDXL_2_1': [5, 2, 5], 'SDXL_Base': [5, 3, 5], 'SDXL_Turbo': [5, 3, 5]}"
1278,A kitchen with a fridge that doesn't have any milk left.,13,1,13,0,3,3,1,"{'DALLE_3': [2, 2, 2], 'DeepFloyd_I_XL_v1': [3, 2, 3], 'Midjourney_6': [3, 3, 2], 'SDXL_2_1': [3, 2, 2], 'SDXL_Base': [3, 3, 2], 'SDXL_Turbo': [5, 3, 4]}"
1279,A farm with a barn that doesn't shelter any sheep.,12,1,12,0,3,2,1,"{'DALLE_3': [2, 2, 2], 'DeepFloyd_I_XL_v1': [2, 2, 2], 'Midjourney_6': [2, 3, 2], 'SDXL_2_1': [2, 2, 3], 'SDXL_Base': [2, 2, 2], 'SDXL_Turbo': [2, 2, 3]}"
1280,"A lively animal circus scene with tigers, lions and seals, but no monkeys.",16,1,16,1,6,0,1,"{'DALLE_3': [5, 4, 5], 'DeepFloyd_I_XL_v1': [2, 2, 3], 'Midjourney_6': [3, 3, 5], 'SDXL_2_1': [3, 2, 3], 'SDXL_Base': [3, 2, 3], 'SDXL_Turbo': [3, 2, 3]}"
1281,"A city park where the usual flock of pigeons isn't around, just scattered breadcrumbs.",17,1,18,1,5,2,3,"{'DALLE_3': [2, 2, 2], 'DeepFloyd_I_XL_v1': [2, 3, 2], 'Midjourney_6': [2, 3, 2], 'SDXL_2_1': [2, 2, 2], 'SDXL_Base': [2, 2, 2], 'SDXL_Turbo': [2, 2, 2]}"
1282,"A vet's office with a 'No waiting' sign, as there are no pets.",17,1,18,1,4,2,0,"{'DALLE_3': [2, 1, 2], 'DeepFloyd_I_XL_v1': [1, 2, 3], 'Midjourney_6': [2, 3, 2], 'SDXL_2_1': [4, 2, 2], 'SDXL_Base': [2, 2, 4], 'SDXL_Turbo': [3, 3, 1]}"
1283,A kitchen without a spoon on the counter.,9,1,9,0,3,0,0,"{'DALLE_3': [1, 1, 2], 'DeepFloyd_I_XL_v1': [5, 4, 5], 'Midjourney_6': [5, 4, 4], 'SDXL_2_1': [5, 4, 4], 'SDXL_Base': [5, 5, 5], 'SDXL_Turbo': [5, 4, 4]}"
1284,"A study desk, but no pen in sight.",10,1,10,0,4,0,0,"{'DALLE_3': [2, 2, 1], 'DeepFloyd_I_XL_v1': [5, 2, 2], 'Midjourney_6': [2, 3, 2], 'SDXL_2_1': [5, 4, 5], 'SDXL_Base': [5, 4, 5], 'SDXL_Turbo': [5, 3, 5]}"
1285,"In the living room, the TV remote is not on the table.",14,1,14,0,5,1,1,"{'DALLE_3': [1, 2, 2], 'DeepFloyd_I_XL_v1': [2, 2, 2], 'Midjourney_6': [2, 3, 3], 'SDXL_2_1': [5, 4, 4], 'SDXL_Base': [5, 4, 4], 'SDXL_Turbo': [3, 3, 2]}"
1286,A rainy day with no umbrella by the door.,10,1,10,1,3,0,0,"{'DALLE_3': [2, 3, 3], 'DeepFloyd_I_XL_v1': [2, 2, 3], 'Midjourney_6': [2, 3, 3], 'SDXL_2_1': [5, 3, 5], 'SDXL_Base': [2, 3, 4], 'SDXL_Turbo': [2, 2, 3]}"
1287,A party with no candles on the cake.,9,1,9,0,3,0,0,"{'DALLE_3': [2, 2, 1], 'DeepFloyd_I_XL_v1': [2, 2, 2], 'Midjourney_6': [2, 3, 2], 'SDXL_2_1': [2, 2, 2], 'SDXL_Base': [2, 3, 2], 'SDXL_Turbo': [2, 3, 2]}"
1288,A bed without the usual cat sleeping on it.,10,1,10,1,2,1,0,"{'DALLE_3': [1, 2, 2], 'DeepFloyd_I_XL_v1': [2, 2, 2], 'Midjourney_6': [2, 3, 2], 'SDXL_2_1': [2, 2, 2], 'SDXL_Base': [2, 3, 2], 'SDXL_Turbo': [2, 2, 2]}"
1289,"An office, the computer on, but no one there.",12,1,13,0,3,0,1,"{'DALLE_3': [5, 4, 5], 'DeepFloyd_I_XL_v1': [3, 2, 3], 'Midjourney_6': [3, 3, 3], 'SDXL_2_1': [5, 2, 3], 'SDXL_Base': [5, 3, 3], 'SDXL_Turbo': [3, 3, 3]}"
1290,"In a classroom, the clock is not on the wall.",12,1,12,0,3,1,1,"{'DALLE_3': [2, 2, 2], 'DeepFloyd_I_XL_v1': [1, 2, 1], 'Midjourney_6': [2, 2, 2], 'SDXL_2_1': [2, 2, 2], 'SDXL_Base': [2, 3, 2], 'SDXL_Turbo': [2, 3, 2]}"
1291,no camera in the photographer's hands.,8,1,8,0,3,0,0,"{'DALLE_3': [2, 2, 1], 'DeepFloyd_I_XL_v1': [2, 2, 2], 'Midjourney_6': [2, 3, 2], 'SDXL_2_1': [2, 3, 2], 'SDXL_Base': [2, 2, 2], 'SDXL_Turbo': [2, 2, 2]}"
1292,"A person is morning running, but he doesn't wear shoes.",13,1,13,0,3,4,1,"{'DALLE_3': [2, 2, 2], 'DeepFloyd_I_XL_v1': [2, 2, 3], 'Midjourney_6': [2, 3, 2], 'SDXL_2_1': [1, 2, 2], 'SDXL_Base': [2, 2, 2], 'SDXL_Turbo': [4, 2, 2]}"
1293,"There is no towel in the bag, in a gym scene.",13,1,13,1,3,1,0,"{'DALLE_3': [2, 1, 2], 'DeepFloyd_I_XL_v1': [5, 4, 5], 'Midjourney_6': [4, 5, 4], 'SDXL_2_1': [2, 2, 2], 'SDXL_Base': [2, 2, 2], 'SDXL_Turbo': [3, 3, 3]}"
1294,"A classroom with books, but no book open.",10,1,10,0,3,0,1,"{'DALLE_3': [2, 2, 2], 'DeepFloyd_I_XL_v1': [3, 2, 2], 'Midjourney_6': [2, 3, 2], 'SDXL_2_1': [2, 2, 2], 'SDXL_Base': [2, 3, 2], 'SDXL_Turbo': [4, 3, 5]}"
1295,A coffee mug is not filled.,7,1,7,0,2,2,1,"{'DALLE_3': [4, 5, 5], 'DeepFloyd_I_XL_v1': [5, 5, 5], 'Midjourney_6': [2, 3, 3], 'SDXL_2_1': [2, 3, 3], 'SDXL_Base': [3, 3, 3], 'SDXL_Turbo': [4, 4, 5]}"
1296,"In the classroom, three students are listening attentively to the teacher, but there are no books on the table.",22,1,24,0,5,3,1,"{'DALLE_3': [2, 3, 2], 'DeepFloyd_I_XL_v1': [2, 2, 2], 'Midjourney_6': [2, 3, 2], 'SDXL_2_1': [3, 2, 2], 'SDXL_Base': [2, 3, 2], 'SDXL_Turbo': [2, 2, 2]}"
1297,a tree without any leaves.,6,1,6,0,2,0,0,"{'DALLE_3': [5, 5, 5], 'DeepFloyd_I_XL_v1': [5, 4, 5], 'Midjourney_6': [5, 5, 5], 'SDXL_2_1': [5, 4, 5], 'SDXL_Base': [5, 5, 5], 'SDXL_Turbo': [5, 4, 5]}"
1298,a shoe rack without any red pairs of shoes on it.,12,1,12,1,4,0,0,"{'DALLE_3': [2, 3, 3], 'DeepFloyd_I_XL_v1': [2, 2, 2], 'Midjourney_6': [2, 3, 2], 'SDXL_2_1': [4, 5, 5], 'SDXL_Base': [2, 2, 2], 'SDXL_Turbo': [2, 2, 2]}"
1299,Two wardrobes without shirts side by side in the bedroom.,11,1,12,0,5,0,0,"{'DALLE_3': [2, 2, 4], 'DeepFloyd_I_XL_v1': [2, 3, 4], 'Midjourney_6': [2, 3, 4], 'SDXL_2_1': [3, 3, 5], 'SDXL_Base': [2, 3, 4], 'SDXL_Turbo': [2, 3, 4]}"
1300,A plate without a banana but with two apples,9,1,9,0,3,0,0,"{'DALLE_3': [2, 3, 4], 'DeepFloyd_I_XL_v1': [2, 2, 3], 'Midjourney_6': [1, 2, 3], 'SDXL_2_1': [2, 4, 4], 'SDXL_Base': [1, 2, 3], 'SDXL_Turbo': [2, 2, 3]}"
1301,a street without bikes.,5,1,5,0,2,0,0,"{'DALLE_3': [2, 2, 4], 'DeepFloyd_I_XL_v1': [5, 5, 5], 'Midjourney_6': [2, 3, 4], 'SDXL_2_1': [3, 2, 4], 'SDXL_Base': [3, 5, 5], 'SDXL_Turbo': [2, 2, 4]}"
1302,A house with no round windows but square ones.,10,1,10,1,3,1,0,"{'DALLE_3': [2, 2, 5], 'DeepFloyd_I_XL_v1': [4, 5, 4], 'Midjourney_6': [2, 2, 4], 'SDXL_2_1': [5, 5, 5], 'SDXL_Base': [4, 5, 5], 'SDXL_Turbo': [5, 5, 5]}"
1303,Two cars without windows waiting at a traffic light.,10,1,10,0,4,1,0,"{'DALLE_3': [3, 4, 5], 'DeepFloyd_I_XL_v1': [2, 3, 4], 'Midjourney_6': [1, 2, 4], 'SDXL_2_1': [2, 2, 4], 'SDXL_Base': [1, 2, 3], 'SDXL_Turbo': [2, 2, 3]}"
1304,a city intersection without blue cars.,7,1,7,1,3,0,0,"{'DALLE_3': [5, 5, 5], 'DeepFloyd_I_XL_v1': [1, 1, 3], 'Midjourney_6': [2, 3, 4], 'SDXL_2_1': [2, 3, 4], 'SDXL_Base': [2, 4, 4], 'SDXL_Turbo': [5, 4, 5]}"
1305,Two bananas without peels crossed.,6,1,7,0,2,1,0,"{'DALLE_3': [4, 4, 4], 'DeepFloyd_I_XL_v1': [3, 4, 5], 'Midjourney_6': [3, 4, 5], 'SDXL_2_1': [3, 3, 4], 'SDXL_Base': [2, 3, 3], 'SDXL_Turbo': [3, 3, 3]}"
1306,Two birds that aren't red land on a table.,11,1,11,1,3,1,1,"{'DALLE_3': [2, 2, 2], 'DeepFloyd_I_XL_v1': [2, 2, 2], 'Midjourney_6': [2, 3, 3], 'SDXL_2_1': [4, 3, 3], 'SDXL_Base': [4, 3, 3], 'SDXL_Turbo': [4, 3, 3]}"
1307,Two rowboats without paddles on the grass in the park.,11,1,13,0,4,0,0,"{'DALLE_3': [5, 3, 2], 'DeepFloyd_I_XL_v1': [5, 3, 5], 'Midjourney_6': [5, 4, 5], 'SDXL_2_1': [5, 4, 5], 'SDXL_Base': [5, 4, 5], 'SDXL_Turbo': [5, 4, 3]}"
1308,A brand new red harp with no strings leaning against an old green guitar with strings.,17,1,17,4,5,1,0,"{'DALLE_3': [2, 3, 3], 'DeepFloyd_I_XL_v1': [2, 2, 2], 'Midjourney_6': [2, 3, 3], 'SDXL_2_1': [2, 2, 2], 'SDXL_Base': [2, 2, 2], 'SDXL_Turbo': [1, 2, 1]}"
1309,a red harp without any strings.,7,1,7,1,2,0,0,"{'DALLE_3': [2, 3, 2], 'DeepFloyd_I_XL_v1': [2, 2, 2], 'Midjourney_6': [2, 3, 3], 'SDXL_2_1': [2, 2, 2], 'SDXL_Base': [2, 2, 2], 'SDXL_Turbo': [2, 2, 2]}"
1310,A green harp without strings leaning against a red guitar without strings.,13,1,13,2,4,1,0,"{'DALLE_3': [2, 3, 2], 'DeepFloyd_I_XL_v1': [2, 2, 2], 'Midjourney_6': [2, 3, 2], 'SDXL_2_1': [2, 2, 2], 'SDXL_Base': [2, 2, 2], 'SDXL_Turbo': [2, 2, 2]}"
1311,A sunny park with no cheerful children playing.,9,1,9,2,2,1,0,"{'DALLE_3': [2, 1, 2], 'DeepFloyd_I_XL_v1': [2, 2, 2], 'Midjourney_6': [5, 5, 5], 'SDXL_2_1': [2, 2, 2], 'SDXL_Base': [2, 3, 2], 'SDXL_Turbo': [5, 4, 5]}"
1312,A cozy bedroom without a fluffy pillow on the bed.,11,1,11,1,4,0,0,"{'DALLE_3': [2, 2, 2], 'DeepFloyd_I_XL_v1': [2, 2, 2], 'Midjourney_6': [2, 3, 2], 'SDXL_2_1': [2, 2, 2], 'SDXL_Base': [2, 3, 2], 'SDXL_Turbo': [2, 2, 2]}"
1313,"A busy office, but not a single bright screen on.",12,1,12,2,3,0,1,"{'DALLE_3': [2, 2, 2], 'DeepFloyd_I_XL_v1': [2, 2, 3], 'Midjourney_6': [2, 3, 2], 'SDXL_2_1': [2, 2, 2], 'SDXL_Base': [2, 3, 2], 'SDXL_Turbo': [2, 3, 2]}"
1314,An art studio without any messy paints scattered.,9,1,9,1,3,1,0,"{'DALLE_3': [2, 2, 2], 'DeepFloyd_I_XL_v1': [2, 2, 2], 'Midjourney_6': [2, 3, 2], 'SDXL_2_1': [3, 2, 2], 'SDXL_Base': [2, 3, 2], 'SDXL_Turbo': [2, 2, 2]}"
1315,A library shelf with no ancient books displayed.,9,1,9,1,3,1,0,"{'DALLE_3': [2, 2, 2], 'DeepFloyd_I_XL_v1': [2, 2, 2], 'Midjourney_6': [2, 3, 2], 'SDXL_2_1': [2, 3, 2], 'SDXL_Base': [2, 3, 2], 'SDXL_Turbo': [2, 2, 2]}"
1316,"A dining table, but no hot meals were served.",11,1,11,1,3,2,0,"{'DALLE_3': [2, 2, 2], 'DeepFloyd_I_XL_v1': [4, 2, 3], 'Midjourney_6': [3, 3, 2], 'SDXL_2_1': [3, 2, 2], 'SDXL_Base': [3, 3, 3], 'SDXL_Turbo': [3, 3, 3]}"
1317,A sandy beach without any soft towels spread out.,10,1,10,2,2,1,0,"{'DALLE_3': [2, 2, 2], 'DeepFloyd_I_XL_v1': [4, 4, 4], 'Midjourney_6': [2, 3, 3], 'SDXL_2_1': [5, 4, 5], 'SDXL_Base': [5, 4, 5], 'SDXL_Turbo': [5, 4, 5]}"
1318,A little boy sits on a large red storage box and holds up a smaller green one.,18,1,18,6,3,1,0,"{'DALLE_3': [4, 3, 4], 'DeepFloyd_I_XL_v1': [3, 2, 4], 'Midjourney_6': [4, 4, 5], 'SDXL_2_1': [3, 2, 3], 'SDXL_Base': [2, 2, 2], 'SDXL_Turbo': [2, 2, 2]}"
1319,A winter morning with no white snow covering roofs.,10,1,10,1,4,1,0,"{'DALLE_3': [2, 3, 2], 'DeepFloyd_I_XL_v1': [2, 2, 2], 'Midjourney_6': [2, 3, 2], 'SDXL_2_1': [2, 2, 2], 'SDXL_Base': [2, 2, 2], 'SDXL_Turbo': [2, 2, 2]}"
1320,A pet shop with no tiny hamsters running wheels.,10,1,11,1,4,1,0,"{'DALLE_3': [3, 3, 2], 'DeepFloyd_I_XL_v1': [2, 2, 2], 'Midjourney_6': [3, 2, 3], 'SDXL_2_1': [3, 2, 3], 'SDXL_Base': [3, 2, 3], 'SDXL_Turbo': [3, 3, 3]}"
1321,A rickety table with a couple of even more rickety chairs next to it.,15,1,19,1,5,0,1,"{'DALLE_3': [5, 4, 5], 'DeepFloyd_I_XL_v1': [5, 4, 5], 'Midjourney_6': [5, 4, 5], 'SDXL_2_1': [4, 2, 3], 'SDXL_Base': [5, 3, 5], 'SDXL_Turbo': [5, 4, 5]}"
1322,A happy boy is behind an unhappy girl.,9,1,9,2,2,1,0,"{'DALLE_3': [2, 3, 3], 'DeepFloyd_I_XL_v1': [2, 2, 2], 'Midjourney_6': [3, 3, 2], 'SDXL_2_1': [2, 2, 2], 'SDXL_Base': [3, 3, 2], 'SDXL_Turbo': [2, 3, 2]}"
1323,"The table lamp emits bright light, but the chandelier's light is not bright.",16,1,17,2,5,2,1,"{'DALLE_3': [3, 3, 3], 'DeepFloyd_I_XL_v1': [2, 2, 3], 'Midjourney_6': [2, 3, 3], 'SDXL_2_1': [2, 3, 3], 'SDXL_Base': [2, 2, 2], 'SDXL_Turbo': [2, 2, 3]}"
1324,A kitten hides in a shoe bigger than itself and peeks out.,13,1,14,2,2,1,0,"{'DALLE_3': [4, 4, 4], 'DeepFloyd_I_XL_v1': [5, 4, 4], 'Midjourney_6': [5, 4, 5], 'SDXL_2_1': [4, 3, 3], 'SDXL_Base': [4, 3, 3], 'SDXL_Turbo': [4, 4, 4]}"
1325,"A vase contains flowers of various colors, but there are no red flowers.",15,1,15,2,4,2,0,"{'DALLE_3': [3, 3, 2], 'DeepFloyd_I_XL_v1': [2, 2, 2], 'Midjourney_6': [3, 3, 2], 'SDXL_2_1': [3, 3, 2], 'SDXL_Base': [2, 2, 2], 'SDXL_Turbo': [3, 3, 2]}"
1326,A larger gorilla hands a smaller mechanical monkey a banana.,11,1,11,3,3,1,0,"{'DALLE_3': [4, 3, 2], 'DeepFloyd_I_XL_v1': [3, 2, 2], 'Midjourney_6': [5, 3, 5], 'SDXL_2_1': [2, 2, 2], 'SDXL_Base': [3, 3, 2], 'SDXL_Turbo': [4, 2, 2]}"
1327,"On a wooden dining table, both the spoons and plates are made of wood, only the fork is not made of wood.",25,1,25,1,7,4,2,"{'DALLE_3': [3, 3, 2], 'DeepFloyd_I_XL_v1': [3, 3, 2], 'Midjourney_6': [3, 3, 2], 'SDXL_2_1': [2, 2, 2], 'SDXL_Base': [3, 3, 2], 'SDXL_Turbo': [3, 3, 2]}"
1328,"On the roof, there are three happy puppies, but not a single cat.",16,1,16,2,3,1,1,"{'DALLE_3': [2, 2, 2], 'DeepFloyd_I_XL_v1': [5, 3, 4], 'Midjourney_6': [5, 4, 5], 'SDXL_2_1': [3, 2, 2], 'SDXL_Base': [3, 3, 2], 'SDXL_Turbo': [5, 4, 5]}"
1329,A child is holding a snowball with hands that are not wearing gloves.,14,1,14,0,4,4,1,"{'DALLE_3': [3, 3, 4], 'DeepFloyd_I_XL_v1': [3, 3, 4], 'Midjourney_6': [5, 5, 5], 'SDXL_2_1': [3, 3, 3], 'SDXL_Base': [3, 3, 4], 'SDXL_Turbo': [3, 3, 4]}"
1330,"Two people are sitting side by side; the person on the left is laughing, but the one on the right is not.",25,1,25,0,6,5,1,"{'DALLE_3': [5, 5, 5], 'DeepFloyd_I_XL_v1': [3, 3, 3], 'Midjourney_6': [3, 3, 4], 'SDXL_2_1': [3, 3, 4], 'SDXL_Base': [3, 3, 4], 'SDXL_Turbo': [3, 3, 5]}"
1331,"A brand-new computer sits on a metal table, the mouse is lit up, but the screen is not.",21,1,24,1,6,3,1,"{'DALLE_3': [3, 3, 4], 'DeepFloyd_I_XL_v1': [3, 3, 4], 'Midjourney_6': [3, 3, 4], 'SDXL_2_1': [3, 3, 4], 'SDXL_Base': [3, 3, 4], 'SDXL_Turbo': [3, 3, 3]}"
1332,"A person with a bright scarf, and no hat in the cold.",14,1,14,1,4,0,0,"{'DALLE_3': [2, 3, 2], 'DeepFloyd_I_XL_v1': [2, 3, 2], 'Midjourney_6': [2, 3, 2], 'SDXL_2_1': [2, 3, 2], 'SDXL_Base': [2, 3, 3], 'SDXL_Turbo': [2, 3, 2]}"
1333,Three people on a bench without shoes.,8,1,8,0,3,0,0,"{'DALLE_3': [5, 4, 5], 'DeepFloyd_I_XL_v1': [2, 2, 2], 'Midjourney_6': [5, 4, 5], 'SDXL_2_1': [2, 3, 2], 'SDXL_Base': [4, 3, 3], 'SDXL_Turbo': [3, 2, 2]}"
1334,"A jogging man, and no watch on his wrist.",11,1,11,0,4,0,0,"{'DALLE_3': [2, 2, 2], 'DeepFloyd_I_XL_v1': [2, 2, 3], 'Midjourney_6': [2, 2, 5], 'SDXL_2_1': [5, 4, 3], 'SDXL_Base': [4, 4, 3], 'SDXL_Turbo': [4, 4, 3]}"
1335,The girl stuck an unopened rose in a transparent vase without water.,13,1,14,2,3,2,0,"{'DALLE_3': [3, 2, 2], 'DeepFloyd_I_XL_v1': [3, 2, 2], 'Midjourney_6': [3, 2, 2], 'SDXL_2_1': [3, 3, 2], 'SDXL_Base': [3, 3, 2], 'SDXL_Turbo': [3, 3, 2]}"
1336,A woman with three dogs and no umbrella in the drizzle.,12,1,12,0,4,0,0,"{'DALLE_3': [3, 3, 2], 'DeepFloyd_I_XL_v1': [3, 3, 2], 'Midjourney_6': [3, 3, 2], 'SDXL_2_1': [3, 3, 2], 'SDXL_Base': [2, 2, 2], 'SDXL_Turbo': [2, 2, 2]}"
1337,"A boy in a cape, climbing without sneakers.",10,1,10,0,3,1,0,"{'DALLE_3': [3, 3, 2], 'DeepFloyd_I_XL_v1': [5, 4, 4], 'Midjourney_6': [3, 3, 3], 'SDXL_2_1': [4, 4, 4], 'SDXL_Base': [5, 4, 4], 'SDXL_Turbo': [3, 3, 2]}"
1338,A girl with a red bow sits beside a table with no notebook on it.,16,1,16,1,5,0,0,"{'DALLE_3': [2, 3, 2], 'DeepFloyd_I_XL_v1': [2, 3, 2], 'Midjourney_6': [2, 3, 2], 'SDXL_2_1': [5, 2, 3], 'SDXL_Base': [2, 2, 2], 'SDXL_Turbo': [2, 2, 2]}"
1339,"A male model and a female model are showcasing the jewelry on their hands, with the taller model's jewelry appearing more lavish than the other's.",29,1,29,5,7,3,0,"{'DALLE_3': [2, 2, 2], 'DeepFloyd_I_XL_v1': [3, 3, 2], 'Midjourney_6': [3, 4, 3], 'SDXL_2_1': [4, 3, 3], 'SDXL_Base': [4, 3, 3], 'SDXL_Turbo': [3, 3, 3]}"
1340,A dog in a jumping suit with no energy.,10,1,10,0,4,0,0,"{'DALLE_3': [5, 5, 5], 'DeepFloyd_I_XL_v1': [2, 2, 2], 'Midjourney_6': [5, 5, 4], 'SDXL_2_1': [5, 5, 4], 'SDXL_Base': [5, 5, 4], 'SDXL_Turbo': [5, 5, 4]}"
1341,A cat on the sill isn't happy.,9,1,9,1,2,1,1,"{'DALLE_3': [5, 4, 5], 'DeepFloyd_I_XL_v1': [5, 5, 5], 'Midjourney_6': [5, 5, 5], 'SDXL_2_1': [5, 5, 5], 'SDXL_Base': [5, 5, 5], 'SDXL_Turbo': [5, 5, 5]}"
1342,"A person not wearing jeans, holding three small Persian cats in a sweater.",15,1,15,2,4,2,1,"{'DALLE_3': [2, 2, 3], 'DeepFloyd_I_XL_v1': [4, 4, 2], 'Midjourney_6': [2, 2, 2], 'SDXL_2_1': [3, 3, 2], 'SDXL_Base': [2, 2, 2], 'SDXL_Turbo': [2, 2, 3]}"
1343,"A person without a watch, checking their phone in a sleek suit.",14,1,14,1,4,1,0,"{'DALLE_3': [2, 2, 2], 'DeepFloyd_I_XL_v1': [2, 2, 2], 'Midjourney_6': [3, 3, 3], 'SDXL_2_1': [2, 2, 2], 'SDXL_Base': [2, 2, 2], 'SDXL_Turbo': [2, 2, 2]}"
1344,A man in a suit and tie doesn't wear shiny boots but opts for casual sneakers.,18,1,19,2,6,2,1,"{'DALLE_3': [2, 2, 2], 'DeepFloyd_I_XL_v1': [2, 2, 3], 'Midjourney_6': [3, 5, 3], 'SDXL_2_1': [3, 4, 4], 'SDXL_Base': [2, 2, 2], 'SDXL_Turbo': [2, 2, 2]}"
1345,"A man not tying his sneakers, standing still in casual jeans and a t-shirt.",16,1,18,1,4,2,2,"{'DALLE_3': [2, 2, 2], 'DeepFloyd_I_XL_v1': [3, 3, 2], 'Midjourney_6': [3, 3, 2], 'SDXL_2_1': [5, 5, 5], 'SDXL_Base': [5, 5, 5], 'SDXL_Turbo': [4, 4, 3]}"
1346,A woman without heels wears a dress.,8,1,8,0,3,1,0,"{'DALLE_3': [2, 2, 2], 'DeepFloyd_I_XL_v1': [2, 3, 2], 'Midjourney_6': [2, 2, 2], 'SDXL_2_1': [2, 2, 3], 'SDXL_Base': [2, 2, 3], 'SDXL_Turbo': [2, 2, 3]}"
1347,"In the cold outdoors, a woman is not wrapped in a scarf, with just a warm coat.",20,1,20,2,4,2,2,"{'DALLE_3': [2, 2, 2], 'DeepFloyd_I_XL_v1': [4, 4, 3], 'Midjourney_6': [2, 2, 2], 'SDXL_2_1': [2, 2, 2], 'SDXL_Base': [2, 2, 2], 'SDXL_Turbo': [2, 2, 2]}"
1348,"A boy doesn't wear shorts, choosing jeans and a cap for a cooler day.",17,1,17,0,6,3,1,"{'DALLE_3': [2, 3, 2], 'DeepFloyd_I_XL_v1': [5, 5, 5], 'Midjourney_6': [2, 3, 2], 'SDXL_2_1': [2, 2, 2], 'SDXL_Base': [2, 3, 2], 'SDXL_Turbo': [2, 3, 2]}"
1349,"A girl not wearing a skirt, opting for comfortable shorts and a blouse.",15,1,16,1,4,2,1,"{'DALLE_3': [5, 4, 5], 'DeepFloyd_I_XL_v1': [5, 5, 5], 'Midjourney_6': [5, 5, 5], 'SDXL_2_1': [3, 5, 5], 'SDXL_Base': [5, 5, 5], 'SDXL_Turbo': [5, 5, 5]}"
1350,"A small dog not in a tiny sweater, playing joyfully without any clothes.",15,1,16,2,3,1,2,"{'DALLE_3': [2, 2, 2], 'DeepFloyd_I_XL_v1': [2, 2, 2], 'Midjourney_6': [2, 2, 2], 'SDXL_2_1': [2, 2, 2], 'SDXL_Base': [2, 2, 2], 'SDXL_Turbo': [2, 2, 2]}"
1351,"A person doesn't lean against the graffiti wall, standing out in a hoodie and jeans.",18,1,18,0,5,3,1,"{'DALLE_3': [2, 2, 2], 'DeepFloyd_I_XL_v1': [5, 4, 5], 'Midjourney_6': [2, 3, 2], 'SDXL_2_1': [5, 4, 2], 'SDXL_Base': [5, 5, 3], 'SDXL_Turbo': [5, 5, 3]}"
1352,A person in a formal dress and coat doesn't wear gloves despite the chill.,16,1,16,1,5,2,1,"{'DALLE_3': [2, 3, 2], 'DeepFloyd_I_XL_v1': [2, 3, 2], 'Midjourney_6': [2, 2, 2], 'SDXL_2_1': [2, 2, 2], 'SDXL_Base': [2, 3, 2], 'SDXL_Turbo': [2, 3, 2]}"
1353,"A man not riding a motorcycle, standing beside it in a leather jacket and jeans.",17,1,17,0,5,2,1,"{'DALLE_3': [5, 5, 5], 'DeepFloyd_I_XL_v1': [4, 4, 5], 'Midjourney_6': [5, 5, 2], 'SDXL_2_1': [5, 5, 5], 'SDXL_Base': [2, 2, 3], 'SDXL_Turbo': [3, 3, 3]}"
1354,"A man without a beanie, feeling the chilly morning air directly on his hair.",16,1,16,1,5,1,1,"{'DALLE_3': [2, 2, 3], 'DeepFloyd_I_XL_v1': [2, 2, 2], 'Midjourney_6': [2, 2, 2], 'SDXL_2_1': [2, 2, 2], 'SDXL_Base': [2, 2, 2], 'SDXL_Turbo': [2, 2, 2]}"
1355,A woman in a suit and blouse doesn't enjoy a day in the park.,16,1,16,0,5,2,1,"{'DALLE_3': [5, 5, 5], 'DeepFloyd_I_XL_v1': [5, 4, 3], 'Midjourney_6': [5, 5, 5], 'SDXL_2_1': [5, 4, 3], 'SDXL_Base': [5, 5, 3], 'SDXL_Turbo': [5, 4, 4]}"
1356,"In a cozy bookstore, a woman is not browsing books.",12,1,12,0,4,2,1,"{'DALLE_3': [2, 2, 3], 'DeepFloyd_I_XL_v1': [2, 2, 2], 'Midjourney_6': [5, 5, 4], 'SDXL_2_1': [2, 2, 2], 'SDXL_Base': [2, 2, 2], 'SDXL_Turbo': [2, 2, 2]}"
1357,A puppy with a frisbee in its mouth bounced around a boy who did not play with it.,19,1,20,1,3,3,1,"{'DALLE_3': [2, 2, 2], 'DeepFloyd_I_XL_v1': [2, 2, 2], 'Midjourney_6': [2, 2, 3], 'SDXL_2_1': [2, 2, 2], 'SDXL_Base': [2, 2, 2], 'SDXL_Turbo': [2, 2, 3]}"
1358,"A girl without sandals, walking barefoot on the beach in a dress.",14,1,14,0,5,1,0,"{'DALLE_3': [5, 5, 5], 'DeepFloyd_I_XL_v1': [5, 5, 5], 'Midjourney_6': [5, 5, 5], 'SDXL_2_1': [3, 4, 5], 'SDXL_Base': [3, 4, 5], 'SDXL_Turbo': [4, 4, 5]}"
1359,"An old man not wearing a coat, excitedly exploring the snow.",13,1,15,1,3,2,2,"{'DALLE_3': [2, 2, 2], 'DeepFloyd_I_XL_v1': [2, 2, 1], 'Midjourney_6': [2, 2, 1], 'SDXL_2_1': [2, 2, 1], 'SDXL_Base': [2, 2, 1], 'SDXL_Turbo': [2, 2, 1]}"
1360,A cat doesn't curl up on the jacket.,10,1,10,0,2,2,2,"{'DALLE_3': [2, 2, 3], 'DeepFloyd_I_XL_v1': [3, 2, 2], 'Midjourney_6': [2, 2, 2], 'SDXL_2_1': [2, 3, 2], 'SDXL_Base': [3, 2, 2], 'SDXL_Turbo': [3, 2, 2]}"
1361,A person without tied shoelaces is preparing for a workout in the gym.,14,1,16,1,4,2,0,"{'DALLE_3': [2, 2, 3], 'DeepFloyd_I_XL_v1': [2, 2, 3], 'Midjourney_6': [2, 2, 3], 'SDXL_2_1': [3, 2, 3], 'SDXL_Base': [2, 2, 2], 'SDXL_Turbo': [2, 2, 3]}"
1362,A person is not hanging ornaments on the Christmas tree in a festive sweater.,15,1,15,1,5,2,1,"{'DALLE_3': [3, 3, 3], 'DeepFloyd_I_XL_v1': [3, 3, 3], 'Midjourney_6': [3, 2, 3], 'SDXL_2_1': [4, 4, 4], 'SDXL_Base': [4, 4, 4], 'SDXL_Turbo': [4, 4, 4]}"
1363,A man in a tuxedo doesn't adjust his tie.,11,1,11,0,3,2,1,"{'DALLE_3': [2, 2, 2], 'DeepFloyd_I_XL_v1': [5, 5, 5], 'Midjourney_6': [5, 5, 5], 'SDXL_2_1': [5, 5, 5], 'SDXL_Base': [2, 2, 2], 'SDXL_Turbo': [2, 2, 2]}"
1364,"A man in casual shorts is cleaning out his tent, not setting it up.",16,1,16,1,3,3,1,"{'DALLE_3': [3, 3, 3], 'DeepFloyd_I_XL_v1': [2, 2, 2], 'Midjourney_6': [2, 2, 2], 'SDXL_2_1': [2, 2, 3], 'SDXL_Base': [2, 2, 3], 'SDXL_Turbo': [2, 2, 3]}"
1365,A woman without a bracelet is talking with a boy with a bracelet.,14,1,14,0,4,2,0,"{'DALLE_3': [2, 2, 2], 'DeepFloyd_I_XL_v1': [3, 4, 3], 'Midjourney_6': [2, 2, 3], 'SDXL_2_1': [2, 2, 3], 'SDXL_Base': [3, 3, 2], 'SDXL_Turbo': [2, 3, 2]}"
1366,A woman not wearing a hoodie in the middle of a group of people wearing hoodies.,17,1,17,0,6,2,1,"{'DALLE_3': [3, 2, 2], 'DeepFloyd_I_XL_v1': [3, 2, 2], 'Midjourney_6': [3, 2, 2], 'SDXL_2_1': [3, 2, 1], 'SDXL_Base': [3, 2, 2], 'SDXL_Turbo': [3, 2, 2]}"
1367,A cartoon puppy without a collar and with a necklace.,11,1,11,0,4,0,0,"{'DALLE_3': [2, 2, 2], 'DeepFloyd_I_XL_v1': [2, 3, 2], 'Midjourney_6': [3, 2, 2], 'SDXL_2_1': [3, 2, 2], 'SDXL_Base': [3, 2, 2], 'SDXL_Turbo': [5, 5, 4]}"
1368,A boy doesn't make a snowman.,8,1,8,0,2,2,1,"{'DALLE_3': [3, 2, 2], 'DeepFloyd_I_XL_v1': [3, 2, 2], 'Midjourney_6': [3, 2, 2], 'SDXL_2_1': [2, 2, 2], 'SDXL_Base': [2, 2, 2], 'SDXL_Turbo': [3, 2, 2]}"
1369,A girl engaging in a snowball fight.,8,1,8,1,2,1,0,"{'DALLE_3': [3, 3, 3], 'DeepFloyd_I_XL_v1': [4, 4, 4], 'Midjourney_6': [5, 5, 5], 'SDXL_2_1': [5, 5, 5], 'SDXL_Base': [5, 4, 5], 'SDXL_Turbo': [5, 4, 5]}"
1370,"A man without a beanie, with no apparel on his head whatsoever, felt the cold morning air directly against his hair.",24,1,24,1,7,1,2,"{'DALLE_3': [3, 2, 2], 'DeepFloyd_I_XL_v1': [2, 2, 2], 'Midjourney_6': [2, 2, 2], 'SDXL_2_1': [2, 2, 2], 'SDXL_Base': [2, 2, 2], 'SDXL_Turbo': [2, 2, 2]}"
1371,A girl holds a cup of hot cocoa but she does not drink.,14,1,14,1,3,3,1,"{'DALLE_3': [5, 5, 5], 'DeepFloyd_I_XL_v1': [3, 2, 2], 'Midjourney_6': [5, 5, 5], 'SDXL_2_1': [5, 5, 5], 'SDXL_Base': [5, 5, 5], 'SDXL_Turbo': [5, 5, 5]}"
1372,"The student with the glasses is holding a book in the tree, but he's not reading it.",20,1,20,0,4,4,1,"{'DALLE_3': [3, 2, 2], 'DeepFloyd_I_XL_v1': [3, 3, 5], 'Midjourney_6': [3, 2, 2], 'SDXL_2_1': [5, 4, 5], 'SDXL_Base': [2, 2, 2], 'SDXL_Turbo': [3, 2, 2]}"
1373,"In an early morning park, a man in a grey and white tracksuit is not running.",18,1,19,2,5,2,1,"{'DALLE_3': [3, 2, 2], 'DeepFloyd_I_XL_v1': [5, 5, 5], 'Midjourney_6': [3, 2, 2], 'SDXL_2_1': [3, 2, 3], 'SDXL_Base': [3, 2, 2], 'SDXL_Turbo': [3, 2, 2]}"
1374,A woman not painting a landscape on a canvas.,10,1,10,0,3,1,1,"{'DALLE_3': [3, 2, 2], 'DeepFloyd_I_XL_v1': [3, 2, 2], 'Midjourney_6': [3, 2, 2], 'SDXL_2_1': [3, 2, 2], 'SDXL_Base': [3, 2, 2], 'SDXL_Turbo': [2, 2, 2]}"
1375,"In the sunny backyard, many bubbles are floating around a little girl, but she is not the one blowing them.",23,1,23,3,3,4,1,"{'DALLE_3': [3, 3, 2], 'DeepFloyd_I_XL_v1': [3, 3, 2], 'Midjourney_6': [5, 5, 5], 'SDXL_2_1': [4, 4, 5], 'SDXL_Base': [4, 5, 5], 'SDXL_Turbo': [3, 3, 2]}"
1376,"A group of children play around an oak tree, and the number of children in the tree outnumbers the number of children under the tree.",27,1,28,0,10,2,0,"{'DALLE_3': [3, 2, 2], 'DeepFloyd_I_XL_v1': [3, 3, 2], 'Midjourney_6': [5, 5, 3], 'SDXL_2_1': [3, 2, 2], 'SDXL_Base': [3, 2, 2], 'SDXL_Turbo': [3, 2, 2]}"
1377,"At a dinner party, the number of people who are eating is less than the number of people who are not eating.",24,1,24,1,6,5,1,"{'DALLE_3': [3, 2, 2], 'DeepFloyd_I_XL_v1': [1, 1, 1], 'Midjourney_6': [3, 2, 2], 'SDXL_2_1': [3, 2, 2], 'SDXL_Base': [3, 2, 2], 'SDXL_Turbo': [4, 4, 2]}"
1378,"In a classroom, all the students look at a math problem on the board in confusion, but the teacher stands off to the side without explaining the problem.",31,1,31,0,9,3,0,"{'DALLE_3': [5, 5, 4], 'DeepFloyd_I_XL_v1': [3, 3, 3], 'Midjourney_6': [5, 5, 5], 'SDXL_2_1': [3, 3, 3], 'SDXL_Base': [4, 4, 4], 'SDXL_Turbo': [4, 4, 3]}"
1379,A doctor is checking a patient's heartbeat without a stethoscope.,12,1,14,0,4,2,0,"{'DALLE_3': [3, 2, 2], 'DeepFloyd_I_XL_v1': [3, 3, 2], 'Midjourney_6': [3, 2, 2], 'SDXL_2_1': [3, 2, 2], 'SDXL_Base': [5, 4, 2], 'SDXL_Turbo': [2, 2, 2]}"
1380,A nurse not administering a vaccine to a young child.,11,1,12,1,3,1,1,"{'DALLE_3': [3, 2, 2], 'DeepFloyd_I_XL_v1': [3, 2, 2], 'Midjourney_6': [3, 2, 2], 'SDXL_2_1': [2, 2, 2], 'SDXL_Base': [3, 2, 2], 'SDXL_Turbo': [4, 2, 2]}"
1381,A busy intersection without any policeman directing traffic.,9,1,9,2,3,0,0,"{'DALLE_3': [5, 5, 5], 'DeepFloyd_I_XL_v1': [5, 4, 5], 'Midjourney_6': [3, 4, 5], 'SDXL_2_1': [4, 4, 5], 'SDXL_Base': [3, 4, 3], 'SDXL_Turbo': [5, 4, 5]}"
1382,A firefighter looks at a tree without a cat on it.,12,1,12,0,3,1,0,"{'DALLE_3': [3, 2, 3], 'DeepFloyd_I_XL_v1': [3, 2, 2], 'Midjourney_6': [3, 2, 2], 'SDXL_2_1': [4, 3, 4], 'SDXL_Base': [5, 5, 4], 'SDXL_Turbo': [5, 5, 5]}"
1383,"A little girl is teasing a kitten with a laser pointer, but the cat is not chasing the light spot on the floor.",25,1,25,2,7,4,1,"{'DALLE_3': [3, 3, 3], 'DeepFloyd_I_XL_v1': [5, 2, 3], 'Midjourney_6': [5, 4, 5], 'SDXL_2_1': [2, 2, 2], 'SDXL_Base': [3, 3, 3], 'SDXL_Turbo': [2, 3, 3]}"
1384,"There is a large fish aquarium in the center of the luxurious living room, but there are no fish in it.",23,1,23,3,5,2,0,"{'DALLE_3': [3, 2, 2], 'DeepFloyd_I_XL_v1': [5, 4, 5], 'Midjourney_6': [3, 2, 2], 'SDXL_2_1': [4, 3, 3], 'SDXL_Base': [3, 2, 2], 'SDXL_Turbo': [3, 3, 2]}"
1385,A hamster not running on a wheel in its cage.,11,1,11,0,3,1,1,"{'DALLE_3': [5, 4, 5], 'DeepFloyd_I_XL_v1': [4, 4, 5], 'Midjourney_6': [4, 3, 5], 'SDXL_2_1': [4, 3, 4], 'SDXL_Base': [4, 4, 5], 'SDXL_Turbo': [4, 4, 5]}"
1386,A rabbit is hopping around a field without grasses.,10,1,10,0,3,2,0,"{'DALLE_3': [3, 2, 3], 'DeepFloyd_I_XL_v1': [3, 2, 2], 'Midjourney_6': [3, 2, 3], 'SDXL_2_1': [3, 2, 2], 'SDXL_Base': [3, 2, 2], 'SDXL_Turbo': [3, 2, 2]}"
1387,A cow not grazing in a meadow.,8,1,8,0,2,1,1,"{'DALLE_3': [4, 3, 4], 'DeepFloyd_I_XL_v1': [3, 2, 2], 'Midjourney_6': [5, 5, 5], 'SDXL_2_1': [5, 5, 5], 'SDXL_Base': [5, 5, 5], 'SDXL_Turbo': [5, 5, 5]}"
1388,A monkey is stealing apples from a tourist's basket. The number of apples in the monkey's arms is less than the number of apples in the basket.,31,2,31,1,11,3,0,"{'DALLE_3': [5, 5, 5], 'DeepFloyd_I_XL_v1': [3, 3, 3], 'Midjourney_6': [5, 4, 5], 'SDXL_2_1': [4, 3, 4], 'SDXL_Base': [3, 2, 3], 'SDXL_Turbo': [3, 3, 2]}"
1389,"A team of sheep and a team of farmers are having a tug-of-war, and there are more sheep than farmers.",22,1,26,3,5,3,0,"{'DALLE_3': [3, 3, 2], 'DeepFloyd_I_XL_v1': [2, 3, 2], 'Midjourney_6': [4, 3, 2], 'SDXL_2_1': [2, 3, 2], 'SDXL_Base': [2, 2, 2], 'SDXL_Turbo': [2, 2, 2]}"
1390,"A pig standing in a mud puddle on a hot day, but not rolling around in the mud.",20,1,20,1,6,1,2,"{'DALLE_3': [5, 5, 5], 'DeepFloyd_I_XL_v1': [5, 5, 5], 'Midjourney_6': [5, 5, 5], 'SDXL_2_1': [5, 5, 5], 'SDXL_Base': [5, 5, 5], 'SDXL_Turbo': [5, 4, 4]}"
1391,An elephant is not happy while taking a shower.,10,1,10,1,2,2,1,"{'DALLE_3': [5, 5, 5], 'DeepFloyd_I_XL_v1': [4, 4, 5], 'Midjourney_6': [3, 3, 3], 'SDXL_2_1': [4, 4, 3], 'SDXL_Base': [5, 4, 4], 'SDXL_Turbo': [5, 4, 4]}"
1392,"There are two trees in the monkey park at the zoo, and the number of monkeys in the shorter tree is more than the number of monkeys in the taller tree.",33,1,33,1,12,2,0,"{'DALLE_3': [3, 2, 3], 'DeepFloyd_I_XL_v1': [3, 3, 2], 'Midjourney_6': [2, 2, 2], 'SDXL_2_1': [2, 2, 2], 'SDXL_Base': [2, 2, 2], 'SDXL_Turbo': [2, 2, 2]}"
1393,A bear catching fish in a mountain stream without any fish.,12,1,12,1,4,1,0,"{'DALLE_3': [3, 2, 2], 'DeepFloyd_I_XL_v1': [3, 2, 2], 'Midjourney_6': [3, 2, 2], 'SDXL_2_1': [5, 5, 5], 'SDXL_Base': [3, 2, 2], 'SDXL_Turbo': [4, 4, 3]}"
1394,"A giraffe stands to the right of a tree, but the giraffe doesn't eat the leaves.",19,1,19,0,5,3,1,"{'DALLE_3': [5, 5, 5], 'DeepFloyd_I_XL_v1': [4, 3, 3], 'Midjourney_6': [3, 2, 2], 'SDXL_2_1': [4, 4, 4], 'SDXL_Base': [5, 5, 5], 'SDXL_Turbo': [2, 2, 2]}"
1395,A red zebra is not running across the plains with its herd.,13,1,13,1,3,2,1,"{'DALLE_3': [5, 5, 5], 'DeepFloyd_I_XL_v1': [2, 3, 2], 'Midjourney_6': [2, 2, 2], 'SDXL_2_1': [2, 3, 3], 'SDXL_Base': [4, 3, 3], 'SDXL_Turbo': [4, 4, 4]}"
1396,"A toolbox contains a brass screw and iron nail, the screw being newer than the nail.",18,1,18,1,7,2,0,"{'DALLE_3': [4, 3, 4], 'DeepFloyd_I_XL_v1': [2, 2, 2], 'Midjourney_6': [3, 3, 2], 'SDXL_2_1': [3, 3, 2], 'SDXL_Base': [3, 2, 2], 'SDXL_Turbo': [2, 2, 2]}"
1397,Two children are exchanging candies and the little girl has more candies in her hand than the little boy does.,21,1,21,3,6,4,0,"{'DALLE_3': [3, 4, 3], 'DeepFloyd_I_XL_v1': [4, 4, 3], 'Midjourney_6': [4, 4, 3], 'SDXL_2_1': [2, 3, 3], 'SDXL_Base': [2, 3, 3], 'SDXL_Turbo': [2, 3, 2]}"
1398,A child not building a sandcastle at the beach.,10,1,11,0,3,1,1,"{'DALLE_3': [3, 2, 2], 'DeepFloyd_I_XL_v1': [3, 2, 2], 'Midjourney_6': [2, 2, 2], 'SDXL_2_1': [3, 2, 2], 'SDXL_Base': [3, 2, 2], 'SDXL_Turbo': [2, 2, 2]}"
1399,A woman in a wheelchair is taller than the boy next to her.,14,1,14,3,2,1,0,"{'DALLE_3': [2, 2, 2], 'DeepFloyd_I_XL_v1': [3, 3, 2], 'Midjourney_6': [5, 4, 5], 'SDXL_2_1': [2, 2, 2], 'SDXL_Base': [3, 2, 2], 'SDXL_Turbo': [2, 2, 2]}"
1400,There is more orange juice in the glass than water in the bowl next to it.,17,1,17,2,4,1,0,"{'DALLE_3': [5, 4, 5], 'DeepFloyd_I_XL_v1': [3, 2, 3], 'Midjourney_6': [4, 4, 5], 'SDXL_2_1': [3, 2, 1], 'SDXL_Base': [3, 2, 2], 'SDXL_Turbo': [3, 2, 2]}"
1401,"Some balls are on the table and on the floor, and the number of balls on the table is more than the number of balls on the floor.",30,1,30,1,9,2,0,"{'DALLE_3': [3, 2, 3], 'DeepFloyd_I_XL_v1': [1, 1, 1], 'Midjourney_6': [4, 3, 4], 'SDXL_2_1': [3, 2, 2], 'SDXL_Base': [2, 2, 2], 'SDXL_Turbo': [3, 2, 2]}"
1402,"Some balls are on the table and on the floor, and the balls on the table have a greater variety of colors than those on the floor",28,1,28,1,8,2,0,"{'DALLE_3': [3, 2, 2], 'DeepFloyd_I_XL_v1': [2, 2, 2], 'Midjourney_6': [2, 2, 2], 'SDXL_2_1': [2, 2, 2], 'SDXL_Base': [3, 2, 2], 'SDXL_Turbo': [2, 2, 2]}"
1403,"There's a cat near a sunny window, and it's not curled up napping.",17,1,17,0,4,3,1,"{'DALLE_3': [3, 2, 2], 'DeepFloyd_I_XL_v1': [5, 5, 5], 'Midjourney_6': [3, 2, 2], 'SDXL_2_1': [5, 5, 5], 'SDXL_Base': [5, 5, 5], 'SDXL_Turbo': [3, 3, 3]}"
1404,A colorful fish swimming in water with no colorful coral.,11,1,11,3,3,0,0,"{'DALLE_3': [3, 2, 3], 'DeepFloyd_I_XL_v1': [3, 3, 3], 'Midjourney_6': [3, 2, 2], 'SDXL_2_1': [3, 2, 2], 'SDXL_Base': [3, 2, 2], 'SDXL_Turbo': [4, 3, 3]}"
1405,A hamster is nibbling on a tiny piece of apple.,11,1,13,1,3,2,0,"{'DALLE_3': [4, 4, 5], 'DeepFloyd_I_XL_v1': [4, 4, 5], 'Midjourney_6': [5, 5, 5], 'SDXL_2_1': [5, 5, 2], 'SDXL_Base': [4, 4, 5], 'SDXL_Turbo': [4, 4, 5]}"
1406,A rabbit is burrowing into a soft pile of hay.,11,1,12,1,3,2,0,"{'DALLE_3': [5, 5, 5], 'DeepFloyd_I_XL_v1': [5, 5, 5], 'Midjourney_6': [5, 5, 5], 'SDXL_2_1': [5, 5, 5], 'SDXL_Base': [5, 5, 5], 'SDXL_Turbo': [5, 5, 5]}"
1407,A cow is being milked at dawn in a barn.,11,1,12,0,3,3,0,"{'DALLE_3': [5, 5, 4], 'DeepFloyd_I_XL_v1': [3, 3, 3], 'Midjourney_6': [2, 2, 2], 'SDXL_2_1': [2, 2, 2], 'SDXL_Base': [3, 3, 2], 'SDXL_Turbo': [3, 3, 2]}"
1408,A horse is being groomed by its owner in a stable.,12,1,13,1,2,3,0,"{'DALLE_3': [5, 5, 5], 'DeepFloyd_I_XL_v1': [5, 4, 5], 'Midjourney_6': [5, 5, 5], 'SDXL_2_1': [5, 5, 5], 'SDXL_Base': [5, 5, 5], 'SDXL_Turbo': [5, 4, 5]}"
1409,A thoughtful man not reading a leather-bound journal gazing into the distance at sunset.,15,1,17,2,5,1,1,"{'DALLE_3': [5, 5, 4], 'DeepFloyd_I_XL_v1': [5, 5, 5], 'Midjourney_6': [5, 5, 5], 'SDXL_2_1': [4, 4, 5], 'SDXL_Base': [4, 5, 5], 'SDXL_Turbo': [3, 3, 2]}"
1410,"In the rain, a joyful woman wearing a flowery dress is not standing.",15,1,16,1,4,3,1,"{'DALLE_3': [3, 3, 3], 'DeepFloyd_I_XL_v1': [3, 3, 3], 'Midjourney_6': [4, 3, 3], 'SDXL_2_1': [1, 2, 2], 'SDXL_Base': [5, 5, 4], 'SDXL_Turbo': [2, 3, 2]}"
1411,A curious girl uses a magnifying glass to examine the flowers next to a butterfly without looking at the butterfly itself.,22,1,23,1,5,4,0,"{'DALLE_3': [4, 3, 4], 'DeepFloyd_I_XL_v1': [2, 3, 3], 'Midjourney_6': [5, 5, 4], 'SDXL_2_1': [4, 3, 3], 'SDXL_Base': [4, 3, 3], 'SDXL_Turbo': [3, 4, 3]}"
1412,A brave boy not wearing a helmet is climbing a tall tree.,13,1,13,1,4,3,1,"{'DALLE_3': [3, 3, 3], 'DeepFloyd_I_XL_v1': [3, 3, 2], 'Midjourney_6': [5, 5, 5], 'SDXL_2_1': [2, 3, 2], 'SDXL_Base': [2, 3, 2], 'SDXL_Turbo': [4, 4, 3]}"
1413,A compassionate nurse without a thermometer is comforting a sick child.,12,1,12,1,4,2,0,"{'DALLE_3': [4, 3, 4], 'DeepFloyd_I_XL_v1': [3, 3, 3], 'Midjourney_6': [3, 3, 3], 'SDXL_2_1': [4, 4, 3], 'SDXL_Base': [3, 3, 4], 'SDXL_Turbo': [3, 3, 4]}"
1414,A courageous policeman not blowing a whistle is directing traffic during a storm.,14,1,14,1,4,3,1,"{'DALLE_3': [3, 3, 2], 'DeepFloyd_I_XL_v1': [4, 4, 5], 'Midjourney_6': [3, 3, 3], 'SDXL_2_1': [5, 4, 5], 'SDXL_Base': [4, 4, 4], 'SDXL_Turbo': [4, 4, 4]}"
1415,A playful cat not batting at a dangling string but chasing a laser pointer.,15,1,16,1,4,3,1,"{'DALLE_3': [3, 4, 3], 'DeepFloyd_I_XL_v1': [1, 2, 1], 'Midjourney_6': [2, 2, 3], 'SDXL_2_1': [2, 2, 2], 'SDXL_Base': [3, 4, 3], 'SDXL_Turbo': [1, 1, 2]}"
1416,A large bird does not fly higher than the mountains in the background.,14,1,14,2,3,2,1,"{'DALLE_3': [3, 3, 3], 'DeepFloyd_I_XL_v1': [2, 2, 2], 'Midjourney_6': [3, 3, 4], 'SDXL_2_1': [3, 3, 3], 'SDXL_Base': [3, 3, 2], 'SDXL_Turbo': [3, 3, 3]}"
1417,There is a colorful fish at the bottom of the sea that doesn't weave in and out of the water plants.,23,1,23,1,5,3,1,"{'DALLE_3': [3, 2, 2], 'DeepFloyd_I_XL_v1': [4, 3, 4], 'Midjourney_6': [3, 2, 3], 'SDXL_2_1': [3, 2, 2], 'SDXL_Base': [3, 3, 3], 'SDXL_Turbo': [4, 5, 4]}"
1418,"In a cage, there is a cute hamster and a hamster wheel. The hamster is not running on the wheel, but is nibbling on a small piece of carrot.",33,2,35,2,8,5,1,"{'DALLE_3': [5, 4, 5], 'DeepFloyd_I_XL_v1': [3, 3, 3], 'Midjourney_6': [4, 4, 4], 'SDXL_2_1': [3, 2, 3], 'SDXL_Base': [3, 3, 4], 'SDXL_Turbo': [3, 3, 3]}"
1419,"A gray rabbit isn't burrowing into the loose dirt, and a mole is burrowing into the dirt.",20,1,22,2,4,4,1,"{'DALLE_3': [5, 5, 5], 'DeepFloyd_I_XL_v1': [2, 2, 2], 'Midjourney_6': [3, 3, 2], 'SDXL_2_1': [2, 2, 2], 'SDXL_Base': [2, 2, 2], 'SDXL_Turbo': [2, 2, 2]}"
1420,A sturdy fork not piercing a piece of succulent steak lying to its right.,15,1,15,2,4,2,1,"{'DALLE_3': [3, 3, 3], 'DeepFloyd_I_XL_v1': [4, 5, 4], 'Midjourney_6': [3, 3, 3], 'SDXL_2_1': [4, 3, 3], 'SDXL_Base': [4, 3, 3], 'SDXL_Turbo': [4, 3, 3]}"
1421,A pair of wireless headphones are placed on the table.,11,1,11,0,4,2,0,"{'DALLE_3': [5, 5, 5], 'DeepFloyd_I_XL_v1': [5, 5, 5], 'Midjourney_6': [3, 3, 4], 'SDXL_2_1': [4, 4, 4], 'SDXL_Base': [3, 3, 3], 'SDXL_Turbo': [5, 5, 5]}"
1422,"There are no sneakers under the table, only two pairs of heels.",14,1,14,0,4,1,1,"{'DALLE_3': [3, 2, 2], 'DeepFloyd_I_XL_v1': [3, 3, 3], 'Midjourney_6': [3, 3, 3], 'SDXL_2_1': [2, 2, 2], 'SDXL_Base': [3, 2, 2], 'SDXL_Turbo': [3, 3, 3]}"
1423,An eco-friendly toothbrush is not placed next to a glass of water made from bamboo.,16,1,18,2,4,3,1,"{'DALLE_3': [3, 3, 3], 'DeepFloyd_I_XL_v1': [3, 2, 2], 'Midjourney_6': [4, 3, 3], 'SDXL_2_1': [3, 2, 2], 'SDXL_Base': [2, 2, 2], 'SDXL_Turbo': [2, 2, 2]}"
1424,The towel in a person's hand looks dirtier than the towel on the radiator.,16,1,17,1,5,1,0,"{'DALLE_3': [3, 3, 2], 'DeepFloyd_I_XL_v1': [2, 2, 2], 'Midjourney_6': [3, 3, 3], 'SDXL_2_1': [2, 2, 2], 'SDXL_Base': [2, 2, 2], 'SDXL_Turbo': [2, 2, 1]}"
1425,A saucer is sitting beside a ceramic cup filled with steaming hot coffee.,14,1,14,2,3,4,0,"{'DALLE_3': [3, 3, 3], 'DeepFloyd_I_XL_v1': [4, 4, 3], 'Midjourney_6': [4, 3, 3], 'SDXL_2_1': [3, 3, 2], 'SDXL_Base': [3, 3, 2], 'SDXL_Turbo': [4, 3, 3]}"
1426,"The wooden cutting board is topped with fresh bread and a sharp knife, which is not in contact with the bread.",23,1,23,3,5,4,1,"{'DALLE_3': [5, 5, 5], 'DeepFloyd_I_XL_v1': [5, 5, 4], 'Midjourney_6': [3, 3, 3], 'SDXL_2_1': [5, 5, 5], 'SDXL_Base': [3, 2, 2], 'SDXL_Turbo': [3, 3, 3]}"
1427,"In the night market, two vendors are setting up their stalls, and the vendor on the left has a wider range of goods than the vendor on the right.",32,1,32,0,11,3,0,"{'DALLE_3': [3, 3, 3], 'DeepFloyd_I_XL_v1': [3, 3, 3], 'Midjourney_6': [4, 4, 4], 'SDXL_2_1': [3, 3, 2], 'SDXL_Base': [3, 3, 2], 'SDXL_Turbo': [4, 4, 3]}"
1428,A digital camera is not focusing on a smiling child but capturing a breathtaking sunset.,16,1,16,1,4,4,1,"{'DALLE_3': [5, 5, 4], 'DeepFloyd_I_XL_v1': [5, 5, 4], 'Midjourney_6': [5, 4, 4], 'SDXL_2_1': [4, 3, 3], 'SDXL_Base': [5, 4, 4], 'SDXL_Turbo': [5, 4, 4]}"
1429,"On the table, there is a portable phone charger and an LED indicator, with the charger not positioned to the right of the indicator.",27,1,27,1,8,2,1,"{'DALLE_3': [3, 2, 4], 'DeepFloyd_I_XL_v1': [2, 2, 3], 'Midjourney_6': [2, 2, 3], 'SDXL_2_1': [2, 4, 3], 'SDXL_Base': [2, 2, 3], 'SDXL_Turbo': [2, 3, 3]}"
1430,an old laptop is not displaying a beautiful scenery on its screen.,13,1,13,2,3,2,1,"{'DALLE_3': [3, 2, 4], 'DeepFloyd_I_XL_v1': [2, 2, 4], 'Midjourney_6': [2, 2, 3], 'SDXL_2_1': [2, 2, 3], 'SDXL_Base': [2, 2, 3], 'SDXL_Turbo': [2, 2, 3]}"
1431,"Two pillows on the bed, they don't touch each other.",13,1,13,1,2,2,1,"{'DALLE_3': [3, 4, 3], 'DeepFloyd_I_XL_v1': [4, 3, 4], 'Midjourney_6': [4, 4, 4], 'SDXL_2_1': [4, 4, 4], 'SDXL_Base': [3, 4, 3], 'SDXL_Turbo': [3, 3, 3]}"
1432,A pair of stylish glasses is to the left of a yellow soap.,14,1,14,2,4,1,0,"{'DALLE_3': [5, 5, 5], 'DeepFloyd_I_XL_v1': [4, 3, 3], 'Midjourney_6': [3, 3, 3], 'SDXL_2_1': [3, 3, 2], 'SDXL_Base': [4, 4, 3], 'SDXL_Turbo': [4, 4, 4]}"
1433,"A teacher and a student stand at a podium, and they are not looking at each other.",19,1,19,1,4,2,1,"{'DALLE_3': [5, 5, 5], 'DeepFloyd_I_XL_v1': [3, 4, 4], 'Midjourney_6': [5, 5, 5], 'SDXL_2_1': [3, 5, 4], 'SDXL_Base': [2, 3, 3], 'SDXL_Turbo': [2, 3, 3]}"
1434,A waterproof umbrella with a flourish pattern is not opening.,11,1,11,2,2,2,1,"{'DALLE_3': [2, 3, 3], 'DeepFloyd_I_XL_v1': [2, 3, 4], 'Midjourney_6': [3, 3, 4], 'SDXL_2_1': [2, 3, 4], 'SDXL_Base': [1, 2, 3], 'SDXL_Turbo': [2, 3, 4]}"
1435,A street scene featuring a vintage bicycle parked near a lamppost but not leaning against it.,17,1,19,0,5,3,1,"{'DALLE_3': [5, 5, 5], 'DeepFloyd_I_XL_v1': [3, 3, 3], 'Midjourney_6': [5, 5, 4], 'SDXL_2_1': [4, 3, 4], 'SDXL_Base': [3, 3, 3], 'SDXL_Turbo': [5, 5, 4]}"
1436,"A table with many items, and the trendy sunglasses are not under the mirror.",16,1,16,2,4,1,1,"{'DALLE_3': [5, 4, 4], 'DeepFloyd_I_XL_v1': [3, 3, 3], 'Midjourney_6': [4, 4, 4], 'SDXL_2_1': [4, 4, 3], 'SDXL_Base': [3, 3, 3], 'SDXL_Turbo': [4, 3, 4]}"
1437,An insulated cup and a notebook are not on the same desk.,13,1,13,2,3,1,1,"{'DALLE_3': [2, 2, 4], 'DeepFloyd_I_XL_v1': [2, 2, 4], 'Midjourney_6': [2, 2, 4], 'SDXL_2_1': [2, 2, 4], 'SDXL_Base': [2, 2, 4], 'SDXL_Turbo': [2, 2, 4]}"
1438,There is no cup on the right side of a ceramic plate.,13,1,13,2,3,1,0,"{'DALLE_3': [5, 5, 4], 'DeepFloyd_I_XL_v1': [2, 2, 3], 'Midjourney_6': [5, 2, 4], 'SDXL_2_1': [5, 5, 5], 'SDXL_Base': [5, 5, 4], 'SDXL_Turbo': [5, 5, 4]}"
1439,A wide-brimmed hat not shading a napping cat casts a cool shadow.,13,1,16,3,3,2,1,"{'DALLE_3': [3, 3, 3], 'DeepFloyd_I_XL_v1': [2, 2, 2], 'Midjourney_6': [3, 4, 3], 'SDXL_2_1': [2, 2, 2], 'SDXL_Base': [3, 3, 3], 'SDXL_Turbo': [3, 3, 3]}"
1440,On a shelf hang a sweater and a windbreaker; the windbreaker is not on top of the sweater.,20,1,22,0,7,1,1,"{'DALLE_3': [3, 5, 5], 'DeepFloyd_I_XL_v1': [2, 3, 3], 'Midjourney_6': [2, 3, 3], 'SDXL_2_1': [3, 3, 4], 'SDXL_Base': [3, 3, 3], 'SDXL_Turbo': [2, 3, 4]}"
1441,"There is an apple and two bananas on the table, neither of which is bigger than the apple.",20,1,20,1,4,2,0,"{'DALLE_3': [4, 4, 4], 'DeepFloyd_I_XL_v1': [3, 3, 3], 'Midjourney_6': [3, 3, 2], 'SDXL_2_1': [4, 4, 3], 'SDXL_Base': [2, 3, 2], 'SDXL_Turbo': [2, 2, 2]}"
1442,"There is one apple and two bananas on the table, and the bananas are not fresher than the apples.",21,1,21,0,5,2,2,"{'DALLE_3': [4, 4, 4], 'DeepFloyd_I_XL_v1': [3, 3, 3], 'Midjourney_6': [4, 4, 4], 'SDXL_2_1': [2, 3, 2], 'SDXL_Base': [2, 3, 3], 'SDXL_Turbo': [2, 2, 3]}"
1443,The basket contains a watermelon and a pineapple; the watermelon is not to the right of the pineapple.,20,1,20,0,6,2,1,"{'DALLE_3': [4, 3, 4], 'DeepFloyd_I_XL_v1': [5, 5, 5], 'Midjourney_6': [3, 3, 3], 'SDXL_2_1': [1, 2, 3], 'SDXL_Base': [1, 2, 3], 'SDXL_Turbo': [3, 2, 3]}"
1444,"There are two lamps in an office, and the lamp that emits red light is not to the left of the lamp that emits yellow light.",28,1,30,2,7,4,1,"{'DALLE_3': [3, 3, 4], 'DeepFloyd_I_XL_v1': [1, 1, 1], 'Midjourney_6': [3, 3, 4], 'SDXL_2_1': [1, 2, 3], 'SDXL_Base': [4, 5, 4], 'SDXL_Turbo': [4, 3, 3]}"
1445,A little boy holding a handheld fan is behind a girl who is not holding a handheld fan.,19,1,19,1,6,4,1,"{'DALLE_3': [2, 2, 3], 'DeepFloyd_I_XL_v1': [2, 3, 3], 'Midjourney_6': [2, 3, 3], 'SDXL_2_1': [2, 3, 3], 'SDXL_Base': [1, 3, 3], 'SDXL_Turbo': [2, 3, 4]}"
1446,"In a bright bedroom, there are no yellow pillows on the bed.",14,1,14,2,3,1,0,"{'DALLE_3': [3, 3, 3], 'DeepFloyd_I_XL_v1': [5, 5, 5], 'Midjourney_6': [3, 3, 2], 'SDXL_2_1': [3, 4, 2], 'SDXL_Base': [3, 3, 2], 'SDXL_Turbo': [3, 3, 2]}"
1447,A chair is not in front of a woman without a hat.,13,1,13,0,4,1,1,"{'DALLE_3': [3, 3, 4], 'DeepFloyd_I_XL_v1': [2, 2, 2], 'Midjourney_6': [3, 3, 3], 'SDXL_2_1': [3, 3, 2], 'SDXL_Base': [5, 5, 5], 'SDXL_Turbo': [4, 4, 4]}"
1448,"An open drawer with two red books and several pencils, but not a single pen.",17,1,17,4,4,0,1,"{'DALLE_3': [2, 3, 4], 'DeepFloyd_I_XL_v1': [2, 3, 3], 'Midjourney_6': [5, 4, 4], 'SDXL_2_1': [4, 3, 4], 'SDXL_Base': [3, 3, 4], 'SDXL_Turbo': [2, 5, 3]}"
1449,"A springtime countryside scene with a little boy in an orange shirt, sitting in the grass, not under a tree.",23,1,23,2,7,1,1,"{'DALLE_3': [3, 3, 4], 'DeepFloyd_I_XL_v1': [3, 5, 5], 'Midjourney_6': [4, 5, 5], 'SDXL_2_1': [3, 4, 4], 'SDXL_Base': [3, 3, 4], 'SDXL_Turbo': [5, 5, 5]}"
1450,"A smiling little boy holds a barrel above his head, while a little girl holds a barrel no higher than her.",23,1,23,4,4,3,0,"{'DALLE_3': [3, 3, 4], 'DeepFloyd_I_XL_v1': [4, 3, 4], 'Midjourney_6': [3, 3, 4], 'SDXL_2_1': [2, 3, 3], 'SDXL_Base': [1, 2, 3], 'SDXL_Turbo': [2, 3, 4]}"
1451,All the books on the table are unopened.,9,1,10,0,2,2,0,"{'DALLE_3': [5, 5, 5], 'DeepFloyd_I_XL_v1': [5, 5, 5], 'Midjourney_6': [3, 3, 4], 'SDXL_2_1': [5, 3, 5], 'SDXL_Base': [5, 4, 5], 'SDXL_Turbo': [5, 5, 5]}"
1452,All the birds in the blue sky are not yellow.,11,1,11,1,3,1,1,"{'DALLE_3': [2, 2, 4], 'DeepFloyd_I_XL_v1': [2, 2, 3], 'Midjourney_6': [2, 2, 4], 'SDXL_2_1': [2, 2, 4], 'SDXL_Base': [2, 2, 3], 'SDXL_Turbo': [5, 5, 5]}"
1453,"There are several pencils in a pencil holder, and all the pencils are not pointing upwards.",18,1,18,1,5,3,1,"{'DALLE_3': [3, 2, 3], 'DeepFloyd_I_XL_v1': [2, 2, 3], 'Midjourney_6': [2, 2, 3], 'SDXL_2_1': [2, 2, 3], 'SDXL_Base': [2, 2, 3], 'SDXL_Turbo': [2, 2, 3]}"
1454,"In the kitchen, a chef wearing a white chef's hat looks at the vegetables in the sink, none of which are fresh.",26,1,26,2,6,3,0,"{'DALLE_3': [4, 2, 5], 'DeepFloyd_I_XL_v1': [2, 2, 4], 'Midjourney_6': [5, 2, 4], 'SDXL_2_1': [4, 2, 4], 'SDXL_Base': [3, 2, 4], 'SDXL_Turbo': [3, 2, 4]}"
1455,"There are two dresses hanging from a chair, neither of which is white.",15,1,15,1,2,3,0,"{'DALLE_3': [2, 2, 3], 'DeepFloyd_I_XL_v1': [1, 2, 3], 'Midjourney_6': [2, 2, 4], 'SDXL_2_1': [2, 2, 4], 'SDXL_Base': [2, 2, 3], 'SDXL_Turbo': [1, 2, 3]}"
1456,"Five cardboard boxes sit in the storage room, all of which are not whole.",16,1,16,1,5,1,1,"{'DALLE_3': [2, 3, 3], 'DeepFloyd_I_XL_v1': [3, 3, 3], 'Midjourney_6': [2, 2, 3], 'SDXL_2_1': [2, 2, 3], 'SDXL_Base': [2, 2, 3], 'SDXL_Turbo': [2, 2, 3]}"
1457,"There are six cardboard boxes in the warehouse, none of which are cubes.",15,1,15,1,4,2,0,"{'DALLE_3': [2, 2, 3], 'DeepFloyd_I_XL_v1': [1, 2, 3], 'Midjourney_6': [2, 2, 3], 'SDXL_2_1': [2, 2, 3], 'SDXL_Base': [2, 2, 3], 'SDXL_Turbo': [2, 2, 3]}"
1458,"Three children smile as they stand on a rock, ready to have their picture taken. None of them are wearing shoes.",24,2,24,1,5,6,0,"{'DALLE_3': [5, 5, 5], 'DeepFloyd_I_XL_v1': [3, 3, 4], 'Midjourney_6': [5, 5, 5], 'SDXL_2_1': [3, 4, 4], 'SDXL_Base': [4, 3, 3], 'SDXL_Turbo': [2, 3, 4]}"
1459,"The four children sit down on the beach with their heads hanging down, none of them is dry.",20,1,20,1,4,3,0,"{'DALLE_3': [2, 4, 4], 'DeepFloyd_I_XL_v1': [3, 5, 5], 'Midjourney_6': [4, 5, 5], 'SDXL_2_1': [3, 4, 4], 'SDXL_Base': [3, 4, 4], 'SDXL_Turbo': [3, 4, 4]}"
1460,"A floor with a blue sphere and two green cones, the blue sphere not to the left of two green cones.",23,1,23,2,6,0,3,"{'DALLE_3': [4, 4, 4], 'DeepFloyd_I_XL_v1': [2, 3, 2], 'Midjourney_6': [4, 4, 4], 'SDXL_2_1': [2, 2, 2], 'SDXL_Base': [3, 3, 3], 'SDXL_Turbo': [2, 2, 2]}"
1461,A yellow felt box has no metallic blue spheres on the left side and has blue metallic spheres on the right side.,23,1,23,5,7,3,0,"{'DALLE_3': [5, 5, 4], 'DeepFloyd_I_XL_v1': [3, 3, 3], 'Midjourney_6': [5, 5, 5], 'SDXL_2_1': [2, 3, 3], 'SDXL_Base': [2, 3, 4], 'SDXL_Turbo': [2, 3, 4]}"
1462,Three small boxes that are not yellow on a large blue box.,13,1,13,3,3,1,1,"{'DALLE_3': [2, 2, 2], 'DeepFloyd_I_XL_v1': [3, 3, 2], 'Midjourney_6': [3, 3, 2], 'SDXL_2_1': [2, 2, 2], 'SDXL_Base': [2, 2, 2], 'SDXL_Turbo': [2, 2, 2]}"
1463,Red chillies with all green chillies on the left side and all yellow chillies with no green chillies on the right side.,23,1,27,6,6,0,0,"{'DALLE_3': [3, 3, 3], 'DeepFloyd_I_XL_v1': [2, 2, 2], 'Midjourney_6': [2, 2, 2], 'SDXL_2_1': [2, 2, 2], 'SDXL_Base': [2, 2, 2], 'SDXL_Turbo': [2, 2, 2]}"
1464,"There are two cups on the table, one full of tea, the other empty.",17,1,17,2,4,1,0,"{'DALLE_3': [3, 3, 4], 'DeepFloyd_I_XL_v1': [3, 3, 4], 'Midjourney_6': [3, 3, 4], 'SDXL_2_1': [5, 5, 5], 'SDXL_Base': [4, 5, 4], 'SDXL_Turbo': [3, 3, 4]}"
1465,"Two dragons fly towards the castle, a dragon with a backpack and no hat flies behind the dragon without a backpack and with a hat.",27,1,27,0,8,2,0,"{'DALLE_3': [5, 4, 4], 'DeepFloyd_I_XL_v1': [3, 2, 3], 'Midjourney_6': [3, 2, 3], 'SDXL_2_1': [1, 2, 3], 'SDXL_Base': [2, 2, 3], 'SDXL_Turbo': [2, 2, 3]}"
1466,"Two dragons fly towards the castle, a dragon with a backpack and no hat on the left of the dragon without a backpack and with a hat.",29,1,29,0,9,1,0,"{'DALLE_3': [3, 4, 3], 'DeepFloyd_I_XL_v1': [3, 3, 2], 'Midjourney_6': [3, 3, 2], 'SDXL_2_1': [2, 2, 2], 'SDXL_Base': [3, 3, 2], 'SDXL_Turbo': [2, 2, 2]}"
1467,"Five ants are carrying biscuits, and an ant that is not carrying biscuits is standing on a green leaf directing them.",23,1,23,1,5,7,1,"{'DALLE_3': [4, 4, 4], 'DeepFloyd_I_XL_v1': [3, 3, 3], 'Midjourney_6': [2, 3, 4], 'SDXL_2_1': [2, 2, 4], 'SDXL_Base': [2, 2, 3], 'SDXL_Turbo': [1, 2, 3]}"
1468,"There are two cups on the table, the cup without coffee is on the left of the other filled with coffee.",23,1,23,1,6,3,0,"{'DALLE_3': [3, 3, 3], 'DeepFloyd_I_XL_v1': [3, 5, 4], 'Midjourney_6': [3, 3, 4], 'SDXL_2_1': [3, 3, 3], 'SDXL_Base': [2, 2, 3], 'SDXL_Turbo': [3, 3, 4]}"
1469,"An open biscuit tin contains three biscuits, one without sultanas is square-shaped and the other two are round-shaped.",20,1,25,4,4,3,0,"{'DALLE_3': [4, 1, 4], 'DeepFloyd_I_XL_v1': [3, 1, 4], 'Midjourney_6': [3, 1, 3], 'SDXL_2_1': [3, 1, 3], 'SDXL_Base': [3, 1, 4], 'SDXL_Turbo': [3, 1, 4]}"
1470,"An open biscuit tin contains three biscuits, one without sultanas is round and the other two are triangular.",20,1,22,3,4,4,0,"{'DALLE_3': [2, 1, 3], 'DeepFloyd_I_XL_v1': [2, 1, 4], 'Midjourney_6': [3, 1, 4], 'SDXL_2_1': [2, 1, 3], 'SDXL_Base': [3, 1, 3], 'SDXL_Turbo': [2, 1, 3]}"
1471,There is a glass without orange juice next to a glass filled with orange juice.,16,1,16,0,6,2,0,"{'DALLE_3': [3, 3, 4], 'DeepFloyd_I_XL_v1': [3, 3, 4], 'Midjourney_6': [2, 2, 3], 'SDXL_2_1': [2, 2, 3], 'SDXL_Base': [2, 2, 3], 'SDXL_Turbo': [3, 3, 4]}"
1472,"There are two frogs on a lotus leaf in a pond, and the one who is drinking is behind the one who is not.",26,1,26,0,6,5,1,"{'DALLE_3': [2, 2, 2], 'DeepFloyd_I_XL_v1': [3, 3, 2], 'Midjourney_6': [3, 4, 3], 'SDXL_2_1': [3, 3, 2], 'SDXL_Base': [3, 4, 3], 'SDXL_Turbo': [2, 2, 2]}"
1473,"There are two frogs on a lotus leaf in a pond, and the one who is drinking is in front of the one who is not.",28,1,28,0,7,5,1,"{'DALLE_3': [5, 5, 4], 'DeepFloyd_I_XL_v1': [3, 4, 4], 'Midjourney_6': [3, 4, 5], 'SDXL_2_1': [2, 3, 3], 'SDXL_Base': [3, 3, 4], 'SDXL_Turbo': [2, 2, 3]}"
1474,"There are four fountain pens laid out on the table, the two pens in the very center don't have caps, the others do.",27,1,27,0,7,5,2,"{'DALLE_3': [2, 2, 4], 'DeepFloyd_I_XL_v1': [2, 2, 3], 'Midjourney_6': [2, 2, 3], 'SDXL_2_1': [2, 2, 3], 'SDXL_Base': [2, 3, 3], 'SDXL_Turbo': [2, 2, 3]}"
1475,"There are four fountain pens laid out on the table, the two pens in the very center have caps, and the others don't.",27,1,27,0,7,4,2,"{'DALLE_3': [3, 3, 3], 'DeepFloyd_I_XL_v1': [2, 2, 2], 'Midjourney_6': [4, 3, 3], 'SDXL_2_1': [2, 2, 2], 'SDXL_Base': [2, 3, 2], 'SDXL_Turbo': [2, 2, 2]}"
1476,A puppy with no smile on his face looks at two smiling puppies.,14,1,14,1,3,2,0,"{'DALLE_3': [3, 3, 4], 'DeepFloyd_I_XL_v1': [1, 2, 3], 'Midjourney_6': [3, 4, 4], 'SDXL_2_1': [1, 2, 3], 'SDXL_Base': [3, 3, 4], 'SDXL_Turbo': [1, 2, 3]}"
1477,Two smiling kittens look at a kitten with no smile on his face.,14,1,14,0,4,2,0,"{'DALLE_3': [3, 4, 4], 'DeepFloyd_I_XL_v1': [2, 2, 3], 'Midjourney_6': [2, 2, 3], 'SDXL_2_1': [2, 2, 3], 'SDXL_Base': [5, 3, 4], 'SDXL_Turbo': [2, 2, 3]}"
1478,An elephant with shoes is carrying an elephant without shoes on his back.,14,1,14,0,5,2,0,"{'DALLE_3': [4, 4, 4], 'DeepFloyd_I_XL_v1': [1, 3, 3], 'Midjourney_6': [3, 4, 3], 'SDXL_2_1': [1, 2, 3], 'SDXL_Base': [2, 2, 4], 'SDXL_Turbo': [1, 2, 3]}"
1479,"A trainer and three dogs are standing in the playground, with the dog closest to the trainer looking very tired, while the other two do not seem tired.",31,1,31,1,6,7,2,"{'DALLE_3': [3, 3, 3], 'DeepFloyd_I_XL_v1': [3, 3, 4], 'Midjourney_6': [4, 3, 4], 'SDXL_2_1': [4, 3, 5], 'SDXL_Base': [3, 3, 4], 'SDXL_Turbo': [5, 4, 4]}"
1480,Three students who are not wearing white are standing in front of four students who are wearing white.,19,1,19,2,3,6,1,"{'DALLE_3': [3, 3, 3], 'DeepFloyd_I_XL_v1': [2, 2, 3], 'Midjourney_6': [1, 2, 3], 'SDXL_2_1': [2, 2, 4], 'SDXL_Base': [2, 2, 4], 'SDXL_Turbo': [2, 2, 3]}"
1481,A girl not in dance clothes is handing out mineral water to a group of girls in dance clothes.,20,1,20,1,8,2,1,"{'DALLE_3': [5, 3, 4], 'DeepFloyd_I_XL_v1': [4, 4, 4], 'Midjourney_6': [2, 4, 3], 'SDXL_2_1': [2, 3, 3], 'SDXL_Base': [4, 4, 4], 'SDXL_Turbo': [2, 3, 4]}"
1482,A rose that is not fully bloomed is higher than a rose that is already in bloom.,18,1,19,1,1,6,3,"{'DALLE_3': [3, 3, 3], 'DeepFloyd_I_XL_v1': [3, 3, 3], 'Midjourney_6': [3, 3, 3], 'SDXL_2_1': [3, 3, 3], 'SDXL_Base': [2, 2, 3], 'SDXL_Turbo': [2, 2, 3]}"
1483,"Two frogs in tracksuits, competing in a high jump. The frog in blue tracksuit jumps higher than the frog not in blue tracksuit.",26,2,29,4,7,2,1,"{'DALLE_3': [3, 3, 4], 'DeepFloyd_I_XL_v1': [1, 2, 4], 'Midjourney_6': [3, 2, 5], 'SDXL_2_1': [3, 4, 4], 'SDXL_Base': [2, 3, 4], 'SDXL_Turbo': [2, 2, 4]}"
1484,"A little brown-haired boy is clicking on the keyboard to play a computer game, and a little boy next to him who is not brown-haired looks more anxious than he is.",33,1,38,7,5,5,2,"{'DALLE_3': [4, 4, 5], 'DeepFloyd_I_XL_v1': [4, 4, 3], 'Midjourney_6': [4, 4, 4], 'SDXL_2_1': [2, 3, 4], 'SDXL_Base': [3, 3, 4], 'SDXL_Turbo': [2, 3, 3]}"
1485,A cartoon puppy with sunglasses and no necklace is singing into a microphone while another cartoon puppy with a hat and no sunglasses scores on a scoreboard.,28,1,28,1,9,3,0,"{'DALLE_3': [3, 3, 4], 'DeepFloyd_I_XL_v1': [3, 2, 3], 'Midjourney_6': [2, 2, 4], 'SDXL_2_1': [2, 1, 3], 'SDXL_Base': [3, 2, 3], 'SDXL_Turbo': [3, 2, 3]}"
1486,"In the window, a metal fork stands in a higher compartment telling a story to the fork below that is not made of metal.",26,1,26,1,7,4,1,"{'DALLE_3': [1, 3, 3], 'DeepFloyd_I_XL_v1': [1, 2, 3], 'Midjourney_6': [1, 2, 2], 'SDXL_2_1': [2, 3, 3], 'SDXL_Base': [1, 2, 3], 'SDXL_Turbo': [1, 2, 3]}"
1487,"A happy looking, squatting policeman is talking to a standing, unhappy looking policeman.",16,1,17,2,3,5,0,"{'DALLE_3': [5, 5, 5], 'DeepFloyd_I_XL_v1': [3, 3, 4], 'Midjourney_6': [4, 5, 5], 'SDXL_2_1': [3, 3, 4], 'SDXL_Base': [3, 4, 4], 'SDXL_Turbo': [3, 3, 4]}"
1488,A strong man instructs a not-strong man on how to lift dumbbells.,13,1,17,2,3,2,0,"{'DALLE_3': [3, 5, 5], 'DeepFloyd_I_XL_v1': [2, 3, 4], 'Midjourney_6': [5, 4, 4], 'SDXL_2_1': [2, 2, 3], 'SDXL_Base': [4, 3, 4], 'SDXL_Turbo': [4, 2, 3]}"
1489,"A packet of tissues has two cartoon characters on the packaging, the cartoon character in the red dress is on the left and the cartoon character without the red dress is on the right.",36,1,36,2,13,3,0,"{'DALLE_3': [4, 3, 4], 'DeepFloyd_I_XL_v1': [2, 3, 3], 'Midjourney_6': [2, 3, 3], 'SDXL_2_1': [2, 3, 3], 'SDXL_Base': [3, 5, 4], 'SDXL_Turbo': [2, 3, 3]}"
1490,A boy sitting on the steps hands a game console to a boy standing on the grass.,18,1,18,0,6,3,0,"{'DALLE_3': [4, 4, 4], 'DeepFloyd_I_XL_v1': [4, 4, 4], 'Midjourney_6': [2, 4, 4], 'SDXL_2_1': [3, 3, 4], 'SDXL_Base': [4, 4, 4], 'SDXL_Turbo': [3, 3, 3]}"
1491,A boy in a stained white apron presents a steaming dish to a boy in an elegant black evening gown.,21,1,21,4,5,3,0,"{'DALLE_3': [3, 4, 4], 'DeepFloyd_I_XL_v1': [4, 4, 4], 'Midjourney_6': [5, 5, 5], 'SDXL_2_1': [4, 4, 3], 'SDXL_Base': [4, 4, 4], 'SDXL_Turbo': [2, 3, 3]}"
1492,an old man in a colorful smock splattering paint alongside a young man in an oversized t-shirt and goggles.,20,1,24,4,6,1,0,"{'DALLE_3': [5, 5, 5], 'DeepFloyd_I_XL_v1': [3, 3, 4], 'Midjourney_6': [3, 3, 3], 'SDXL_2_1': [3, 2, 2], 'SDXL_Base': [3, 3, 3], 'SDXL_Turbo': [3, 3, 3]}"
1493,A woman in reflective gear giving a high-five to a young woman in a bright red windbreaker on a foggy morning.,22,1,25,6,5,1,0,"{'DALLE_3': [5, 5, 5], 'DeepFloyd_I_XL_v1': [4, 4, 5], 'Midjourney_6': [5, 5, 4], 'SDXL_2_1': [3, 3, 3], 'SDXL_Base': [3, 3, 4], 'SDXL_Turbo': [3, 3, 4]}"
1494,A child in glasses and a cozy cardigan recommending a book to a child in a hoodie and jeans.,20,1,20,0,8,1,0,"{'DALLE_3': [5, 5, 5], 'DeepFloyd_I_XL_v1': [5, 4, 4], 'Midjourney_6': [5, 4, 4], 'SDXL_2_1': [3, 3, 3], 'SDXL_Base': [2, 2, 2], 'SDXL_Turbo': [2, 2, 2]}"
1495,A girl in overalls and a sunhat showing a butterfly on her finger to a girl in a floral sundress.,21,1,24,1,6,1,1,"{'DALLE_3': [5, 5, 5], 'DeepFloyd_I_XL_v1': [3, 3, 3], 'Midjourney_6': [4, 4, 4], 'SDXL_2_1': [3, 3, 3], 'SDXL_Base': [3, 3, 2], 'SDXL_Turbo': [4, 3, 4]}"
1496,A girl in a leather jacket tuning a guitar next to a girl in a band t-shirt holding a vinyl record.,22,1,24,1,9,2,0,"{'DALLE_3': [4, 3, 2], 'DeepFloyd_I_XL_v1': [3, 3, 5], 'Midjourney_6': [4, 4, 5], 'SDXL_2_1': [4, 3, 3], 'SDXL_Base': [3, 3, 3], 'SDXL_Turbo': [3, 2, 2]}"
1497,A girl in a smart blazer using a globe to explain continents to a girl in a school uniform and backpack.,22,1,22,1,8,2,0,"{'DALLE_3': [5, 5, 5], 'DeepFloyd_I_XL_v1': [3, 3, 3], 'Midjourney_6': [4, 4, 4], 'SDXL_2_1': [4, 3, 3], 'SDXL_Base': [3, 3, 3], 'SDXL_Turbo': [3, 3, 3]}"
1498,A woman in a denim apron crafting a latte for a woman in a business suit checking their watch.,20,1,20,0,8,2,0,"{'DALLE_3': [4, 4, 3], 'DeepFloyd_I_XL_v1': [5, 4, 5], 'Midjourney_6': [4, 5, 4], 'SDXL_2_1': [3, 2, 2], 'SDXL_Base': [2, 2, 2], 'SDXL_Turbo': [2, 2, 2]}"
1499,A woman in a neon jersey waiting at a light next to a woman in a long coat and scarf.,21,1,21,3,6,1,0,"{'DALLE_3': [3, 3, 3], 'DeepFloyd_I_XL_v1': [4, 4, 4], 'Midjourney_6': [3, 3, 2], 'SDXL_2_1': [2, 2, 2], 'SDXL_Base': [2, 2, 2], 'SDXL_Turbo': [3, 3, 3]}"
1500,A woman in scrubs checking the temperature of a woman in a cozy pajama set and slippers.,18,1,18,1,7,1,0,"{'DALLE_3': [5, 5, 5], 'DeepFloyd_I_XL_v1': [4, 3, 3], 'Midjourney_6': [4, 3, 3], 'SDXL_2_1': [4, 4, 3], 'SDXL_Base': [3, 3, 3], 'SDXL_Turbo': [2, 2, 2]}"
1501,an old man in baggy pants performing a trick in front of a young man in a beret painting a mural.,22,1,23,4,6,2,0,"{'DALLE_3': [5, 5, 5], 'DeepFloyd_I_XL_v1': [4, 4, 4], 'Midjourney_6': [3, 3, 3], 'SDXL_2_1': [4, 4, 4], 'SDXL_Base': [3, 4, 3], 'SDXL_Turbo': [2, 2, 2]}"
1502,A person in a camo vest taking a photo of a person in a dramatic gown on a deserted road.,21,1,21,2,7,1,0,"{'DALLE_3': [4, 5, 5], 'DeepFloyd_I_XL_v1': [5, 5, 5], 'Midjourney_6': [4, 4, 4], 'SDXL_2_1': [2, 4, 3], 'SDXL_Base': [4, 5, 4], 'SDXL_Turbo': [1, 2, 3]}"
1503,A person in a dough-splattered apron offering a fresh croissant to a person in a superhero costume.,18,1,21,2,6,1,0,"{'DALLE_3': [4, 4, 4], 'DeepFloyd_I_XL_v1': [4, 5, 4], 'Midjourney_6': [3, 5, 5], 'SDXL_2_1': [4, 4, 3], 'SDXL_Base': [4, 5, 4], 'SDXL_Turbo': [4, 4, 4]}"
1504,A person in a greasy jumpsuit explaining car repair to a curious person in a crisp white polo.,19,1,19,4,6,1,0,"{'DALLE_3': [4, 4, 4], 'DeepFloyd_I_XL_v1': [3, 4, 4], 'Midjourney_6': [3, 4, 5], 'SDXL_2_1': [2, 3, 3], 'SDXL_Base': [3, 4, 4], 'SDXL_Turbo': [2, 3, 4]}"
1505,A person in uniform pointing out landmarks to a person in a window seat wearing noise-canceling headphones.,18,1,21,3,5,2,0,"{'DALLE_3': [3, 5, 5], 'DeepFloyd_I_XL_v1': [5, 4, 4], 'Midjourney_6': [3, 5, 4], 'SDXL_2_1': [2, 4, 3], 'SDXL_Base': [2, 5, 3], 'SDXL_Turbo': [3, 4, 4]}"
1506,A man in full gear demonstrating equipment to a group of young men in colorful raincoats.,17,1,18,3,6,1,0,"{'DALLE_3': [5, 5, 5], 'DeepFloyd_I_XL_v1': [3, 4, 4], 'Midjourney_6': [5, 5, 5], 'SDXL_2_1': [4, 4, 4], 'SDXL_Base': [4, 4, 4], 'SDXL_Turbo': [4, 4, 4]}"
1507,An ice cream vendor in a striped apron hands a cone to another delighted vendor in a wide-brimmed hat.,20,1,23,3,7,1,0,"{'DALLE_3': [4, 5, 4], 'DeepFloyd_I_XL_v1': [4, 5, 5], 'Midjourney_6': [3, 4, 5], 'SDXL_2_1': [2, 3, 4], 'SDXL_Base': [4, 5, 5], 'SDXL_Turbo': [4, 5, 4]}"
1508,A female yoga instructor in a blue outfit guiding a pose for a female student in comfortable leggings and a tank top.,23,1,23,4,8,1,0,"{'DALLE_3': [5, 5, 5], 'DeepFloyd_I_XL_v1': [3, 4, 3], 'Midjourney_6': [5, 5, 5], 'SDXL_2_1': [3, 4, 3], 'SDXL_Base': [5, 4, 4], 'SDXL_Turbo': [2, 3, 3]}"
1509,A man in a glittery costume juggling for a crowd that includes a man in a trench coat.,19,1,21,1,6,2,0,"{'DALLE_3': [4, 5, 5], 'DeepFloyd_I_XL_v1': [3, 3, 3], 'Midjourney_6': [4, 4, 4], 'SDXL_2_1': [2, 3, 3], 'SDXL_Base': [4, 4, 4], 'SDXL_Turbo': [4, 4, 4]}"
1510,"At a dinner party, a man in a vest presents the menu to two men in tuxedos.",19,1,21,0,7,1,0,"{'DALLE_3': [4, 5, 5], 'DeepFloyd_I_XL_v1': [4, 3, 3], 'Midjourney_6': [4, 5, 4], 'SDXL_2_1': [4, 5, 4], 'SDXL_Base': [2, 3, 3], 'SDXL_Turbo': [3, 5, 4]}"
1511,"A plastic bag is placed on the chair, but it contains nothing.",14,1,14,0,4,3,0,"{'DALLE_3': [3, 2, 4], 'DeepFloyd_I_XL_v1': [3, 2, 4], 'Midjourney_6': [5, 5, 5], 'SDXL_2_1': [5, 4, 3], 'SDXL_Base': [4, 1, 4], 'SDXL_Turbo': [5, 4, 5]}"
1512,The two walking Mona Lisas aren't smiling.,9,1,10,0,2,3,1,"{'DALLE_3': [5, 5, 5], 'DeepFloyd_I_XL_v1': [2, 2, 3], 'Midjourney_6': [2, 2, 3], 'SDXL_2_1': [1, 1, 4], 'SDXL_Base': [3, 4, 4], 'SDXL_Turbo': [2, 4, 2]}"
1513,Two ballet slippers without ribbons.,6,1,6,0,3,0,0,"{'DALLE_3': [3, 3, 4], 'DeepFloyd_I_XL_v1': [5, 5, 5], 'Midjourney_6': [4, 3, 4], 'SDXL_2_1': [1, 3, 2], 'SDXL_Base': [3, 3, 4], 'SDXL_Turbo': [5, 3, 4]}"
1514,Two boys with no shoes lifting a boy with shoes on.,12,1,12,0,4,1,0,"{'DALLE_3': [5, 4, 5], 'DeepFloyd_I_XL_v1': [3, 3, 3], 'Midjourney_6': [2, 2, 3], 'SDXL_2_1': [2, 2, 3], 'SDXL_Base': [3, 2, 3], 'SDXL_Turbo': [3, 3, 4]}"
1515,A boy looks at an aquarium with no fish.,10,1,10,0,3,1,0,"{'DALLE_3': [3, 2, 4], 'DeepFloyd_I_XL_v1': [3, 2, 4], 'Midjourney_6': [3, 2, 4], 'SDXL_2_1': [3, 2, 4], 'SDXL_Base': [3, 2, 4], 'SDXL_Turbo': [4, 2, 5]}"
1516,"In the zoo, there are two groups of monkeys: the ones on the left are all brown, and the ones on the right are all red.",30,1,30,2,7,3,0,"{'DALLE_3': [3, 3, 3], 'DeepFloyd_I_XL_v1': [3, 3, 3], 'Midjourney_6': [3, 3, 3], 'SDXL_2_1': [3, 3, 4], 'SDXL_Base': [3, 2, 3], 'SDXL_Turbo': [2, 3, 3]}"
1517,"There are four train toys on the floor, none of which are adjacent to each other.",18,1,18,2,4,2,0,"{'DALLE_3': [4, 4, 5], 'DeepFloyd_I_XL_v1': [2, 2, 3], 'Midjourney_6': [2, 2, 4], 'SDXL_2_1': [2, 2, 4], 'SDXL_Base': [2, 3, 4], 'SDXL_Turbo': [2, 3, 4]}"
1518,"There are two lights in the office, and the one that emits red light is brighter than the one that emits yellow light.",25,1,27,3,6,4,0,"{'DALLE_3': [4, 4, 4], 'DeepFloyd_I_XL_v1': [2, 2, 3], 'Midjourney_6': [2, 2, 3], 'SDXL_2_1': [2, 1, 3], 'SDXL_Base': [2, 1, 3], 'SDXL_Turbo': [2, 2, 3]}"
1519,"Three small, non-blue boxes on a large blue box.",11,1,13,3,3,0,0,"{'DALLE_3': [2, 3, 3], 'DeepFloyd_I_XL_v1': [2, 3, 3], 'Midjourney_6': [1, 3, 3], 'SDXL_2_1': [1, 2, 3], 'SDXL_Base': [2, 2, 4], 'SDXL_Turbo': [1, 2, 3]}"
1520,Three students in white stand in front of four students not in white.,14,1,14,2,4,0,1,"{'DALLE_3': [3, 3, 3], 'DeepFloyd_I_XL_v1': [2, 3, 3], 'Midjourney_6': [2, 3, 3], 'SDXL_2_1': [2, 3, 3], 'SDXL_Base': [2, 3, 3], 'SDXL_Turbo': [2, 3, 3]}"
1521,"The toolbox contains a pair of pliers and two screws, with the pliers being more worn than the screws.",21,1,23,1,6,2,1,"{'DALLE_3': [2, 2, 3], 'DeepFloyd_I_XL_v1': [3, 2, 3], 'Midjourney_6': [2, 3, 3], 'SDXL_2_1': [1, 2, 2], 'SDXL_Base': [2, 2, 4], 'SDXL_Turbo': [2, 2, 3]}"
1522,A Christmas tree with two red socks: the one at the bottom is darker than the one at the top.,22,1,22,2,6,1,0,"{'DALLE_3': [3, 3, 4], 'DeepFloyd_I_XL_v1': [4, 3, 4], 'Midjourney_6': [3, 3, 4], 'SDXL_2_1': [2, 3, 3], 'SDXL_Base': [2, 2, 3], 'SDXL_Turbo': [2, 2, 3]}"
1523,Three puppies are standing by the pool and the one in the middle looks more excited than the other two puppies.,22,1,22,3,4,3,1,"{'DALLE_3': [4, 4, 4], 'DeepFloyd_I_XL_v1': [4, 3, 4], 'Midjourney_6': [4, 4, 4], 'SDXL_2_1': [4, 3, 4], 'SDXL_Base': [4, 4, 4], 'SDXL_Turbo': [2, 3, 3]}"
1524,There are four dresses on the hanger; the one with a long hemline is the most vibrant.,19,1,20,2,4,2,1,"{'DALLE_3': [3, 3, 4], 'DeepFloyd_I_XL_v1': [3, 3, 3], 'Midjourney_6': [3, 2, 5], 'SDXL_2_1': [3, 2, 3], 'SDXL_Base': [3, 3, 3], 'SDXL_Turbo': [3, 2, 3]}"
1525,"In one bedroom, all the furniture is white, except for four chairs which are all black.",19,1,19,2,3,2,0,"{'DALLE_3': [3, 3, 3], 'DeepFloyd_I_XL_v1': [3, 2, 3], 'Midjourney_6': [4, 4, 4], 'SDXL_2_1': [3, 2, 3], 'SDXL_Base': [3, 2, 4], 'SDXL_Turbo': [3, 3, 3]}"
1526,"A swarm of bees is flying through the flowers, the bee flying at the front is wearing a hat, and the others are not.",27,1,27,0,7,6,1,"{'DALLE_3': [5, 5, 5], 'DeepFloyd_I_XL_v1': [3, 3, 4], 'Midjourney_6': [3, 5, 4], 'SDXL_2_1': [3, 3, 4], 'SDXL_Base': [3, 3, 4], 'SDXL_Turbo': [3, 3, 4]}"
1527,There are two pandas in the picture and the one with boxing gloves looks more vicious than the one without.,21,1,21,1,4,3,1,"{'DALLE_3': [4, 3, 4], 'DeepFloyd_I_XL_v1': [3, 3, 4], 'Midjourney_6': [3, 3, 4], 'SDXL_2_1': [1, 2, 3], 'SDXL_Base': [1, 3, 3], 'SDXL_Turbo': [3, 3, 4]}"
1528,"In an exhibition of paintings, there are four landscapes, and the painting on the far left is the plainest.",22,1,24,0,6,2,1,"{'DALLE_3': [3, 2, 3], 'DeepFloyd_I_XL_v1': [3, 2, 4], 'Midjourney_6': [4, 3, 4], 'SDXL_2_1': [3, 2, 4], 'SDXL_Base': [3, 1, 3], 'SDXL_Turbo': [4, 3, 4]}"
1529,"Five kids running through the grass, none of them wearing shoes.",13,1,13,0,4,2,0,"{'DALLE_3': [3, 4, 4], 'DeepFloyd_I_XL_v1': [3, 4, 4], 'Midjourney_6': [2, 3, 4], 'SDXL_2_1': [2, 3, 4], 'SDXL_Base': [5, 5, 5], 'SDXL_Turbo': [3, 3, 4]}"
1530,"A couple walking together in the rain, each holding an umbrella, yet neither of the umbrellas is open.",21,1,21,1,4,3,2,"{'DALLE_3': [1, 2, 3], 'DeepFloyd_I_XL_v1': [1, 3, 3], 'Midjourney_6': [2, 3, 4], 'SDXL_2_1': [1, 2, 3], 'SDXL_Base': [2, 3, 4], 'SDXL_Turbo': [2, 3, 4]}"
1531,"There are four stones under a large, dense tree, all of which are round.",17,1,17,2,3,2,0,"{'DALLE_3': [2, 3, 4], 'DeepFloyd_I_XL_v1': [3, 3, 4], 'Midjourney_6': [3, 3, 4], 'SDXL_2_1': [2, 3, 4], 'SDXL_Base': [1, 2, 3], 'SDXL_Turbo': [2, 2, 5]}"
1532,"There are four roses in a clear glass vase, all of which are red, and all of which are not open.",24,1,24,3,3,3,1,"{'DALLE_3': [3, 2, 4], 'DeepFloyd_I_XL_v1': [3, 2, 4], 'Midjourney_6': [2, 2, 3], 'SDXL_2_1': [2, 2, 2], 'SDXL_Base': [2, 2, 3], 'SDXL_Turbo': [2, 2, 3]}"
1533,A tiger looks at an unopened can in distress.,10,1,11,1,2,1,0,"{'DALLE_3': [5, 4, 5], 'DeepFloyd_I_XL_v1': [4, 3, 4], 'Midjourney_6': [5, 5, 5], 'SDXL_2_1': [2, 3, 3], 'SDXL_Base': [4, 4, 4], 'SDXL_Turbo': [5, 5, 5]}"
1534,"Two cartoon mice are fighting over a loaf of bread that isn't mouldy, while other loaves of bread scattered next to it are mouldy.",27,1,30,3,6,5,1,"{'DALLE_3': [2, 3, 4], 'DeepFloyd_I_XL_v1': [2, 3, 3], 'Midjourney_6': [3, 4, 4], 'SDXL_2_1': [2, 2, 3], 'SDXL_Base': [3, 3, 3], 'SDXL_Turbo': [3, 3, 4]}"
1535,"A salesperson holds a pillow in each hand, and the pillow in the left hand looks softer than the one in the right.",25,1,27,2,7,2,0,"{'DALLE_3': [4, 4, 4], 'DeepFloyd_I_XL_v1': [2, 3, 3], 'Midjourney_6': [4, 3, 4], 'SDXL_2_1': [2, 2, 3], 'SDXL_Base': [1, 2, 3], 'SDXL_Turbo': [1, 1, 3]}"
1536,A group of students were happily playing in the classroom with no teacher at the podium.,17,1,17,0,5,2,1,"{'DALLE_3': [3, 3, 4], 'DeepFloyd_I_XL_v1': [4, 5, 5], 'Midjourney_6': [4, 5, 5], 'SDXL_2_1': [5, 3, 5], 'SDXL_Base': [5, 5, 5], 'SDXL_Turbo': [4, 2, 5]}"
1537,"A student pretends to be writing, yet he has no pen in his hand.",16,1,17,0,3,4,1,"{'DALLE_3': [3, 2, 4], 'DeepFloyd_I_XL_v1': [3, 2, 3], 'Midjourney_6': [3, 2, 3], 'SDXL_2_1': [3, 2, 4], 'SDXL_Base': [3, 2, 3], 'SDXL_Turbo': [3, 2, 3]}"
1538,"Three purple gemstones and one pink gemstone, with the pink gemstone having the smoothest looking surface",17,1,18,2,6,2,0,"{'DALLE_3': [3, 2, 3], 'DeepFloyd_I_XL_v1': [3, 2, 3], 'Midjourney_6': [4, 3, 4], 'SDXL_2_1': [2, 1, 2], 'SDXL_Base': [4, 3, 4], 'SDXL_Turbo': [2, 2, 3]}"
1539,"A studio with two girls in suits, the girl without a tie looks busier than the one with a tie.",22,1,23,2,6,1,0,"{'DALLE_3': [3, 3, 3], 'DeepFloyd_I_XL_v1': [4, 3, 3], 'Midjourney_6': [3, 3, 3], 'SDXL_2_1': [2, 3, 2], 'SDXL_Base': [3, 3, 3], 'SDXL_Turbo': [3, 3, 3]}"
1540,"There are two sets of boxes on the floor, one on the left is a paper box and the other on the right is a plastic box, and the paper boxes are arranged more neatly than the plastic boxes.",42,1,43,2,12,5,2,"{'DALLE_3': [3, 3, 3], 'DeepFloyd_I_XL_v1': [1, 2, 3], 'Midjourney_6': [1, 2, 3], 'SDXL_2_1': [1, 2, 3], 'SDXL_Base': [1, 2, 3], 'SDXL_Turbo': [1, 2, 3]}"
1541,It's raining outside the house and a mother is instructing her two children in their studies; the child without a hat is more frustrated than the one with a hat.,33,1,34,1,8,5,1,"{'DALLE_3': [4, 5, 4], 'DeepFloyd_I_XL_v1': [2, 3, 3], 'Midjourney_6': [3, 3, 5], 'SDXL_2_1': [1, 2, 3], 'SDXL_Base': [2, 3, 3], 'SDXL_Turbo': [3, 2, 4]}"
1542,"Two houses with gardens, the grass in the beige fenced yard looks sparser than in the orange fenced yard.",21,1,24,1,5,3,2,"{'DALLE_3': [4, 4, 5], 'DeepFloyd_I_XL_v1': [2, 2, 3], 'Midjourney_6': [2, 2, 2], 'SDXL_2_1': [2, 2, 3], 'SDXL_Base': [2, 2, 3], 'SDXL_Turbo': [2, 2, 3]}"
1543,A group of spring breakers all without hats.,9,1,9,0,4,0,0,"{'DALLE_3': [2, 2, 3], 'DeepFloyd_I_XL_v1': [2, 2, 4], 'Midjourney_6': [2, 2, 4], 'SDXL_2_1': [2, 4, 4], 'SDXL_Base': [3, 3, 4], 'SDXL_Turbo': [4, 5, 5]}"
1544,A farm where none of the lambs are standing up.,11,1,11,0,3,2,0,"{'DALLE_3': [2, 2, 3], 'DeepFloyd_I_XL_v1': [2, 2, 3], 'Midjourney_6': [2, 2, 3], 'SDXL_2_1': [2, 2, 3], 'SDXL_Base': [2, 2, 3], 'SDXL_Turbo': [2, 2, 3]}"
1545,A birthday party with all presents on the table unopened.,11,1,12,1,4,0,0,"{'DALLE_3': [4, 5, 5], 'DeepFloyd_I_XL_v1': [5, 5, 5], 'Midjourney_6': [3, 4, 3], 'SDXL_2_1': [3, 4, 4], 'SDXL_Base': [3, 5, 5], 'SDXL_Turbo': [3, 5, 4]}"
1546,"Three flowers in the meadow, with only the red rose blooming; the others are not open.",19,1,19,2,4,2,2,"{'DALLE_3': [3, 4, 4], 'DeepFloyd_I_XL_v1': [3, 4, 3], 'Midjourney_6': [3, 3, 4], 'SDXL_2_1': [2, 2, 3], 'SDXL_Base': [2, 2, 3], 'SDXL_Turbo': [2, 2, 3]}"
1547,A street where all the windows are shattered.,9,1,9,0,2,2,0,"{'DALLE_3': [5, 5, 5], 'DeepFloyd_I_XL_v1': [4, 4, 3], 'Midjourney_6': [3, 3, 4], 'SDXL_2_1': [5, 5, 5], 'SDXL_Base': [4, 4, 3], 'SDXL_Turbo': [3, 5, 3]}"
1548,A theatre in which no audience is sleeping.,9,1,9,0,2,2,0,"{'DALLE_3': [2, 3, 3], 'DeepFloyd_I_XL_v1': [5, 3, 2], 'Midjourney_6': [2, 2, 2], 'SDXL_2_1': [3, 2, 2], 'SDXL_Base': [3, 2, 2], 'SDXL_Turbo': [3, 2, 2]}"
1549,"On the subway, none of the passengers are playing with their phones.",14,1,14,0,4,2,0,"{'DALLE_3': [3, 2, 3], 'DeepFloyd_I_XL_v1': [3, 2, 3], 'Midjourney_6': [3, 2, 3], 'SDXL_2_1': [2, 2, 3], 'SDXL_Base': [3, 2, 3], 'SDXL_Turbo': [3, 2, 3]}"
1550,A hillside where all the trees are yellow.,9,1,9,1,2,1,0,"{'DALLE_3': [4, 4, 3], 'DeepFloyd_I_XL_v1': [4, 5, 3], 'Midjourney_6': [5, 5, 5], 'SDXL_2_1': [5, 3, 3], 'SDXL_Base': [5, 4, 5], 'SDXL_Turbo': [5, 4, 5]}"
1551,A swimming pool where all the athletes are outside of it.,12,1,12,0,3,1,0,"{'DALLE_3': [3, 3, 3], 'DeepFloyd_I_XL_v1': [3, 3, 3], 'Midjourney_6': [3, 2, 2], 'SDXL_2_1': [2, 4, 5], 'SDXL_Base': [3, 3, 3], 'SDXL_Turbo': [3, 3, 3]}"
1552,A little ant carrying a backpack bigger than itself.,10,1,10,3,1,1,0,"{'DALLE_3': [5, 5, 5], 'DeepFloyd_I_XL_v1': [3, 3, 4], 'Midjourney_6': [5, 5, 5], 'SDXL_2_1': [3, 3, 3], 'SDXL_Base': [3, 3, 3], 'SDXL_Turbo': [3, 3, 3]}"
1553,A small ant dragging a smaller one along.,9,1,9,2,2,1,0,"{'DALLE_3': [5, 3, 5], 'DeepFloyd_I_XL_v1': [4, 3, 4], 'Midjourney_6': [5, 3, 5], 'SDXL_2_1': [5, 4, 4], 'SDXL_Base': [2, 2, 4], 'SDXL_Turbo': [3, 3, 4]}"
1554,"There are many lights in the room, and all the lights that give off red light are round.",20,1,20,2,4,4,0,"{'DALLE_3': [4, 4, 5], 'DeepFloyd_I_XL_v1': [3, 4, 5], 'Midjourney_6': [4, 4, 5], 'SDXL_2_1': [4, 4, 5], 'SDXL_Base': [4, 4, 5], 'SDXL_Turbo': [4, 4, 5]}"
1555,A small child on a skateboard has messier hair than the person next to him.,16,1,17,3,4,1,0,"{'DALLE_3': [4, 5, 5], 'DeepFloyd_I_XL_v1': [4, 5, 5], 'Midjourney_6': [3, 3, 4], 'SDXL_2_1': [1, 3, 3], 'SDXL_Base': [2, 2, 3], 'SDXL_Turbo': [2, 3, 3]}"
1556,"Three pots of lavender sit on the balcony, with the driest soil in the middle.",17,1,18,1,6,0,0,"{'DALLE_3': [4, 4, 4], 'DeepFloyd_I_XL_v1': [4, 4, 4], 'Midjourney_6': [3, 2, 3], 'SDXL_2_1': [4, 4, 4], 'SDXL_Base': [3, 2, 3], 'SDXL_Turbo': [4, 4, 4]}"
1557,Two candles sit on a table; the one on the left is dimmer than the one on the right.,21,1,22,1,5,2,0,"{'DALLE_3': [5, 5, 4], 'DeepFloyd_I_XL_v1': [5, 5, 4], 'Midjourney_6': [3, 3, 4], 'SDXL_2_1': [4, 3, 4], 'SDXL_Base': [2, 3, 3], 'SDXL_Turbo': [3, 3, 4]}"
1558,Two piggy dolls are on display; the one on the left looks softer.,15,1,15,3,2,2,0,"{'DALLE_3': [3, 4, 4], 'DeepFloyd_I_XL_v1': [4, 5, 5], 'Midjourney_6': [3, 3, 4], 'SDXL_2_1': [4, 4, 5], 'SDXL_Base': [3, 3, 4], 'SDXL_Turbo': [3, 4, 5]}"
1559,"In the laundry room, there are three bins of clothes. The clothes in the bin on the washing machine are dirtier than those in the two bins on the ground.",33,2,34,1,10,2,0,"{'DALLE_3': [3, 3, 3], 'DeepFloyd_I_XL_v1': [3, 2, 3], 'Midjourney_6': [2, 3, 3], 'SDXL_2_1': [2, 2, 2], 'SDXL_Base': [2, 2, 2], 'SDXL_Turbo': [2, 2, 2]}"
1560,A mouse on a table is smaller than a mouse hanging on the left side of the table.,19,1,19,2,5,2,0,"{'DALLE_3': [2, 3, 1], 'DeepFloyd_I_XL_v1': [1, 2, 1], 'Midjourney_6': [1, 2, 1], 'SDXL_2_1': [1, 2, 1], 'SDXL_Base': [1, 2, 2], 'SDXL_Turbo': [1, 2, 1]}"
1561,A takeaway box has a richer pattern on it than a box of tissue paper packaging.,17,1,17,1,7,1,0,"{'DALLE_3': [1, 2, 3], 'DeepFloyd_I_XL_v1': [2, 2, 3], 'Midjourney_6': [1, 2, 3], 'SDXL_2_1': [1, 1, 2], 'SDXL_Base': [1, 1, 3], 'SDXL_Turbo': [1, 1, 3]}"
1562,A man with a bushy moustache looks calmer than a man without one.,14,1,16,2,3,1,0,"{'DALLE_3': [1, 1, 2], 'DeepFloyd_I_XL_v1': [1, 1, 2], 'Midjourney_6': [1, 1, 2], 'SDXL_2_1': [1, 1, 2], 'SDXL_Base': [1, 1, 2], 'SDXL_Turbo': [1, 1, 2]}"
1563,"An angrier frog sits on the steps, looking at a frog that is jumping up.",17,1,18,0,5,3,0,"{'DALLE_3': [2, 3, 3], 'DeepFloyd_I_XL_v1': [2, 3, 3], 'Midjourney_6': [2, 3, 3], 'SDXL_2_1': [2, 2, 2], 'SDXL_Base': [2, 2, 3], 'SDXL_Turbo': [2, 2, 2]}"
1564,A commercial street where the shops on the left look livelier than the shops on the right.,18,1,19,3,5,0,0,"{'DALLE_3': [4, 3, 5], 'DeepFloyd_I_XL_v1': [3, 3, 3], 'Midjourney_6': [3, 3, 4], 'SDXL_2_1': [3, 3, 3], 'SDXL_Base': [3, 3, 5], 'SDXL_Turbo': [3, 3, 5]}"
1565,An old man is using an iron; the jeans near him are less wrinkly than those further away.,20,1,21,3,3,3,2,"{'DALLE_3': [4, 5, 4], 'DeepFloyd_I_XL_v1': [1, 3, 3], 'Midjourney_6': [3, 3, 4], 'SDXL_2_1': [1, 2, 3], 'SDXL_Base': [1, 1, 2], 'SDXL_Turbo': [1, 1, 2]}"
1566,Two women are walking through an airport dragging suitcases; the one without earrings is dragging a much bulkier suitcase.,21,1,23,1,5,5,1,"{'DALLE_3': [4, 3, 3], 'DeepFloyd_I_XL_v1': [3, 4, 5], 'Midjourney_6': [3, 4, 4], 'SDXL_2_1': [3, 3, 5], 'SDXL_Base': [3, 3, 3], 'SDXL_Turbo': [3, 3, 4]}"
1567,A blackboard displays two curves; the pink one undulates more than the white one.,16,1,19,2,3,2,0,"{'DALLE_3': [2, 2, 3], 'DeepFloyd_I_XL_v1': [2, 2, 5], 'Midjourney_6': [2, 2, 4], 'SDXL_2_1': [1, 2, 3], 'SDXL_Base': [2, 1, 3], 'SDXL_Turbo': [1, 2, 3]}"
1568,"Three athletes are running on the track, and the one wearing a red headband is closer to the finish line.",22,1,22,2,4,4,1,"{'DALLE_3': [3, 3, 3], 'DeepFloyd_I_XL_v1': [5, 3, 5], 'Midjourney_6': [3, 3, 3], 'SDXL_2_1': [2, 2, 3], 'SDXL_Base': [2, 4, 3], 'SDXL_Turbo': [2, 4, 4]}"
1569,"A Teddy dog and a Persian cat are looking at a burning table, with the Teddy dog at a farther distance.",23,1,23,2,8,2,0,"{'DALLE_3': [3, 4, 3], 'DeepFloyd_I_XL_v1': [2, 3, 2], 'Midjourney_6': [3, 5, 4], 'SDXL_2_1': [2, 3, 3], 'SDXL_Base': [3, 3, 3], 'SDXL_Turbo': [3, 3, 3]}"
1570,"There are three apples on a table, and a child is touching the apple on the far right with his hand.",23,1,23,1,5,3,1,"{'DALLE_3': [2, 3, 3], 'DeepFloyd_I_XL_v1': [3, 4, 4], 'Midjourney_6': [2, 3, 2], 'SDXL_2_1': [2, 3, 2], 'SDXL_Base': [2, 2, 2], 'SDXL_Turbo': [2, 2, 2]}"
1571,"In the corner, there is a stack of books. The spine of the book at the bottom reads 'Watch Me'.",24,2,24,1,7,2,0,"{'DALLE_3': [5, 4, 3], 'DeepFloyd_I_XL_v1': [3, 3, 3], 'Midjourney_6': [3, 3, 4], 'SDXL_2_1': [1, 1, 3], 'SDXL_Base': [4, 4, 5], 'SDXL_Turbo': [3, 3, 3]}"
1572,"Three pandas are lying together, and the one in the middle is sneakily eating bamboo.",17,1,18,0,4,4,2,"{'DALLE_3': [4, 4, 5], 'DeepFloyd_I_XL_v1': [4, 4, 4], 'Midjourney_6': [4, 4, 4], 'SDXL_2_1': [3, 3, 4], 'SDXL_Base': [2, 2, 3], 'SDXL_Turbo': [2, 2, 3]}"
1573,"Three mugs are placed side by side; the two closest to the faucet each contain a toothbrush, while the one furthest away is empty.",27,1,28,4,5,3,1,"{'DALLE_3': [3, 3, 5], 'DeepFloyd_I_XL_v1': [2, 2, 3], 'Midjourney_6': [2, 3, 4], 'SDXL_2_1': [2, 2, 3], 'SDXL_Base': [1, 2, 3], 'SDXL_Turbo': [2, 3, 3]}"
1574,"Three people are sitting elegantly around a round table, each holding a cup of coffee.",17,1,18,0,5,3,1,"{'DALLE_3': [5, 3, 5], 'DeepFloyd_I_XL_v1': [5, 5, 5], 'Midjourney_6': [2, 3, 3], 'SDXL_2_1': [2, 3, 4], 'SDXL_Base': [5, 5, 5], 'SDXL_Turbo': [2, 4, 4]}"
1575,"In a conference room, everyone looks unenthusiastic.",9,1,10,1,3,1,0,"{'DALLE_3': [5, 5, 5], 'DeepFloyd_I_XL_v1': [4, 4, 4], 'Midjourney_6': [5, 5, 5], 'SDXL_2_1': [5, 5, 5], 'SDXL_Base': [5, 4, 5], 'SDXL_Turbo': [4, 4, 4]}"
1576,"In the gym, everyone is resting except for a child who is still running on the treadmill.",19,1,19,0,4,4,1,"{'DALLE_3': [3, 3, 3], 'DeepFloyd_I_XL_v1': [2, 4, 2], 'Midjourney_6': [1, 3, 2], 'SDXL_2_1': [2, 3, 3], 'SDXL_Base': [2, 3, 2], 'SDXL_Turbo': [2, 2, 2]}"
1577,"Two couples are walking out of a mall, each carrying shopping bags in their hands.",17,1,17,0,5,3,0,"{'DALLE_3': [5, 5, 4], 'DeepFloyd_I_XL_v1': [5, 5, 5], 'Midjourney_6': [3, 3, 4], 'SDXL_2_1': [3, 3, 3], 'SDXL_Base': [3, 4, 4], 'SDXL_Turbo': [5, 4, 5]}"
1578,"On a shelf in the supermarket, all the products are blue.",13,1,13,1,3,1,0,"{'DALLE_3': [5, 4, 5], 'DeepFloyd_I_XL_v1': [5, 5, 5], 'Midjourney_6': [5, 5, 5], 'SDXL_2_1': [4, 5, 5], 'SDXL_Base': [3, 3, 3], 'SDXL_Turbo': [3, 4, 3]}"
1579,"In a basket, there are many cauliflowers, all green except for the one in the middle, which is yellow.",23,1,24,3,3,2,0,"{'DALLE_3': [5, 5, 5], 'DeepFloyd_I_XL_v1': [3, 4, 3], 'Midjourney_6': [5, 5, 4], 'SDXL_2_1': [3, 3, 4], 'SDXL_Base': [3, 3, 3], 'SDXL_Turbo': [3, 3, 3]}"
1580,"A girl has three flower decorations in her hair, all of them daisies.",15,1,15,0,5,1,0,"{'DALLE_3': [3, 4, 4], 'DeepFloyd_I_XL_v1': [5, 5, 5], 'Midjourney_6': [3, 4, 4], 'SDXL_2_1': [3, 4, 4], 'SDXL_Base': [3, 3, 4], 'SDXL_Turbo': [3, 4, 4]}"
1581,A clothing store with all vintage styled clothes.,9,1,9,0,4,1,0,"{'DALLE_3': [5, 4, 5], 'DeepFloyd_I_XL_v1': [5, 4, 4], 'Midjourney_6': [4, 3, 3], 'SDXL_2_1': [4, 3, 4], 'SDXL_Base': [4, 3, 3], 'SDXL_Turbo': [4, 3, 3]}"
1582,"A duo of laptops rests on the desk, the old one open to a bustling social media feed while the other displays a serene nature wallpaper.",28,1,29,6,6,3,0,"{'DALLE_3': [3, 3, 2], 'DeepFloyd_I_XL_v1': [5, 5, 4], 'Midjourney_6': [3, 3, 5], 'SDXL_2_1': [2, 2, 2], 'SDXL_Base': [2, 2, 2], 'SDXL_Turbo': [3, 3, 3]}"
1583,"At the pet store, two puppies play together, one fluffy and white like cotton candy, the other sleek and black as midnight.",26,1,26,4,7,1,1,"{'DALLE_3': [5, 4, 5], 'DeepFloyd_I_XL_v1': [5, 5, 5], 'Midjourney_6': [5, 5, 5], 'SDXL_2_1': [5, 5, 5], 'SDXL_Base': [3, 3, 2], 'SDXL_Turbo': [3, 3, 2]}"
1584,"In the classroom, two students raise their hands eagerly, one wearing glasses and a striped sweater, the other in a plain T-shirt.",26,1,28,3,7,1,1,"{'DALLE_3': [5, 5, 5], 'DeepFloyd_I_XL_v1': [3, 3, 2], 'Midjourney_6': [3, 3, 2], 'SDXL_2_1': [2, 2, 2], 'SDXL_Base': [3, 3, 2], 'SDXL_Turbo': [2, 2, 2]}"
1585,"On the bookshelf, two novels stand side by side, one a thick fantasy epic with a dragon on the cover, the other a slim romance novel adorned with flowers.",33,1,33,2,12,2,0,"{'DALLE_3': [4, 4, 5], 'DeepFloyd_I_XL_v1': [3, 3, 2], 'Midjourney_6': [4, 4, 4], 'SDXL_2_1': [3, 3, 2], 'SDXL_Base': [2, 2, 2], 'SDXL_Turbo': [3, 3, 2]}"
1586,"A pair of sneakers lie by the door, one pristine white and laced neatly, the other scuffed and missing a lace.",24,1,26,2,6,3,1,"{'DALLE_3': [3, 3, 2], 'DeepFloyd_I_XL_v1': [3, 2, 2], 'Midjourney_6': [3, 3, 2], 'SDXL_2_1': [3, 2, 2], 'SDXL_Base': [3, 3, 2], 'SDXL_Turbo': [3, 3, 2]}"
1587,"In the art gallery, two paintings hang on the wall, one a vibrant abstract with splashes of color, the other a detailed landscape with intricate brushwork.",30,1,32,4,10,0,0,"{'DALLE_3': [2, 2, 2], 'DeepFloyd_I_XL_v1': [3, 3, 3], 'Midjourney_6': [3, 3, 3], 'SDXL_2_1': [3, 3, 2], 'SDXL_Base': [2, 2, 2], 'SDXL_Turbo': [3, 3, 3]}"
1588,"At the coffee shop, two muffins sit on the display, one studded with chocolate chips, the other bursting with juicy blueberries.",25,1,25,1,9,2,0,"{'DALLE_3': [4, 5, 5], 'DeepFloyd_I_XL_v1': [4, 4, 4], 'Midjourney_6': [3, 2, 2], 'SDXL_2_1': [3, 3, 3], 'SDXL_Base': [3, 3, 3], 'SDXL_Turbo': [4, 4, 4]}"
1589,"In the park, two squirrels chase each other, one with a fluffy tail waving behind it, the other with a sleeker tail darting through the trees.",30,1,32,3,6,3,0,"{'DALLE_3': [5, 5, 5], 'DeepFloyd_I_XL_v1': [4, 5, 5], 'Midjourney_6': [3, 3, 4], 'SDXL_2_1': [3, 3, 3], 'SDXL_Base': [3, 3, 5], 'SDXL_Turbo': [3, 3, 4]}"
1590,"On the beach, two surfboards lie in the sand, one adorned with bright tropical flowers, the other plain with a single bold stripe.",27,1,28,4,7,1,1,"{'DALLE_3': [4, 5, 3], 'DeepFloyd_I_XL_v1': [4, 3, 3], 'Midjourney_6': [4, 3, 4], 'SDXL_2_1': [3, 3, 3], 'SDXL_Base': [4, 4, 2], 'SDXL_Turbo': [4, 4, 3]}"
1591,"In the toy store, two teddy bears sit on the shelf, one wearing a bow tie and holding a tiny book, the other adorned with a flower crown and clutching a miniature guitar.",37,1,38,4,10,5,0,"{'DALLE_3': [3, 4, 2], 'DeepFloyd_I_XL_v1': [3, 3, 3], 'Midjourney_6': [5, 5, 5], 'SDXL_2_1': [3, 4, 2], 'SDXL_Base': [3, 4, 3], 'SDXL_Turbo': [3, 3, 3]}"
1592,"At the bakery, two cakes are on display, one towering with layers and intricate frosting designs, the other a simple sheet cake adorned with fresh fruit.",30,1,30,4,10,2,0,"{'DALLE_3': [5, 5, 5], 'DeepFloyd_I_XL_v1': [2, 3, 3], 'Midjourney_6': [2, 3, 3], 'SDXL_2_1': [2, 3, 3], 'SDXL_Base': [2, 3, 3], 'SDXL_Turbo': [3, 3, 3]}"
1593,"In the office, two coworkers chat by the water cooler, one dressed in a sharp suit and tie, the other in casual attire with a colorful scarf.",31,1,31,4,8,1,1,"{'DALLE_3': [5, 5, 5], 'DeepFloyd_I_XL_v1': [4, 4, 4], 'Midjourney_6': [5, 5, 5], 'SDXL_2_1': [2, 3, 4], 'SDXL_Base': [2, 3, 3], 'SDXL_Turbo': [2, 3, 4]}"
1594,A magical hat flies on top of a smaller magical hat.,12,1,12,3,3,1,0,"{'DALLE_3': [3, 4, 4], 'DeepFloyd_I_XL_v1': [3, 4, 4], 'Midjourney_6': [3, 4, 3], 'SDXL_2_1': [2, 3, 1], 'SDXL_Base': [3, 3, 5], 'SDXL_Turbo': [3, 3, 3]}"
1595,"Within the dragon's lair, two knights duel fiercely, one with red shoes wielding a sword wreathed in flames and the other one with black shoes wielding a shield adorned with celestial symbols.",36,1,37,4,10,4,2,"{'DALLE_3': [4, 4, 4], 'DeepFloyd_I_XL_v1': [3, 3, 3], 'Midjourney_6': [3, 4, 4], 'SDXL_2_1': [3, 2, 2], 'SDXL_Base': [3, 3, 3], 'SDXL_Turbo': [3, 3, 1]}"
1596,"The tallest building in the city lights up at night, while the shortest one remains in darkness.",19,1,19,2,5,2,0,"{'DALLE_3': [4, 5, 5], 'DeepFloyd_I_XL_v1': [3, 3, 4], 'Midjourney_6': [4, 5, 5], 'SDXL_2_1': [3, 5, 4], 'SDXL_Base': [4, 5, 4], 'SDXL_Turbo': [4, 5, 4]}"
1597,"In the race, the fastest car is painted red, and the slowest car is painted blue.",19,1,20,3,4,4,0,"{'DALLE_3': [5, 5, 3], 'DeepFloyd_I_XL_v1': [2, 2, 1], 'Midjourney_6': [5, 5, 5], 'SDXL_2_1': [2, 2, 3], 'SDXL_Base': [2, 2, 3], 'SDXL_Turbo': [3, 2, 3]}"
1598,"Two cats are sitting on the window sill, the one with the longer tail is sleeping.",18,1,18,1,5,4,0,"{'DALLE_3': [5, 3, 4], 'DeepFloyd_I_XL_v1': [3, 2, 3], 'Midjourney_6': [5, 5, 5], 'SDXL_2_1': [2, 3, 3], 'SDXL_Base': [3, 3, 3], 'SDXL_Turbo': [2, 2, 3]}"
1599,"Two people and two bicycles in the street, the bicycle with the larger wheels belongs to the taller person.",21,1,21,1,8,0,0,"{'DALLE_3': [5, 5, 5], 'DeepFloyd_I_XL_v1': [4, 4, 4], 'Midjourney_6': [2, 3, 2], 'SDXL_2_1': [2, 3, 2], 'SDXL_Base': [3, 3, 3], 'SDXL_Turbo': [2, 3, 3]}"
